[2026-01-12 14:52:33] local.ERROR: Exception occurred: Unable to locate a class or view for component [filament::grid]. {"exception":"[object] (InvalidArgumentException(code: 0): Unable to locate a class or view for component [filament::grid]. at D:\\Backend-game-topup\\web\\project\\vendor\\laravel\\framework\\src\\Illuminate\\View\\Compilers\\ComponentTagCompiler.php:315)
[stacktrace]
#0 D:\\Backend-game-topup\\web\\project\\vendor\\laravel\\framework\\src\\Illuminate\\View\\Compilers\\ComponentTagCompiler.php(235): Illuminate\\View\\Compilers\\ComponentTagCompiler->componentClass('filament::grid')
#1 D:\\Backend-game-topup\\web\\project\\vendor\\laravel\\framework\\src\\Illuminate\\View\\Compilers\\ComponentTagCompiler.php(156): Illuminate\\View\\Compilers\\ComponentTagCompiler->componentString('filament::grid', Array)
#2 [internal function]: Illuminate\\View\\Compilers\\ComponentTagCompiler->{closure:Illuminate\\View\\Compilers\\ComponentTagCompiler::compileOpeningTags():151}(Array)
#3 D:\\Backend-game-topup\\web\\project\\vendor\\laravel\\framework\\src\\Illuminate\\View\\Compilers\\ComponentTagCompiler.php(151): preg_replace_callback('/\\n            <...', Object(Closure), '<x-filament::gr...')
#4 D:\\Backend-game-topup\\web\\project\\vendor\\laravel\\framework\\src\\Illuminate\\View\\Compilers\\ComponentTagCompiler.php(90): Illuminate\\View\\Compilers\\ComponentTagCompiler->compileOpeningTags('<x-filament::gr...')
#5 D:\\Backend-game-topup\\web\\project\\vendor\\laravel\\framework\\src\\Illuminate\\View\\Compilers\\ComponentTagCompiler.php(76): Illuminate\\View\\Compilers\\ComponentTagCompiler->compileTags('<x-filament::gr...')
#6 D:\\Backend-game-topup\\web\\project\\vendor\\laravel\\framework\\src\\Illuminate\\View\\Compilers\\BladeCompiler.php(456): Illuminate\\View\\Compilers\\ComponentTagCompiler->compile('<x-filament::gr...')
#7 D:\\Backend-game-topup\\web\\project\\vendor\\laravel\\framework\\src\\Illuminate\\View\\Compilers\\BladeCompiler.php(288): Illuminate\\View\\Compilers\\BladeCompiler->compileComponentTags('<x-filament::gr...')
#8 D:\\Backend-game-topup\\web\\project\\vendor\\laravel\\framework\\src\\Illuminate\\View\\Compilers\\BladeCompiler.php(188): Illuminate\\View\\Compilers\\BladeCompiler->compileString('<x-filament::gr...')
#9 D:\\Backend-game-topup\\web\\project\\vendor\\laravel\\framework\\src\\Illuminate\\View\\Engines\\CompilerEngine.php(68): Illuminate\\View\\Compilers\\BladeCompiler->compile('D:\\\\Backend-game...')
#10 D:\\Backend-game-topup\\web\\project\\vendor\\livewire\\livewire\\src\\Mechanisms\\ExtendBlade\\ExtendedCompilerEngine.php(16): Illuminate\\View\\Engines\\CompilerEngine->get('D:\\\\Backend-game...', Array)
#11 D:\\Backend-game-topup\\web\\project\\vendor\\laravel\\framework\\src\\Illuminate\\View\\View.php(208): Livewire\\Mechanisms\\ExtendBlade\\ExtendedCompilerEngine->get('D:\\\\Backend-game...', Array)
#12 D:\\Backend-game-topup\\web\\project\\vendor\\laravel\\framework\\src\\Illuminate\\View\\View.php(191): Illuminate\\View\\View->getContents()
#13 D:\\Backend-game-topup\\web\\project\\vendor\\laravel\\framework\\src\\Illuminate\\View\\View.php(160): Illuminate\\View\\View->renderContents()
#14 D:\\Backend-game-topup\\web\\project\\vendor\\livewire\\livewire\\src\\Mechanisms\\HandleComponents\\HandleComponents.php(259): Illuminate\\View\\View->render(Object(Closure))
#15 D:\\Backend-game-topup\\web\\project\\vendor\\livewire\\livewire\\src\\Mechanisms\\HandleComponents\\HandleComponents.php(303): Livewire\\Mechanisms\\HandleComponents\\HandleComponents->{closure:Livewire\\Mechanisms\\HandleComponents\\HandleComponents::render():251}()
#16 D:\\Backend-game-topup\\web\\project\\vendor\\livewire\\livewire\\src\\Mechanisms\\HandleComponents\\HandleComponents.php(251): Livewire\\Mechanisms\\HandleComponents\\HandleComponents->trackInRenderStack(Object(App\\Filament\\Admin\\Pages\\Dashboard), Object(Closure))
#17 D:\\Backend-game-topup\\web\\project\\vendor\\livewire\\livewire\\src\\Mechanisms\\HandleComponents\\HandleComponents.php(54): Livewire\\Mechanisms\\HandleComponents\\HandleComponents->render(Object(App\\Filament\\Admin\\Pages\\Dashboard), '<div></div>')
#18 D:\\Backend-game-topup\\web\\project\\vendor\\livewire\\livewire\\src\\LivewireManager.php(73): Livewire\\Mechanisms\\HandleComponents\\HandleComponents->mount('App\\\\Filament\\\\Ad...', Array, NULL)
#19 D:\\Backend-game-topup\\web\\project\\vendor\\livewire\\livewire\\src\\Features\\SupportPageComponents\\HandlesPageComponents.php(17): Livewire\\LivewireManager->mount('App\\\\Filament\\\\Ad...', Array)
#20 D:\\Backend-game-topup\\web\\project\\vendor\\livewire\\livewire\\src\\Features\\SupportPageComponents\\SupportPageComponents.php(117): Livewire\\Component->{closure:Livewire\\Features\\SupportPageComponents\\HandlesPageComponents::__invoke():14}()
#21 D:\\Backend-game-topup\\web\\project\\vendor\\livewire\\livewire\\src\\Features\\SupportPageComponents\\HandlesPageComponents.php(14): Livewire\\Features\\SupportPageComponents\\SupportPageComponents::interceptTheRenderOfTheComponentAndRetreiveTheLayoutConfiguration(Object(Closure))
#22 D:\\Backend-game-topup\\web\\project\\vendor\\laravel\\framework\\src\\Illuminate\\Routing\\ControllerDispatcher.php(46): Livewire\\Component->__invoke()
#23 D:\\Backend-game-topup\\web\\project\\vendor\\laravel\\framework\\src\\Illuminate\\Routing\\Route.php(265): Illuminate\\Routing\\ControllerDispatcher->dispatch(Object(Illuminate\\Routing\\Route), Object(App\\Filament\\Admin\\Pages\\Dashboard), '__invoke')
#24 D:\\Backend-game-topup\\web\\project\\vendor\\laravel\\framework\\src\\Illuminate\\Routing\\Route.php(211): Illuminate\\Routing\\Route->runController()
#25 D:\\Backend-game-topup\\web\\project\\vendor\\laravel\\framework\\src\\Illuminate\\Routing\\Router.php(822): Illuminate\\Routing\\Route->run()
#26 D:\\Backend-game-topup\\web\\project\\vendor\\laravel\\framework\\src\\Illuminate\\Pipeline\\Pipeline.php(180): Illuminate\\Routing\\Router->{closure:Illuminate\\Routing\\Router::runRouteWithinStack():821}(Object(Illuminate\\Http\\Request))
#27 D:\\Backend-game-topup\\web\\project\\app\\Http\\Middleware\\CheckRole.php(22): Illuminate\\Pipeline\\Pipeline->{closure:Illuminate\\Pipeline\\Pipeline::prepareDestination():178}(Object(Illuminate\\Http\\Request))
#28 D:\\Backend-game-topup\\web\\project\\vendor\\laravel\\framework\\src\\Illuminate\\Pipeline\\Pipeline.php(219): App\\Http\\Middleware\\CheckRole->handle(Object(Illuminate\\Http\\Request), Object(Closure))
#29 D:\\Backend-game-topup\\web\\project\\vendor\\filament\\filament\\src\\Http\\Middleware\\DispatchServingFilamentEvent.php(15): Illuminate\\Pipeline\\Pipeline->{closure:{closure:Illuminate\\Pipeline\\Pipeline::carry():194}:195}(Object(Illuminate\\Http\\Request))
#30 D:\\Backend-game-topup\\web\\project\\vendor\\laravel\\framework\\src\\Illuminate\\Pipeline\\Pipeline.php(219): Filament\\Http\\Middleware\\DispatchServingFilamentEvent->handle(Object(Illuminate\\Http\\Request), Object(Closure))
#31 D:\\Backend-game-topup\\web\\project\\vendor\\filament\\filament\\src\\Http\\Middleware\\DisableBladeIconComponents.php(14): Illuminate\\Pipeline\\Pipeline->{closure:{closure:Illuminate\\Pipeline\\Pipeline::carry():194}:195}(Object(Illuminate\\Http\\Request))
#32 D:\\Backend-game-topup\\web\\project\\vendor\\laravel\\framework\\src\\Illuminate\\Pipeline\\Pipeline.php(219): Filament\\Http\\Middleware\\DisableBladeIconComponents->handle(Object(Illuminate\\Http\\Request), Object(Closure))
#33 D:\\Backend-game-topup\\web\\project\\vendor\\laravel\\framework\\src\\Illuminate\\Routing\\Middleware\\SubstituteBindings.php(50): Illuminate\\Pipeline\\Pipeline->{closure:{closure:Illuminate\\Pipeline\\Pipeline::carry():194}:195}(Object(Illuminate\\Http\\Request))
#34 D:\\Backend-game-topup\\web\\project\\vendor\\laravel\\framework\\src\\Illuminate\\Pipeline\\Pipeline.php(219): Illuminate\\Routing\\Middleware\\SubstituteBindings->handle(Object(Illuminate\\Http\\Request), Object(Closure))
#35 D:\\Backend-game-topup\\web\\project\\vendor\\laravel\\framework\\src\\Illuminate\\Foundation\\Http\\Middleware\\VerifyCsrfToken.php(87): Illuminate\\Pipeline\\Pipeline->{closure:{closure:Illuminate\\Pipeline\\Pipeline::carry():194}:195}(Object(Illuminate\\Http\\Request))
#36 D:\\Backend-game-topup\\web\\project\\vendor\\laravel\\framework\\src\\Illuminate\\Pipeline\\Pipeline.php(219): Illuminate\\Foundation\\Http\\Middleware\\VerifyCsrfToken->handle(Object(Illuminate\\Http\\Request), Object(Closure))
#37 D:\\Backend-game-topup\\web\\project\\vendor\\laravel\\framework\\src\\Illuminate\\Session\\Middleware\\AuthenticateSession.php(66): Illuminate\\Pipeline\\Pipeline->{closure:{closure:Illuminate\\Pipeline\\Pipeline::carry():194}:195}(Object(Illuminate\\Http\\Request))
#38 D:\\Backend-game-topup\\web\\project\\vendor\\laravel\\framework\\src\\Illuminate\\Pipeline\\Pipeline.php(219): Illuminate\\Session\\Middleware\\AuthenticateSession->handle(Object(Illuminate\\Http\\Request), Object(Closure))
#39 D:\\Backend-game-topup\\web\\project\\vendor\\laravel\\framework\\src\\Illuminate\\Auth\\Middleware\\Authenticate.php(63): Illuminate\\Pipeline\\Pipeline->{closure:{closure:Illuminate\\Pipeline\\Pipeline::carry():194}:195}(Object(Illuminate\\Http\\Request))
#40 D:\\Backend-game-topup\\web\\project\\vendor\\laravel\\framework\\src\\Illuminate\\Pipeline\\Pipeline.php(219): Illuminate\\Auth\\Middleware\\Authenticate->handle(Object(Illuminate\\Http\\Request), Object(Closure))
#41 D:\\Backend-game-topup\\web\\project\\vendor\\laravel\\framework\\src\\Illuminate\\View\\Middleware\\ShareErrorsFromSession.php(48): Illuminate\\Pipeline\\Pipeline->{closure:{closure:Illuminate\\Pipeline\\Pipeline::carry():194}:195}(Object(Illuminate\\Http\\Request))
#42 D:\\Backend-game-topup\\web\\project\\vendor\\laravel\\framework\\src\\Illuminate\\Pipeline\\Pipeline.php(219): Illuminate\\View\\Middleware\\ShareErrorsFromSession->handle(Object(Illuminate\\Http\\Request), Object(Closure))
#43 D:\\Backend-game-topup\\web\\project\\vendor\\laravel\\framework\\src\\Illuminate\\Session\\Middleware\\StartSession.php(120): Illuminate\\Pipeline\\Pipeline->{closure:{closure:Illuminate\\Pipeline\\Pipeline::carry():194}:195}(Object(Illuminate\\Http\\Request))
#44 D:\\Backend-game-topup\\web\\project\\vendor\\laravel\\framework\\src\\Illuminate\\Session\\Middleware\\StartSession.php(63): Illuminate\\Session\\Middleware\\StartSession->handleStatefulRequest(Object(Illuminate\\Http\\Request), Object(Illuminate\\Session\\EncryptedStore), Object(Closure))
#45 D:\\Backend-game-topup\\web\\project\\vendor\\laravel\\framework\\src\\Illuminate\\Pipeline\\Pipeline.php(219): Illuminate\\Session\\Middleware\\StartSession->handle(Object(Illuminate\\Http\\Request), Object(Closure))
#46 D:\\Backend-game-topup\\web\\project\\vendor\\laravel\\framework\\src\\Illuminate\\Cookie\\Middleware\\AddQueuedCookiesToResponse.php(36): Illuminate\\Pipeline\\Pipeline->{closure:{closure:Illuminate\\Pipeline\\Pipeline::carry():194}:195}(Object(Illuminate\\Http\\Request))
#47 D:\\Backend-game-topup\\web\\project\\vendor\\laravel\\framework\\src\\Illuminate\\Pipeline\\Pipeline.php(219): Illuminate\\Cookie\\Middleware\\AddQueuedCookiesToResponse->handle(Object(Illuminate\\Http\\Request), Object(Closure))
#48 D:\\Backend-game-topup\\web\\project\\vendor\\laravel\\framework\\src\\Illuminate\\Cookie\\Middleware\\EncryptCookies.php(74): Illuminate\\Pipeline\\Pipeline->{closure:{closure:Illuminate\\Pipeline\\Pipeline::carry():194}:195}(Object(Illuminate\\Http\\Request))
#49 D:\\Backend-game-topup\\web\\project\\vendor\\laravel\\framework\\src\\Illuminate\\Pipeline\\Pipeline.php(219): Illuminate\\Cookie\\Middleware\\EncryptCookies->handle(Object(Illuminate\\Http\\Request), Object(Closure))
#50 D:\\Backend-game-topup\\web\\project\\vendor\\filament\\filament\\src\\Http\\Middleware\\SetUpPanel.php(19): Illuminate\\Pipeline\\Pipeline->{closure:{closure:Illuminate\\Pipeline\\Pipeline::carry():194}:195}(Object(Illuminate\\Http\\Request))
#51 D:\\Backend-game-topup\\web\\project\\vendor\\laravel\\framework\\src\\Illuminate\\Pipeline\\Pipeline.php(219): Filament\\Http\\Middleware\\SetUpPanel->handle(Object(Illuminate\\Http\\Request), Object(Closure), Object(Filament\\Panel))
#52 D:\\Backend-game-topup\\web\\project\\vendor\\laravel\\framework\\src\\Illuminate\\Pipeline\\Pipeline.php(137): Illuminate\\Pipeline\\Pipeline->{closure:{closure:Illuminate\\Pipeline\\Pipeline::carry():194}:195}(Object(Illuminate\\Http\\Request))
#53 D:\\Backend-game-topup\\web\\project\\vendor\\laravel\\framework\\src\\Illuminate\\Routing\\Router.php(821): Illuminate\\Pipeline\\Pipeline->then(Object(Closure))
#54 D:\\Backend-game-topup\\web\\project\\vendor\\laravel\\framework\\src\\Illuminate\\Routing\\Router.php(800): Illuminate\\Routing\\Router->runRouteWithinStack(Object(Illuminate\\Routing\\Route), Object(Illuminate\\Http\\Request))
#55 D:\\Backend-game-topup\\web\\project\\vendor\\laravel\\framework\\src\\Illuminate\\Routing\\Router.php(764): Illuminate\\Routing\\Router->runRoute(Object(Illuminate\\Http\\Request), Object(Illuminate\\Routing\\Route))
#56 D:\\Backend-game-topup\\web\\project\\vendor\\laravel\\framework\\src\\Illuminate\\Routing\\Router.php(753): Illuminate\\Routing\\Router->dispatchToRoute(Object(Illuminate\\Http\\Request))
#57 D:\\Backend-game-topup\\web\\project\\vendor\\laravel\\framework\\src\\Illuminate\\Foundation\\Http\\Kernel.php(200): Illuminate\\Routing\\Router->dispatch(Object(Illuminate\\Http\\Request))
#58 D:\\Backend-game-topup\\web\\project\\vendor\\laravel\\framework\\src\\Illuminate\\Pipeline\\Pipeline.php(180): Illuminate\\Foundation\\Http\\Kernel->{closure:Illuminate\\Foundation\\Http\\Kernel::dispatchToRouter():197}(Object(Illuminate\\Http\\Request))
#59 D:\\Backend-game-topup\\web\\project\\vendor\\livewire\\livewire\\src\\Features\\SupportDisablingBackButtonCache\\DisableBackButtonCacheMiddleware.php(19): Illuminate\\Pipeline\\Pipeline->{closure:Illuminate\\Pipeline\\Pipeline::prepareDestination():178}(Object(Illuminate\\Http\\Request))
#60 D:\\Backend-game-topup\\web\\project\\vendor\\laravel\\framework\\src\\Illuminate\\Pipeline\\Pipeline.php(219): Livewire\\Features\\SupportDisablingBackButtonCache\\DisableBackButtonCacheMiddleware->handle(Object(Illuminate\\Http\\Request), Object(Closure))
#61 D:\\Backend-game-topup\\web\\project\\vendor\\laravel\\framework\\src\\Illuminate\\Foundation\\Http\\Middleware\\TransformsRequest.php(21): Illuminate\\Pipeline\\Pipeline->{closure:{closure:Illuminate\\Pipeline\\Pipeline::carry():194}:195}(Object(Illuminate\\Http\\Request))
#62 D:\\Backend-game-topup\\web\\project\\vendor\\laravel\\framework\\src\\Illuminate\\Foundation\\Http\\Middleware\\ConvertEmptyStringsToNull.php(31): Illuminate\\Foundation\\Http\\Middleware\\TransformsRequest->handle(Object(Illuminate\\Http\\Request), Object(Closure))
#63 D:\\Backend-game-topup\\web\\project\\vendor\\laravel\\framework\\src\\Illuminate\\Pipeline\\Pipeline.php(219): Illuminate\\Foundation\\Http\\Middleware\\ConvertEmptyStringsToNull->handle(Object(Illuminate\\Http\\Request), Object(Closure))
#64 D:\\Backend-game-topup\\web\\project\\vendor\\laravel\\framework\\src\\Illuminate\\Foundation\\Http\\Middleware\\TransformsRequest.php(21): Illuminate\\Pipeline\\Pipeline->{closure:{closure:Illuminate\\Pipeline\\Pipeline::carry():194}:195}(Object(Illuminate\\Http\\Request))
#65 D:\\Backend-game-topup\\web\\project\\vendor\\laravel\\framework\\src\\Illuminate\\Foundation\\Http\\Middleware\\TrimStrings.php(51): Illuminate\\Foundation\\Http\\Middleware\\TransformsRequest->handle(Object(Illuminate\\Http\\Request), Object(Closure))
#66 D:\\Backend-game-topup\\web\\project\\vendor\\laravel\\framework\\src\\Illuminate\\Pipeline\\Pipeline.php(219): Illuminate\\Foundation\\Http\\Middleware\\TrimStrings->handle(Object(Illuminate\\Http\\Request), Object(Closure))
#67 D:\\Backend-game-topup\\web\\project\\vendor\\laravel\\framework\\src\\Illuminate\\Http\\Middleware\\ValidatePostSize.php(27): Illuminate\\Pipeline\\Pipeline->{closure:{closure:Illuminate\\Pipeline\\Pipeline::carry():194}:195}(Object(Illuminate\\Http\\Request))
#68 D:\\Backend-game-topup\\web\\project\\vendor\\laravel\\framework\\src\\Illuminate\\Pipeline\\Pipeline.php(219): Illuminate\\Http\\Middleware\\ValidatePostSize->handle(Object(Illuminate\\Http\\Request), Object(Closure))
#69 D:\\Backend-game-topup\\web\\project\\vendor\\laravel\\framework\\src\\Illuminate\\Foundation\\Http\\Middleware\\PreventRequestsDuringMaintenance.php(109): Illuminate\\Pipeline\\Pipeline->{closure:{closure:Illuminate\\Pipeline\\Pipeline::carry():194}:195}(Object(Illuminate\\Http\\Request))
#70 D:\\Backend-game-topup\\web\\project\\vendor\\laravel\\framework\\src\\Illuminate\\Pipeline\\Pipeline.php(219): Illuminate\\Foundation\\Http\\Middleware\\PreventRequestsDuringMaintenance->handle(Object(Illuminate\\Http\\Request), Object(Closure))
#71 D:\\Backend-game-topup\\web\\project\\vendor\\laravel\\framework\\src\\Illuminate\\Http\\Middleware\\HandleCors.php(48): Illuminate\\Pipeline\\Pipeline->{closure:{closure:Illuminate\\Pipeline\\Pipeline::carry():194}:195}(Object(Illuminate\\Http\\Request))
#72 D:\\Backend-game-topup\\web\\project\\vendor\\laravel\\framework\\src\\Illuminate\\Pipeline\\Pipeline.php(219): Illuminate\\Http\\Middleware\\HandleCors->handle(Object(Illuminate\\Http\\Request), Object(Closure))
#73 D:\\Backend-game-topup\\web\\project\\vendor\\laravel\\framework\\src\\Illuminate\\Http\\Middleware\\TrustProxies.php(58): Illuminate\\Pipeline\\Pipeline->{closure:{closure:Illuminate\\Pipeline\\Pipeline::carry():194}:195}(Object(Illuminate\\Http\\Request))
#74 D:\\Backend-game-topup\\web\\project\\vendor\\laravel\\framework\\src\\Illuminate\\Pipeline\\Pipeline.php(219): Illuminate\\Http\\Middleware\\TrustProxies->handle(Object(Illuminate\\Http\\Request), Object(Closure))
#75 D:\\Backend-game-topup\\web\\project\\vendor\\laravel\\framework\\src\\Illuminate\\Http\\Middleware\\TrustHosts.php(78): Illuminate\\Pipeline\\Pipeline->{closure:{closure:Illuminate\\Pipeline\\Pipeline::carry():194}:195}(Object(Illuminate\\Http\\Request))
#76 D:\\Backend-game-topup\\web\\project\\vendor\\laravel\\framework\\src\\Illuminate\\Pipeline\\Pipeline.php(219): Illuminate\\Http\\Middleware\\TrustHosts->handle(Object(Illuminate\\Http\\Request), Object(Closure))
#77 D:\\Backend-game-topup\\web\\project\\vendor\\laravel\\framework\\src\\Illuminate\\Pipeline\\Pipeline.php(137): Illuminate\\Pipeline\\Pipeline->{closure:{closure:Illuminate\\Pipeline\\Pipeline::carry():194}:195}(Object(Illuminate\\Http\\Request))
#78 D:\\Backend-game-topup\\web\\project\\vendor\\laravel\\framework\\src\\Illuminate\\Foundation\\Http\\Kernel.php(175): Illuminate\\Pipeline\\Pipeline->then(Object(Closure))
#79 D:\\Backend-game-topup\\web\\project\\vendor\\laravel\\framework\\src\\Illuminate\\Foundation\\Http\\Kernel.php(144): Illuminate\\Foundation\\Http\\Kernel->sendRequestThroughRouter(Object(Illuminate\\Http\\Request))
#80 D:\\Backend-game-topup\\web\\project\\public\\index.php(51): Illuminate\\Foundation\\Http\\Kernel->handle(Object(Illuminate\\Http\\Request))
#81 D:\\Backend-game-topup\\web\\project\\server.php(21): require_once('D:\\\\Backend-game...')
#82 {main}
"} 
[2026-01-12 14:52:33] local.ERROR: Unable to locate a class or view for component [filament::grid]. {"userId":350,"exception":"[object] (InvalidArgumentException(code: 0): Unable to locate a class or view for component [filament::grid]. at D:\\Backend-game-topup\\web\\project\\vendor\\laravel\\framework\\src\\Illuminate\\View\\Compilers\\ComponentTagCompiler.php:315)
[stacktrace]
#0 D:\\Backend-game-topup\\web\\project\\vendor\\laravel\\framework\\src\\Illuminate\\View\\Compilers\\ComponentTagCompiler.php(235): Illuminate\\View\\Compilers\\ComponentTagCompiler->componentClass('filament::grid')
#1 D:\\Backend-game-topup\\web\\project\\vendor\\laravel\\framework\\src\\Illuminate\\View\\Compilers\\ComponentTagCompiler.php(156): Illuminate\\View\\Compilers\\ComponentTagCompiler->componentString('filament::grid', Array)
#2 [internal function]: Illuminate\\View\\Compilers\\ComponentTagCompiler->{closure:Illuminate\\View\\Compilers\\ComponentTagCompiler::compileOpeningTags():151}(Array)
#3 D:\\Backend-game-topup\\web\\project\\vendor\\laravel\\framework\\src\\Illuminate\\View\\Compilers\\ComponentTagCompiler.php(151): preg_replace_callback('/\\n            <...', Object(Closure), '<x-filament::gr...')
#4 D:\\Backend-game-topup\\web\\project\\vendor\\laravel\\framework\\src\\Illuminate\\View\\Compilers\\ComponentTagCompiler.php(90): Illuminate\\View\\Compilers\\ComponentTagCompiler->compileOpeningTags('<x-filament::gr...')
#5 D:\\Backend-game-topup\\web\\project\\vendor\\laravel\\framework\\src\\Illuminate\\View\\Compilers\\ComponentTagCompiler.php(76): Illuminate\\View\\Compilers\\ComponentTagCompiler->compileTags('<x-filament::gr...')
#6 D:\\Backend-game-topup\\web\\project\\vendor\\laravel\\framework\\src\\Illuminate\\View\\Compilers\\BladeCompiler.php(456): Illuminate\\View\\Compilers\\ComponentTagCompiler->compile('<x-filament::gr...')
#7 D:\\Backend-game-topup\\web\\project\\vendor\\laravel\\framework\\src\\Illuminate\\View\\Compilers\\BladeCompiler.php(288): Illuminate\\View\\Compilers\\BladeCompiler->compileComponentTags('<x-filament::gr...')
#8 D:\\Backend-game-topup\\web\\project\\vendor\\laravel\\framework\\src\\Illuminate\\View\\Compilers\\BladeCompiler.php(188): Illuminate\\View\\Compilers\\BladeCompiler->compileString('<x-filament::gr...')
#9 D:\\Backend-game-topup\\web\\project\\vendor\\laravel\\framework\\src\\Illuminate\\View\\Engines\\CompilerEngine.php(68): Illuminate\\View\\Compilers\\BladeCompiler->compile('D:\\\\Backend-game...')
#10 D:\\Backend-game-topup\\web\\project\\vendor\\livewire\\livewire\\src\\Mechanisms\\ExtendBlade\\ExtendedCompilerEngine.php(16): Illuminate\\View\\Engines\\CompilerEngine->get('D:\\\\Backend-game...', Array)
#11 D:\\Backend-game-topup\\web\\project\\vendor\\laravel\\framework\\src\\Illuminate\\View\\View.php(208): Livewire\\Mechanisms\\ExtendBlade\\ExtendedCompilerEngine->get('D:\\\\Backend-game...', Array)
#12 D:\\Backend-game-topup\\web\\project\\vendor\\laravel\\framework\\src\\Illuminate\\View\\View.php(191): Illuminate\\View\\View->getContents()
#13 D:\\Backend-game-topup\\web\\project\\vendor\\laravel\\framework\\src\\Illuminate\\View\\View.php(160): Illuminate\\View\\View->renderContents()
#14 D:\\Backend-game-topup\\web\\project\\vendor\\livewire\\livewire\\src\\Mechanisms\\HandleComponents\\HandleComponents.php(259): Illuminate\\View\\View->render(Object(Closure))
#15 D:\\Backend-game-topup\\web\\project\\vendor\\livewire\\livewire\\src\\Mechanisms\\HandleComponents\\HandleComponents.php(303): Livewire\\Mechanisms\\HandleComponents\\HandleComponents->{closure:Livewire\\Mechanisms\\HandleComponents\\HandleComponents::render():251}()
#16 D:\\Backend-game-topup\\web\\project\\vendor\\livewire\\livewire\\src\\Mechanisms\\HandleComponents\\HandleComponents.php(251): Livewire\\Mechanisms\\HandleComponents\\HandleComponents->trackInRenderStack(Object(App\\Filament\\Admin\\Pages\\Dashboard), Object(Closure))
#17 D:\\Backend-game-topup\\web\\project\\vendor\\livewire\\livewire\\src\\Mechanisms\\HandleComponents\\HandleComponents.php(54): Livewire\\Mechanisms\\HandleComponents\\HandleComponents->render(Object(App\\Filament\\Admin\\Pages\\Dashboard), '<div></div>')
#18 D:\\Backend-game-topup\\web\\project\\vendor\\livewire\\livewire\\src\\LivewireManager.php(73): Livewire\\Mechanisms\\HandleComponents\\HandleComponents->mount('App\\\\Filament\\\\Ad...', Array, NULL)
#19 D:\\Backend-game-topup\\web\\project\\vendor\\livewire\\livewire\\src\\Features\\SupportPageComponents\\HandlesPageComponents.php(17): Livewire\\LivewireManager->mount('App\\\\Filament\\\\Ad...', Array)
#20 D:\\Backend-game-topup\\web\\project\\vendor\\livewire\\livewire\\src\\Features\\SupportPageComponents\\SupportPageComponents.php(117): Livewire\\Component->{closure:Livewire\\Features\\SupportPageComponents\\HandlesPageComponents::__invoke():14}()
#21 D:\\Backend-game-topup\\web\\project\\vendor\\livewire\\livewire\\src\\Features\\SupportPageComponents\\HandlesPageComponents.php(14): Livewire\\Features\\SupportPageComponents\\SupportPageComponents::interceptTheRenderOfTheComponentAndRetreiveTheLayoutConfiguration(Object(Closure))
#22 D:\\Backend-game-topup\\web\\project\\vendor\\laravel\\framework\\src\\Illuminate\\Routing\\ControllerDispatcher.php(46): Livewire\\Component->__invoke()
#23 D:\\Backend-game-topup\\web\\project\\vendor\\laravel\\framework\\src\\Illuminate\\Routing\\Route.php(265): Illuminate\\Routing\\ControllerDispatcher->dispatch(Object(Illuminate\\Routing\\Route), Object(App\\Filament\\Admin\\Pages\\Dashboard), '__invoke')
#24 D:\\Backend-game-topup\\web\\project\\vendor\\laravel\\framework\\src\\Illuminate\\Routing\\Route.php(211): Illuminate\\Routing\\Route->runController()
#25 D:\\Backend-game-topup\\web\\project\\vendor\\laravel\\framework\\src\\Illuminate\\Routing\\Router.php(822): Illuminate\\Routing\\Route->run()
#26 D:\\Backend-game-topup\\web\\project\\vendor\\laravel\\framework\\src\\Illuminate\\Pipeline\\Pipeline.php(180): Illuminate\\Routing\\Router->{closure:Illuminate\\Routing\\Router::runRouteWithinStack():821}(Object(Illuminate\\Http\\Request))
#27 D:\\Backend-game-topup\\web\\project\\app\\Http\\Middleware\\CheckRole.php(22): Illuminate\\Pipeline\\Pipeline->{closure:Illuminate\\Pipeline\\Pipeline::prepareDestination():178}(Object(Illuminate\\Http\\Request))
#28 D:\\Backend-game-topup\\web\\project\\vendor\\laravel\\framework\\src\\Illuminate\\Pipeline\\Pipeline.php(219): App\\Http\\Middleware\\CheckRole->handle(Object(Illuminate\\Http\\Request), Object(Closure))
#29 D:\\Backend-game-topup\\web\\project\\vendor\\filament\\filament\\src\\Http\\Middleware\\DispatchServingFilamentEvent.php(15): Illuminate\\Pipeline\\Pipeline->{closure:{closure:Illuminate\\Pipeline\\Pipeline::carry():194}:195}(Object(Illuminate\\Http\\Request))
#30 D:\\Backend-game-topup\\web\\project\\vendor\\laravel\\framework\\src\\Illuminate\\Pipeline\\Pipeline.php(219): Filament\\Http\\Middleware\\DispatchServingFilamentEvent->handle(Object(Illuminate\\Http\\Request), Object(Closure))
#31 D:\\Backend-game-topup\\web\\project\\vendor\\filament\\filament\\src\\Http\\Middleware\\DisableBladeIconComponents.php(14): Illuminate\\Pipeline\\Pipeline->{closure:{closure:Illuminate\\Pipeline\\Pipeline::carry():194}:195}(Object(Illuminate\\Http\\Request))
#32 D:\\Backend-game-topup\\web\\project\\vendor\\laravel\\framework\\src\\Illuminate\\Pipeline\\Pipeline.php(219): Filament\\Http\\Middleware\\DisableBladeIconComponents->handle(Object(Illuminate\\Http\\Request), Object(Closure))
#33 D:\\Backend-game-topup\\web\\project\\vendor\\laravel\\framework\\src\\Illuminate\\Routing\\Middleware\\SubstituteBindings.php(50): Illuminate\\Pipeline\\Pipeline->{closure:{closure:Illuminate\\Pipeline\\Pipeline::carry():194}:195}(Object(Illuminate\\Http\\Request))
#34 D:\\Backend-game-topup\\web\\project\\vendor\\laravel\\framework\\src\\Illuminate\\Pipeline\\Pipeline.php(219): Illuminate\\Routing\\Middleware\\SubstituteBindings->handle(Object(Illuminate\\Http\\Request), Object(Closure))
#35 D:\\Backend-game-topup\\web\\project\\vendor\\laravel\\framework\\src\\Illuminate\\Foundation\\Http\\Middleware\\VerifyCsrfToken.php(87): Illuminate\\Pipeline\\Pipeline->{closure:{closure:Illuminate\\Pipeline\\Pipeline::carry():194}:195}(Object(Illuminate\\Http\\Request))
#36 D:\\Backend-game-topup\\web\\project\\vendor\\laravel\\framework\\src\\Illuminate\\Pipeline\\Pipeline.php(219): Illuminate\\Foundation\\Http\\Middleware\\VerifyCsrfToken->handle(Object(Illuminate\\Http\\Request), Object(Closure))
#37 D:\\Backend-game-topup\\web\\project\\vendor\\laravel\\framework\\src\\Illuminate\\Session\\Middleware\\AuthenticateSession.php(66): Illuminate\\Pipeline\\Pipeline->{closure:{closure:Illuminate\\Pipeline\\Pipeline::carry():194}:195}(Object(Illuminate\\Http\\Request))
#38 D:\\Backend-game-topup\\web\\project\\vendor\\laravel\\framework\\src\\Illuminate\\Pipeline\\Pipeline.php(219): Illuminate\\Session\\Middleware\\AuthenticateSession->handle(Object(Illuminate\\Http\\Request), Object(Closure))
#39 D:\\Backend-game-topup\\web\\project\\vendor\\laravel\\framework\\src\\Illuminate\\Auth\\Middleware\\Authenticate.php(63): Illuminate\\Pipeline\\Pipeline->{closure:{closure:Illuminate\\Pipeline\\Pipeline::carry():194}:195}(Object(Illuminate\\Http\\Request))
#40 D:\\Backend-game-topup\\web\\project\\vendor\\laravel\\framework\\src\\Illuminate\\Pipeline\\Pipeline.php(219): Illuminate\\Auth\\Middleware\\Authenticate->handle(Object(Illuminate\\Http\\Request), Object(Closure))
#41 D:\\Backend-game-topup\\web\\project\\vendor\\laravel\\framework\\src\\Illuminate\\View\\Middleware\\ShareErrorsFromSession.php(48): Illuminate\\Pipeline\\Pipeline->{closure:{closure:Illuminate\\Pipeline\\Pipeline::carry():194}:195}(Object(Illuminate\\Http\\Request))
#42 D:\\Backend-game-topup\\web\\project\\vendor\\laravel\\framework\\src\\Illuminate\\Pipeline\\Pipeline.php(219): Illuminate\\View\\Middleware\\ShareErrorsFromSession->handle(Object(Illuminate\\Http\\Request), Object(Closure))
#43 D:\\Backend-game-topup\\web\\project\\vendor\\laravel\\framework\\src\\Illuminate\\Session\\Middleware\\StartSession.php(120): Illuminate\\Pipeline\\Pipeline->{closure:{closure:Illuminate\\Pipeline\\Pipeline::carry():194}:195}(Object(Illuminate\\Http\\Request))
#44 D:\\Backend-game-topup\\web\\project\\vendor\\laravel\\framework\\src\\Illuminate\\Session\\Middleware\\StartSession.php(63): Illuminate\\Session\\Middleware\\StartSession->handleStatefulRequest(Object(Illuminate\\Http\\Request), Object(Illuminate\\Session\\EncryptedStore), Object(Closure))
#45 D:\\Backend-game-topup\\web\\project\\vendor\\laravel\\framework\\src\\Illuminate\\Pipeline\\Pipeline.php(219): Illuminate\\Session\\Middleware\\StartSession->handle(Object(Illuminate\\Http\\Request), Object(Closure))
#46 D:\\Backend-game-topup\\web\\project\\vendor\\laravel\\framework\\src\\Illuminate\\Cookie\\Middleware\\AddQueuedCookiesToResponse.php(36): Illuminate\\Pipeline\\Pipeline->{closure:{closure:Illuminate\\Pipeline\\Pipeline::carry():194}:195}(Object(Illuminate\\Http\\Request))
#47 D:\\Backend-game-topup\\web\\project\\vendor\\laravel\\framework\\src\\Illuminate\\Pipeline\\Pipeline.php(219): Illuminate\\Cookie\\Middleware\\AddQueuedCookiesToResponse->handle(Object(Illuminate\\Http\\Request), Object(Closure))
#48 D:\\Backend-game-topup\\web\\project\\vendor\\laravel\\framework\\src\\Illuminate\\Cookie\\Middleware\\EncryptCookies.php(74): Illuminate\\Pipeline\\Pipeline->{closure:{closure:Illuminate\\Pipeline\\Pipeline::carry():194}:195}(Object(Illuminate\\Http\\Request))
#49 D:\\Backend-game-topup\\web\\project\\vendor\\laravel\\framework\\src\\Illuminate\\Pipeline\\Pipeline.php(219): Illuminate\\Cookie\\Middleware\\EncryptCookies->handle(Object(Illuminate\\Http\\Request), Object(Closure))
#50 D:\\Backend-game-topup\\web\\project\\vendor\\filament\\filament\\src\\Http\\Middleware\\SetUpPanel.php(19): Illuminate\\Pipeline\\Pipeline->{closure:{closure:Illuminate\\Pipeline\\Pipeline::carry():194}:195}(Object(Illuminate\\Http\\Request))
#51 D:\\Backend-game-topup\\web\\project\\vendor\\laravel\\framework\\src\\Illuminate\\Pipeline\\Pipeline.php(219): Filament\\Http\\Middleware\\SetUpPanel->handle(Object(Illuminate\\Http\\Request), Object(Closure), Object(Filament\\Panel))
#52 D:\\Backend-game-topup\\web\\project\\vendor\\laravel\\framework\\src\\Illuminate\\Pipeline\\Pipeline.php(137): Illuminate\\Pipeline\\Pipeline->{closure:{closure:Illuminate\\Pipeline\\Pipeline::carry():194}:195}(Object(Illuminate\\Http\\Request))
#53 D:\\Backend-game-topup\\web\\project\\vendor\\laravel\\framework\\src\\Illuminate\\Routing\\Router.php(821): Illuminate\\Pipeline\\Pipeline->then(Object(Closure))
#54 D:\\Backend-game-topup\\web\\project\\vendor\\laravel\\framework\\src\\Illuminate\\Routing\\Router.php(800): Illuminate\\Routing\\Router->runRouteWithinStack(Object(Illuminate\\Routing\\Route), Object(Illuminate\\Http\\Request))
#55 D:\\Backend-game-topup\\web\\project\\vendor\\laravel\\framework\\src\\Illuminate\\Routing\\Router.php(764): Illuminate\\Routing\\Router->runRoute(Object(Illuminate\\Http\\Request), Object(Illuminate\\Routing\\Route))
#56 D:\\Backend-game-topup\\web\\project\\vendor\\laravel\\framework\\src\\Illuminate\\Routing\\Router.php(753): Illuminate\\Routing\\Router->dispatchToRoute(Object(Illuminate\\Http\\Request))
#57 D:\\Backend-game-topup\\web\\project\\vendor\\laravel\\framework\\src\\Illuminate\\Foundation\\Http\\Kernel.php(200): Illuminate\\Routing\\Router->dispatch(Object(Illuminate\\Http\\Request))
#58 D:\\Backend-game-topup\\web\\project\\vendor\\laravel\\framework\\src\\Illuminate\\Pipeline\\Pipeline.php(180): Illuminate\\Foundation\\Http\\Kernel->{closure:Illuminate\\Foundation\\Http\\Kernel::dispatchToRouter():197}(Object(Illuminate\\Http\\Request))
#59 D:\\Backend-game-topup\\web\\project\\vendor\\livewire\\livewire\\src\\Features\\SupportDisablingBackButtonCache\\DisableBackButtonCacheMiddleware.php(19): Illuminate\\Pipeline\\Pipeline->{closure:Illuminate\\Pipeline\\Pipeline::prepareDestination():178}(Object(Illuminate\\Http\\Request))
#60 D:\\Backend-game-topup\\web\\project\\vendor\\laravel\\framework\\src\\Illuminate\\Pipeline\\Pipeline.php(219): Livewire\\Features\\SupportDisablingBackButtonCache\\DisableBackButtonCacheMiddleware->handle(Object(Illuminate\\Http\\Request), Object(Closure))
#61 D:\\Backend-game-topup\\web\\project\\vendor\\laravel\\framework\\src\\Illuminate\\Foundation\\Http\\Middleware\\TransformsRequest.php(21): Illuminate\\Pipeline\\Pipeline->{closure:{closure:Illuminate\\Pipeline\\Pipeline::carry():194}:195}(Object(Illuminate\\Http\\Request))
#62 D:\\Backend-game-topup\\web\\project\\vendor\\laravel\\framework\\src\\Illuminate\\Foundation\\Http\\Middleware\\ConvertEmptyStringsToNull.php(31): Illuminate\\Foundation\\Http\\Middleware\\TransformsRequest->handle(Object(Illuminate\\Http\\Request), Object(Closure))
#63 D:\\Backend-game-topup\\web\\project\\vendor\\laravel\\framework\\src\\Illuminate\\Pipeline\\Pipeline.php(219): Illuminate\\Foundation\\Http\\Middleware\\ConvertEmptyStringsToNull->handle(Object(Illuminate\\Http\\Request), Object(Closure))
#64 D:\\Backend-game-topup\\web\\project\\vendor\\laravel\\framework\\src\\Illuminate\\Foundation\\Http\\Middleware\\TransformsRequest.php(21): Illuminate\\Pipeline\\Pipeline->{closure:{closure:Illuminate\\Pipeline\\Pipeline::carry():194}:195}(Object(Illuminate\\Http\\Request))
#65 D:\\Backend-game-topup\\web\\project\\vendor\\laravel\\framework\\src\\Illuminate\\Foundation\\Http\\Middleware\\TrimStrings.php(51): Illuminate\\Foundation\\Http\\Middleware\\TransformsRequest->handle(Object(Illuminate\\Http\\Request), Object(Closure))
#66 D:\\Backend-game-topup\\web\\project\\vendor\\laravel\\framework\\src\\Illuminate\\Pipeline\\Pipeline.php(219): Illuminate\\Foundation\\Http\\Middleware\\TrimStrings->handle(Object(Illuminate\\Http\\Request), Object(Closure))
#67 D:\\Backend-game-topup\\web\\project\\vendor\\laravel\\framework\\src\\Illuminate\\Http\\Middleware\\ValidatePostSize.php(27): Illuminate\\Pipeline\\Pipeline->{closure:{closure:Illuminate\\Pipeline\\Pipeline::carry():194}:195}(Object(Illuminate\\Http\\Request))
#68 D:\\Backend-game-topup\\web\\project\\vendor\\laravel\\framework\\src\\Illuminate\\Pipeline\\Pipeline.php(219): Illuminate\\Http\\Middleware\\ValidatePostSize->handle(Object(Illuminate\\Http\\Request), Object(Closure))
#69 D:\\Backend-game-topup\\web\\project\\vendor\\laravel\\framework\\src\\Illuminate\\Foundation\\Http\\Middleware\\PreventRequestsDuringMaintenance.php(109): Illuminate\\Pipeline\\Pipeline->{closure:{closure:Illuminate\\Pipeline\\Pipeline::carry():194}:195}(Object(Illuminate\\Http\\Request))
#70 D:\\Backend-game-topup\\web\\project\\vendor\\laravel\\framework\\src\\Illuminate\\Pipeline\\Pipeline.php(219): Illuminate\\Foundation\\Http\\Middleware\\PreventRequestsDuringMaintenance->handle(Object(Illuminate\\Http\\Request), Object(Closure))
#71 D:\\Backend-game-topup\\web\\project\\vendor\\laravel\\framework\\src\\Illuminate\\Http\\Middleware\\HandleCors.php(48): Illuminate\\Pipeline\\Pipeline->{closure:{closure:Illuminate\\Pipeline\\Pipeline::carry():194}:195}(Object(Illuminate\\Http\\Request))
#72 D:\\Backend-game-topup\\web\\project\\vendor\\laravel\\framework\\src\\Illuminate\\Pipeline\\Pipeline.php(219): Illuminate\\Http\\Middleware\\HandleCors->handle(Object(Illuminate\\Http\\Request), Object(Closure))
#73 D:\\Backend-game-topup\\web\\project\\vendor\\laravel\\framework\\src\\Illuminate\\Http\\Middleware\\TrustProxies.php(58): Illuminate\\Pipeline\\Pipeline->{closure:{closure:Illuminate\\Pipeline\\Pipeline::carry():194}:195}(Object(Illuminate\\Http\\Request))
#74 D:\\Backend-game-topup\\web\\project\\vendor\\laravel\\framework\\src\\Illuminate\\Pipeline\\Pipeline.php(219): Illuminate\\Http\\Middleware\\TrustProxies->handle(Object(Illuminate\\Http\\Request), Object(Closure))
#75 D:\\Backend-game-topup\\web\\project\\vendor\\laravel\\framework\\src\\Illuminate\\Http\\Middleware\\TrustHosts.php(78): Illuminate\\Pipeline\\Pipeline->{closure:{closure:Illuminate\\Pipeline\\Pipeline::carry():194}:195}(Object(Illuminate\\Http\\Request))
#76 D:\\Backend-game-topup\\web\\project\\vendor\\laravel\\framework\\src\\Illuminate\\Pipeline\\Pipeline.php(219): Illuminate\\Http\\Middleware\\TrustHosts->handle(Object(Illuminate\\Http\\Request), Object(Closure))
#77 D:\\Backend-game-topup\\web\\project\\vendor\\laravel\\framework\\src\\Illuminate\\Pipeline\\Pipeline.php(137): Illuminate\\Pipeline\\Pipeline->{closure:{closure:Illuminate\\Pipeline\\Pipeline::carry():194}:195}(Object(Illuminate\\Http\\Request))
#78 D:\\Backend-game-topup\\web\\project\\vendor\\laravel\\framework\\src\\Illuminate\\Foundation\\Http\\Kernel.php(175): Illuminate\\Pipeline\\Pipeline->then(Object(Closure))
#79 D:\\Backend-game-topup\\web\\project\\vendor\\laravel\\framework\\src\\Illuminate\\Foundation\\Http\\Kernel.php(144): Illuminate\\Foundation\\Http\\Kernel->sendRequestThroughRouter(Object(Illuminate\\Http\\Request))
#80 D:\\Backend-game-topup\\web\\project\\public\\index.php(51): Illuminate\\Foundation\\Http\\Kernel->handle(Object(Illuminate\\Http\\Request))
#81 D:\\Backend-game-topup\\web\\project\\server.php(21): require_once('D:\\\\Backend-game...')
#82 {main}
"} 
[2026-01-12 14:53:26] local.ERROR: Exception occurred: Unable to locate a class or view for component [filament::grid]. {"exception":"[object] (InvalidArgumentException(code: 0): Unable to locate a class or view for component [filament::grid]. at D:\\Backend-game-topup\\web\\project\\vendor\\laravel\\framework\\src\\Illuminate\\View\\Compilers\\ComponentTagCompiler.php:315)
[stacktrace]
#0 D:\\Backend-game-topup\\web\\project\\vendor\\laravel\\framework\\src\\Illuminate\\View\\Compilers\\ComponentTagCompiler.php(235): Illuminate\\View\\Compilers\\ComponentTagCompiler->componentClass('filament::grid')
#1 D:\\Backend-game-topup\\web\\project\\vendor\\laravel\\framework\\src\\Illuminate\\View\\Compilers\\ComponentTagCompiler.php(156): Illuminate\\View\\Compilers\\ComponentTagCompiler->componentString('filament::grid', Array)
#2 [internal function]: Illuminate\\View\\Compilers\\ComponentTagCompiler->{closure:Illuminate\\View\\Compilers\\ComponentTagCompiler::compileOpeningTags():151}(Array)
#3 D:\\Backend-game-topup\\web\\project\\vendor\\laravel\\framework\\src\\Illuminate\\View\\Compilers\\ComponentTagCompiler.php(151): preg_replace_callback('/\\n            <...', Object(Closure), '<x-filament-pan...')
#4 D:\\Backend-game-topup\\web\\project\\vendor\\laravel\\framework\\src\\Illuminate\\View\\Compilers\\ComponentTagCompiler.php(90): Illuminate\\View\\Compilers\\ComponentTagCompiler->compileOpeningTags('<x-filament-pan...')
#5 D:\\Backend-game-topup\\web\\project\\vendor\\laravel\\framework\\src\\Illuminate\\View\\Compilers\\ComponentTagCompiler.php(76): Illuminate\\View\\Compilers\\ComponentTagCompiler->compileTags('<x-filament-pan...')
#6 D:\\Backend-game-topup\\web\\project\\vendor\\laravel\\framework\\src\\Illuminate\\View\\Compilers\\BladeCompiler.php(456): Illuminate\\View\\Compilers\\ComponentTagCompiler->compile('<x-filament-pan...')
#7 D:\\Backend-game-topup\\web\\project\\vendor\\laravel\\framework\\src\\Illuminate\\View\\Compilers\\BladeCompiler.php(288): Illuminate\\View\\Compilers\\BladeCompiler->compileComponentTags('<x-filament-pan...')
#8 D:\\Backend-game-topup\\web\\project\\vendor\\laravel\\framework\\src\\Illuminate\\View\\Compilers\\BladeCompiler.php(188): Illuminate\\View\\Compilers\\BladeCompiler->compileString('<x-filament-pan...')
#9 D:\\Backend-game-topup\\web\\project\\vendor\\laravel\\framework\\src\\Illuminate\\View\\Engines\\CompilerEngine.php(68): Illuminate\\View\\Compilers\\BladeCompiler->compile('D:\\\\Backend-game...')
#10 D:\\Backend-game-topup\\web\\project\\vendor\\livewire\\livewire\\src\\Mechanisms\\ExtendBlade\\ExtendedCompilerEngine.php(16): Illuminate\\View\\Engines\\CompilerEngine->get('D:\\\\Backend-game...', Array)
#11 D:\\Backend-game-topup\\web\\project\\vendor\\laravel\\framework\\src\\Illuminate\\View\\View.php(208): Livewire\\Mechanisms\\ExtendBlade\\ExtendedCompilerEngine->get('D:\\\\Backend-game...', Array)
#12 D:\\Backend-game-topup\\web\\project\\vendor\\laravel\\framework\\src\\Illuminate\\View\\View.php(191): Illuminate\\View\\View->getContents()
#13 D:\\Backend-game-topup\\web\\project\\vendor\\laravel\\framework\\src\\Illuminate\\View\\View.php(160): Illuminate\\View\\View->renderContents()
#14 D:\\Backend-game-topup\\web\\project\\vendor\\livewire\\livewire\\src\\Mechanisms\\HandleComponents\\HandleComponents.php(259): Illuminate\\View\\View->render(Object(Closure))
#15 D:\\Backend-game-topup\\web\\project\\vendor\\livewire\\livewire\\src\\Mechanisms\\HandleComponents\\HandleComponents.php(303): Livewire\\Mechanisms\\HandleComponents\\HandleComponents->{closure:Livewire\\Mechanisms\\HandleComponents\\HandleComponents::render():251}()
#16 D:\\Backend-game-topup\\web\\project\\vendor\\livewire\\livewire\\src\\Mechanisms\\HandleComponents\\HandleComponents.php(251): Livewire\\Mechanisms\\HandleComponents\\HandleComponents->trackInRenderStack(Object(App\\Filament\\Admin\\Pages\\Dashboard), Object(Closure))
#17 D:\\Backend-game-topup\\web\\project\\vendor\\livewire\\livewire\\src\\Mechanisms\\HandleComponents\\HandleComponents.php(54): Livewire\\Mechanisms\\HandleComponents\\HandleComponents->render(Object(App\\Filament\\Admin\\Pages\\Dashboard), '<div></div>')
#18 D:\\Backend-game-topup\\web\\project\\vendor\\livewire\\livewire\\src\\LivewireManager.php(73): Livewire\\Mechanisms\\HandleComponents\\HandleComponents->mount('App\\\\Filament\\\\Ad...', Array, NULL)
#19 D:\\Backend-game-topup\\web\\project\\vendor\\livewire\\livewire\\src\\Features\\SupportPageComponents\\HandlesPageComponents.php(17): Livewire\\LivewireManager->mount('App\\\\Filament\\\\Ad...', Array)
#20 D:\\Backend-game-topup\\web\\project\\vendor\\livewire\\livewire\\src\\Features\\SupportPageComponents\\SupportPageComponents.php(117): Livewire\\Component->{closure:Livewire\\Features\\SupportPageComponents\\HandlesPageComponents::__invoke():14}()
#21 D:\\Backend-game-topup\\web\\project\\vendor\\livewire\\livewire\\src\\Features\\SupportPageComponents\\HandlesPageComponents.php(14): Livewire\\Features\\SupportPageComponents\\SupportPageComponents::interceptTheRenderOfTheComponentAndRetreiveTheLayoutConfiguration(Object(Closure))
#22 D:\\Backend-game-topup\\web\\project\\vendor\\laravel\\framework\\src\\Illuminate\\Routing\\ControllerDispatcher.php(46): Livewire\\Component->__invoke()
#23 D:\\Backend-game-topup\\web\\project\\vendor\\laravel\\framework\\src\\Illuminate\\Routing\\Route.php(265): Illuminate\\Routing\\ControllerDispatcher->dispatch(Object(Illuminate\\Routing\\Route), Object(App\\Filament\\Admin\\Pages\\Dashboard), '__invoke')
#24 D:\\Backend-game-topup\\web\\project\\vendor\\laravel\\framework\\src\\Illuminate\\Routing\\Route.php(211): Illuminate\\Routing\\Route->runController()
#25 D:\\Backend-game-topup\\web\\project\\vendor\\laravel\\framework\\src\\Illuminate\\Routing\\Router.php(822): Illuminate\\Routing\\Route->run()
#26 D:\\Backend-game-topup\\web\\project\\vendor\\laravel\\framework\\src\\Illuminate\\Pipeline\\Pipeline.php(180): Illuminate\\Routing\\Router->{closure:Illuminate\\Routing\\Router::runRouteWithinStack():821}(Object(Illuminate\\Http\\Request))
#27 D:\\Backend-game-topup\\web\\project\\app\\Http\\Middleware\\CheckRole.php(22): Illuminate\\Pipeline\\Pipeline->{closure:Illuminate\\Pipeline\\Pipeline::prepareDestination():178}(Object(Illuminate\\Http\\Request))
#28 D:\\Backend-game-topup\\web\\project\\vendor\\laravel\\framework\\src\\Illuminate\\Pipeline\\Pipeline.php(219): App\\Http\\Middleware\\CheckRole->handle(Object(Illuminate\\Http\\Request), Object(Closure))
#29 D:\\Backend-game-topup\\web\\project\\vendor\\filament\\filament\\src\\Http\\Middleware\\DispatchServingFilamentEvent.php(15): Illuminate\\Pipeline\\Pipeline->{closure:{closure:Illuminate\\Pipeline\\Pipeline::carry():194}:195}(Object(Illuminate\\Http\\Request))
#30 D:\\Backend-game-topup\\web\\project\\vendor\\laravel\\framework\\src\\Illuminate\\Pipeline\\Pipeline.php(219): Filament\\Http\\Middleware\\DispatchServingFilamentEvent->handle(Object(Illuminate\\Http\\Request), Object(Closure))
#31 D:\\Backend-game-topup\\web\\project\\vendor\\filament\\filament\\src\\Http\\Middleware\\DisableBladeIconComponents.php(14): Illuminate\\Pipeline\\Pipeline->{closure:{closure:Illuminate\\Pipeline\\Pipeline::carry():194}:195}(Object(Illuminate\\Http\\Request))
#32 D:\\Backend-game-topup\\web\\project\\vendor\\laravel\\framework\\src\\Illuminate\\Pipeline\\Pipeline.php(219): Filament\\Http\\Middleware\\DisableBladeIconComponents->handle(Object(Illuminate\\Http\\Request), Object(Closure))
#33 D:\\Backend-game-topup\\web\\project\\vendor\\laravel\\framework\\src\\Illuminate\\Routing\\Middleware\\SubstituteBindings.php(50): Illuminate\\Pipeline\\Pipeline->{closure:{closure:Illuminate\\Pipeline\\Pipeline::carry():194}:195}(Object(Illuminate\\Http\\Request))
#34 D:\\Backend-game-topup\\web\\project\\vendor\\laravel\\framework\\src\\Illuminate\\Pipeline\\Pipeline.php(219): Illuminate\\Routing\\Middleware\\SubstituteBindings->handle(Object(Illuminate\\Http\\Request), Object(Closure))
#35 D:\\Backend-game-topup\\web\\project\\vendor\\laravel\\framework\\src\\Illuminate\\Foundation\\Http\\Middleware\\VerifyCsrfToken.php(87): Illuminate\\Pipeline\\Pipeline->{closure:{closure:Illuminate\\Pipeline\\Pipeline::carry():194}:195}(Object(Illuminate\\Http\\Request))
#36 D:\\Backend-game-topup\\web\\project\\vendor\\laravel\\framework\\src\\Illuminate\\Pipeline\\Pipeline.php(219): Illuminate\\Foundation\\Http\\Middleware\\VerifyCsrfToken->handle(Object(Illuminate\\Http\\Request), Object(Closure))
#37 D:\\Backend-game-topup\\web\\project\\vendor\\laravel\\framework\\src\\Illuminate\\Session\\Middleware\\AuthenticateSession.php(66): Illuminate\\Pipeline\\Pipeline->{closure:{closure:Illuminate\\Pipeline\\Pipeline::carry():194}:195}(Object(Illuminate\\Http\\Request))
#38 D:\\Backend-game-topup\\web\\project\\vendor\\laravel\\framework\\src\\Illuminate\\Pipeline\\Pipeline.php(219): Illuminate\\Session\\Middleware\\AuthenticateSession->handle(Object(Illuminate\\Http\\Request), Object(Closure))
#39 D:\\Backend-game-topup\\web\\project\\vendor\\laravel\\framework\\src\\Illuminate\\Auth\\Middleware\\Authenticate.php(63): Illuminate\\Pipeline\\Pipeline->{closure:{closure:Illuminate\\Pipeline\\Pipeline::carry():194}:195}(Object(Illuminate\\Http\\Request))
#40 D:\\Backend-game-topup\\web\\project\\vendor\\laravel\\framework\\src\\Illuminate\\Pipeline\\Pipeline.php(219): Illuminate\\Auth\\Middleware\\Authenticate->handle(Object(Illuminate\\Http\\Request), Object(Closure))
#41 D:\\Backend-game-topup\\web\\project\\vendor\\laravel\\framework\\src\\Illuminate\\View\\Middleware\\ShareErrorsFromSession.php(48): Illuminate\\Pipeline\\Pipeline->{closure:{closure:Illuminate\\Pipeline\\Pipeline::carry():194}:195}(Object(Illuminate\\Http\\Request))
#42 D:\\Backend-game-topup\\web\\project\\vendor\\laravel\\framework\\src\\Illuminate\\Pipeline\\Pipeline.php(219): Illuminate\\View\\Middleware\\ShareErrorsFromSession->handle(Object(Illuminate\\Http\\Request), Object(Closure))
#43 D:\\Backend-game-topup\\web\\project\\vendor\\laravel\\framework\\src\\Illuminate\\Session\\Middleware\\StartSession.php(120): Illuminate\\Pipeline\\Pipeline->{closure:{closure:Illuminate\\Pipeline\\Pipeline::carry():194}:195}(Object(Illuminate\\Http\\Request))
#44 D:\\Backend-game-topup\\web\\project\\vendor\\laravel\\framework\\src\\Illuminate\\Session\\Middleware\\StartSession.php(63): Illuminate\\Session\\Middleware\\StartSession->handleStatefulRequest(Object(Illuminate\\Http\\Request), Object(Illuminate\\Session\\EncryptedStore), Object(Closure))
#45 D:\\Backend-game-topup\\web\\project\\vendor\\laravel\\framework\\src\\Illuminate\\Pipeline\\Pipeline.php(219): Illuminate\\Session\\Middleware\\StartSession->handle(Object(Illuminate\\Http\\Request), Object(Closure))
#46 D:\\Backend-game-topup\\web\\project\\vendor\\laravel\\framework\\src\\Illuminate\\Cookie\\Middleware\\AddQueuedCookiesToResponse.php(36): Illuminate\\Pipeline\\Pipeline->{closure:{closure:Illuminate\\Pipeline\\Pipeline::carry():194}:195}(Object(Illuminate\\Http\\Request))
#47 D:\\Backend-game-topup\\web\\project\\vendor\\laravel\\framework\\src\\Illuminate\\Pipeline\\Pipeline.php(219): Illuminate\\Cookie\\Middleware\\AddQueuedCookiesToResponse->handle(Object(Illuminate\\Http\\Request), Object(Closure))
#48 D:\\Backend-game-topup\\web\\project\\vendor\\laravel\\framework\\src\\Illuminate\\Cookie\\Middleware\\EncryptCookies.php(74): Illuminate\\Pipeline\\Pipeline->{closure:{closure:Illuminate\\Pipeline\\Pipeline::carry():194}:195}(Object(Illuminate\\Http\\Request))
#49 D:\\Backend-game-topup\\web\\project\\vendor\\laravel\\framework\\src\\Illuminate\\Pipeline\\Pipeline.php(219): Illuminate\\Cookie\\Middleware\\EncryptCookies->handle(Object(Illuminate\\Http\\Request), Object(Closure))
#50 D:\\Backend-game-topup\\web\\project\\vendor\\filament\\filament\\src\\Http\\Middleware\\SetUpPanel.php(19): Illuminate\\Pipeline\\Pipeline->{closure:{closure:Illuminate\\Pipeline\\Pipeline::carry():194}:195}(Object(Illuminate\\Http\\Request))
#51 D:\\Backend-game-topup\\web\\project\\vendor\\laravel\\framework\\src\\Illuminate\\Pipeline\\Pipeline.php(219): Filament\\Http\\Middleware\\SetUpPanel->handle(Object(Illuminate\\Http\\Request), Object(Closure), Object(Filament\\Panel))
#52 D:\\Backend-game-topup\\web\\project\\vendor\\laravel\\framework\\src\\Illuminate\\Pipeline\\Pipeline.php(137): Illuminate\\Pipeline\\Pipeline->{closure:{closure:Illuminate\\Pipeline\\Pipeline::carry():194}:195}(Object(Illuminate\\Http\\Request))
#53 D:\\Backend-game-topup\\web\\project\\vendor\\laravel\\framework\\src\\Illuminate\\Routing\\Router.php(821): Illuminate\\Pipeline\\Pipeline->then(Object(Closure))
#54 D:\\Backend-game-topup\\web\\project\\vendor\\laravel\\framework\\src\\Illuminate\\Routing\\Router.php(800): Illuminate\\Routing\\Router->runRouteWithinStack(Object(Illuminate\\Routing\\Route), Object(Illuminate\\Http\\Request))
#55 D:\\Backend-game-topup\\web\\project\\vendor\\laravel\\framework\\src\\Illuminate\\Routing\\Router.php(764): Illuminate\\Routing\\Router->runRoute(Object(Illuminate\\Http\\Request), Object(Illuminate\\Routing\\Route))
#56 D:\\Backend-game-topup\\web\\project\\vendor\\laravel\\framework\\src\\Illuminate\\Routing\\Router.php(753): Illuminate\\Routing\\Router->dispatchToRoute(Object(Illuminate\\Http\\Request))
#57 D:\\Backend-game-topup\\web\\project\\vendor\\laravel\\framework\\src\\Illuminate\\Foundation\\Http\\Kernel.php(200): Illuminate\\Routing\\Router->dispatch(Object(Illuminate\\Http\\Request))
#58 D:\\Backend-game-topup\\web\\project\\vendor\\laravel\\framework\\src\\Illuminate\\Pipeline\\Pipeline.php(180): Illuminate\\Foundation\\Http\\Kernel->{closure:Illuminate\\Foundation\\Http\\Kernel::dispatchToRouter():197}(Object(Illuminate\\Http\\Request))
#59 D:\\Backend-game-topup\\web\\project\\vendor\\livewire\\livewire\\src\\Features\\SupportDisablingBackButtonCache\\DisableBackButtonCacheMiddleware.php(19): Illuminate\\Pipeline\\Pipeline->{closure:Illuminate\\Pipeline\\Pipeline::prepareDestination():178}(Object(Illuminate\\Http\\Request))
#60 D:\\Backend-game-topup\\web\\project\\vendor\\laravel\\framework\\src\\Illuminate\\Pipeline\\Pipeline.php(219): Livewire\\Features\\SupportDisablingBackButtonCache\\DisableBackButtonCacheMiddleware->handle(Object(Illuminate\\Http\\Request), Object(Closure))
#61 D:\\Backend-game-topup\\web\\project\\vendor\\laravel\\framework\\src\\Illuminate\\Foundation\\Http\\Middleware\\TransformsRequest.php(21): Illuminate\\Pipeline\\Pipeline->{closure:{closure:Illuminate\\Pipeline\\Pipeline::carry():194}:195}(Object(Illuminate\\Http\\Request))
#62 D:\\Backend-game-topup\\web\\project\\vendor\\laravel\\framework\\src\\Illuminate\\Foundation\\Http\\Middleware\\ConvertEmptyStringsToNull.php(31): Illuminate\\Foundation\\Http\\Middleware\\TransformsRequest->handle(Object(Illuminate\\Http\\Request), Object(Closure))
#63 D:\\Backend-game-topup\\web\\project\\vendor\\laravel\\framework\\src\\Illuminate\\Pipeline\\Pipeline.php(219): Illuminate\\Foundation\\Http\\Middleware\\ConvertEmptyStringsToNull->handle(Object(Illuminate\\Http\\Request), Object(Closure))
#64 D:\\Backend-game-topup\\web\\project\\vendor\\laravel\\framework\\src\\Illuminate\\Foundation\\Http\\Middleware\\TransformsRequest.php(21): Illuminate\\Pipeline\\Pipeline->{closure:{closure:Illuminate\\Pipeline\\Pipeline::carry():194}:195}(Object(Illuminate\\Http\\Request))
#65 D:\\Backend-game-topup\\web\\project\\vendor\\laravel\\framework\\src\\Illuminate\\Foundation\\Http\\Middleware\\TrimStrings.php(51): Illuminate\\Foundation\\Http\\Middleware\\TransformsRequest->handle(Object(Illuminate\\Http\\Request), Object(Closure))
#66 D:\\Backend-game-topup\\web\\project\\vendor\\laravel\\framework\\src\\Illuminate\\Pipeline\\Pipeline.php(219): Illuminate\\Foundation\\Http\\Middleware\\TrimStrings->handle(Object(Illuminate\\Http\\Request), Object(Closure))
#67 D:\\Backend-game-topup\\web\\project\\vendor\\laravel\\framework\\src\\Illuminate\\Http\\Middleware\\ValidatePostSize.php(27): Illuminate\\Pipeline\\Pipeline->{closure:{closure:Illuminate\\Pipeline\\Pipeline::carry():194}:195}(Object(Illuminate\\Http\\Request))
#68 D:\\Backend-game-topup\\web\\project\\vendor\\laravel\\framework\\src\\Illuminate\\Pipeline\\Pipeline.php(219): Illuminate\\Http\\Middleware\\ValidatePostSize->handle(Object(Illuminate\\Http\\Request), Object(Closure))
#69 D:\\Backend-game-topup\\web\\project\\vendor\\laravel\\framework\\src\\Illuminate\\Foundation\\Http\\Middleware\\PreventRequestsDuringMaintenance.php(109): Illuminate\\Pipeline\\Pipeline->{closure:{closure:Illuminate\\Pipeline\\Pipeline::carry():194}:195}(Object(Illuminate\\Http\\Request))
#70 D:\\Backend-game-topup\\web\\project\\vendor\\laravel\\framework\\src\\Illuminate\\Pipeline\\Pipeline.php(219): Illuminate\\Foundation\\Http\\Middleware\\PreventRequestsDuringMaintenance->handle(Object(Illuminate\\Http\\Request), Object(Closure))
#71 D:\\Backend-game-topup\\web\\project\\vendor\\laravel\\framework\\src\\Illuminate\\Http\\Middleware\\HandleCors.php(48): Illuminate\\Pipeline\\Pipeline->{closure:{closure:Illuminate\\Pipeline\\Pipeline::carry():194}:195}(Object(Illuminate\\Http\\Request))
#72 D:\\Backend-game-topup\\web\\project\\vendor\\laravel\\framework\\src\\Illuminate\\Pipeline\\Pipeline.php(219): Illuminate\\Http\\Middleware\\HandleCors->handle(Object(Illuminate\\Http\\Request), Object(Closure))
#73 D:\\Backend-game-topup\\web\\project\\vendor\\laravel\\framework\\src\\Illuminate\\Http\\Middleware\\TrustProxies.php(58): Illuminate\\Pipeline\\Pipeline->{closure:{closure:Illuminate\\Pipeline\\Pipeline::carry():194}:195}(Object(Illuminate\\Http\\Request))
#74 D:\\Backend-game-topup\\web\\project\\vendor\\laravel\\framework\\src\\Illuminate\\Pipeline\\Pipeline.php(219): Illuminate\\Http\\Middleware\\TrustProxies->handle(Object(Illuminate\\Http\\Request), Object(Closure))
#75 D:\\Backend-game-topup\\web\\project\\vendor\\laravel\\framework\\src\\Illuminate\\Http\\Middleware\\TrustHosts.php(78): Illuminate\\Pipeline\\Pipeline->{closure:{closure:Illuminate\\Pipeline\\Pipeline::carry():194}:195}(Object(Illuminate\\Http\\Request))
#76 D:\\Backend-game-topup\\web\\project\\vendor\\laravel\\framework\\src\\Illuminate\\Pipeline\\Pipeline.php(219): Illuminate\\Http\\Middleware\\TrustHosts->handle(Object(Illuminate\\Http\\Request), Object(Closure))
#77 D:\\Backend-game-topup\\web\\project\\vendor\\laravel\\framework\\src\\Illuminate\\Pipeline\\Pipeline.php(137): Illuminate\\Pipeline\\Pipeline->{closure:{closure:Illuminate\\Pipeline\\Pipeline::carry():194}:195}(Object(Illuminate\\Http\\Request))
#78 D:\\Backend-game-topup\\web\\project\\vendor\\laravel\\framework\\src\\Illuminate\\Foundation\\Http\\Kernel.php(175): Illuminate\\Pipeline\\Pipeline->then(Object(Closure))
#79 D:\\Backend-game-topup\\web\\project\\vendor\\laravel\\framework\\src\\Illuminate\\Foundation\\Http\\Kernel.php(144): Illuminate\\Foundation\\Http\\Kernel->sendRequestThroughRouter(Object(Illuminate\\Http\\Request))
#80 D:\\Backend-game-topup\\web\\project\\public\\index.php(51): Illuminate\\Foundation\\Http\\Kernel->handle(Object(Illuminate\\Http\\Request))
#81 D:\\Backend-game-topup\\web\\project\\server.php(21): require_once('D:\\\\Backend-game...')
#82 {main}
"} 
[2026-01-12 14:53:26] local.ERROR: Unable to locate a class or view for component [filament::grid]. {"userId":350,"exception":"[object] (InvalidArgumentException(code: 0): Unable to locate a class or view for component [filament::grid]. at D:\\Backend-game-topup\\web\\project\\vendor\\laravel\\framework\\src\\Illuminate\\View\\Compilers\\ComponentTagCompiler.php:315)
[stacktrace]
#0 D:\\Backend-game-topup\\web\\project\\vendor\\laravel\\framework\\src\\Illuminate\\View\\Compilers\\ComponentTagCompiler.php(235): Illuminate\\View\\Compilers\\ComponentTagCompiler->componentClass('filament::grid')
#1 D:\\Backend-game-topup\\web\\project\\vendor\\laravel\\framework\\src\\Illuminate\\View\\Compilers\\ComponentTagCompiler.php(156): Illuminate\\View\\Compilers\\ComponentTagCompiler->componentString('filament::grid', Array)
#2 [internal function]: Illuminate\\View\\Compilers\\ComponentTagCompiler->{closure:Illuminate\\View\\Compilers\\ComponentTagCompiler::compileOpeningTags():151}(Array)
#3 D:\\Backend-game-topup\\web\\project\\vendor\\laravel\\framework\\src\\Illuminate\\View\\Compilers\\ComponentTagCompiler.php(151): preg_replace_callback('/\\n            <...', Object(Closure), '<x-filament-pan...')
#4 D:\\Backend-game-topup\\web\\project\\vendor\\laravel\\framework\\src\\Illuminate\\View\\Compilers\\ComponentTagCompiler.php(90): Illuminate\\View\\Compilers\\ComponentTagCompiler->compileOpeningTags('<x-filament-pan...')
#5 D:\\Backend-game-topup\\web\\project\\vendor\\laravel\\framework\\src\\Illuminate\\View\\Compilers\\ComponentTagCompiler.php(76): Illuminate\\View\\Compilers\\ComponentTagCompiler->compileTags('<x-filament-pan...')
#6 D:\\Backend-game-topup\\web\\project\\vendor\\laravel\\framework\\src\\Illuminate\\View\\Compilers\\BladeCompiler.php(456): Illuminate\\View\\Compilers\\ComponentTagCompiler->compile('<x-filament-pan...')
#7 D:\\Backend-game-topup\\web\\project\\vendor\\laravel\\framework\\src\\Illuminate\\View\\Compilers\\BladeCompiler.php(288): Illuminate\\View\\Compilers\\BladeCompiler->compileComponentTags('<x-filament-pan...')
#8 D:\\Backend-game-topup\\web\\project\\vendor\\laravel\\framework\\src\\Illuminate\\View\\Compilers\\BladeCompiler.php(188): Illuminate\\View\\Compilers\\BladeCompiler->compileString('<x-filament-pan...')
#9 D:\\Backend-game-topup\\web\\project\\vendor\\laravel\\framework\\src\\Illuminate\\View\\Engines\\CompilerEngine.php(68): Illuminate\\View\\Compilers\\BladeCompiler->compile('D:\\\\Backend-game...')
#10 D:\\Backend-game-topup\\web\\project\\vendor\\livewire\\livewire\\src\\Mechanisms\\ExtendBlade\\ExtendedCompilerEngine.php(16): Illuminate\\View\\Engines\\CompilerEngine->get('D:\\\\Backend-game...', Array)
#11 D:\\Backend-game-topup\\web\\project\\vendor\\laravel\\framework\\src\\Illuminate\\View\\View.php(208): Livewire\\Mechanisms\\ExtendBlade\\ExtendedCompilerEngine->get('D:\\\\Backend-game...', Array)
#12 D:\\Backend-game-topup\\web\\project\\vendor\\laravel\\framework\\src\\Illuminate\\View\\View.php(191): Illuminate\\View\\View->getContents()
#13 D:\\Backend-game-topup\\web\\project\\vendor\\laravel\\framework\\src\\Illuminate\\View\\View.php(160): Illuminate\\View\\View->renderContents()
#14 D:\\Backend-game-topup\\web\\project\\vendor\\livewire\\livewire\\src\\Mechanisms\\HandleComponents\\HandleComponents.php(259): Illuminate\\View\\View->render(Object(Closure))
#15 D:\\Backend-game-topup\\web\\project\\vendor\\livewire\\livewire\\src\\Mechanisms\\HandleComponents\\HandleComponents.php(303): Livewire\\Mechanisms\\HandleComponents\\HandleComponents->{closure:Livewire\\Mechanisms\\HandleComponents\\HandleComponents::render():251}()
#16 D:\\Backend-game-topup\\web\\project\\vendor\\livewire\\livewire\\src\\Mechanisms\\HandleComponents\\HandleComponents.php(251): Livewire\\Mechanisms\\HandleComponents\\HandleComponents->trackInRenderStack(Object(App\\Filament\\Admin\\Pages\\Dashboard), Object(Closure))
#17 D:\\Backend-game-topup\\web\\project\\vendor\\livewire\\livewire\\src\\Mechanisms\\HandleComponents\\HandleComponents.php(54): Livewire\\Mechanisms\\HandleComponents\\HandleComponents->render(Object(App\\Filament\\Admin\\Pages\\Dashboard), '<div></div>')
#18 D:\\Backend-game-topup\\web\\project\\vendor\\livewire\\livewire\\src\\LivewireManager.php(73): Livewire\\Mechanisms\\HandleComponents\\HandleComponents->mount('App\\\\Filament\\\\Ad...', Array, NULL)
#19 D:\\Backend-game-topup\\web\\project\\vendor\\livewire\\livewire\\src\\Features\\SupportPageComponents\\HandlesPageComponents.php(17): Livewire\\LivewireManager->mount('App\\\\Filament\\\\Ad...', Array)
#20 D:\\Backend-game-topup\\web\\project\\vendor\\livewire\\livewire\\src\\Features\\SupportPageComponents\\SupportPageComponents.php(117): Livewire\\Component->{closure:Livewire\\Features\\SupportPageComponents\\HandlesPageComponents::__invoke():14}()
#21 D:\\Backend-game-topup\\web\\project\\vendor\\livewire\\livewire\\src\\Features\\SupportPageComponents\\HandlesPageComponents.php(14): Livewire\\Features\\SupportPageComponents\\SupportPageComponents::interceptTheRenderOfTheComponentAndRetreiveTheLayoutConfiguration(Object(Closure))
#22 D:\\Backend-game-topup\\web\\project\\vendor\\laravel\\framework\\src\\Illuminate\\Routing\\ControllerDispatcher.php(46): Livewire\\Component->__invoke()
#23 D:\\Backend-game-topup\\web\\project\\vendor\\laravel\\framework\\src\\Illuminate\\Routing\\Route.php(265): Illuminate\\Routing\\ControllerDispatcher->dispatch(Object(Illuminate\\Routing\\Route), Object(App\\Filament\\Admin\\Pages\\Dashboard), '__invoke')
#24 D:\\Backend-game-topup\\web\\project\\vendor\\laravel\\framework\\src\\Illuminate\\Routing\\Route.php(211): Illuminate\\Routing\\Route->runController()
#25 D:\\Backend-game-topup\\web\\project\\vendor\\laravel\\framework\\src\\Illuminate\\Routing\\Router.php(822): Illuminate\\Routing\\Route->run()
#26 D:\\Backend-game-topup\\web\\project\\vendor\\laravel\\framework\\src\\Illuminate\\Pipeline\\Pipeline.php(180): Illuminate\\Routing\\Router->{closure:Illuminate\\Routing\\Router::runRouteWithinStack():821}(Object(Illuminate\\Http\\Request))
#27 D:\\Backend-game-topup\\web\\project\\app\\Http\\Middleware\\CheckRole.php(22): Illuminate\\Pipeline\\Pipeline->{closure:Illuminate\\Pipeline\\Pipeline::prepareDestination():178}(Object(Illuminate\\Http\\Request))
#28 D:\\Backend-game-topup\\web\\project\\vendor\\laravel\\framework\\src\\Illuminate\\Pipeline\\Pipeline.php(219): App\\Http\\Middleware\\CheckRole->handle(Object(Illuminate\\Http\\Request), Object(Closure))
#29 D:\\Backend-game-topup\\web\\project\\vendor\\filament\\filament\\src\\Http\\Middleware\\DispatchServingFilamentEvent.php(15): Illuminate\\Pipeline\\Pipeline->{closure:{closure:Illuminate\\Pipeline\\Pipeline::carry():194}:195}(Object(Illuminate\\Http\\Request))
#30 D:\\Backend-game-topup\\web\\project\\vendor\\laravel\\framework\\src\\Illuminate\\Pipeline\\Pipeline.php(219): Filament\\Http\\Middleware\\DispatchServingFilamentEvent->handle(Object(Illuminate\\Http\\Request), Object(Closure))
#31 D:\\Backend-game-topup\\web\\project\\vendor\\filament\\filament\\src\\Http\\Middleware\\DisableBladeIconComponents.php(14): Illuminate\\Pipeline\\Pipeline->{closure:{closure:Illuminate\\Pipeline\\Pipeline::carry():194}:195}(Object(Illuminate\\Http\\Request))
#32 D:\\Backend-game-topup\\web\\project\\vendor\\laravel\\framework\\src\\Illuminate\\Pipeline\\Pipeline.php(219): Filament\\Http\\Middleware\\DisableBladeIconComponents->handle(Object(Illuminate\\Http\\Request), Object(Closure))
#33 D:\\Backend-game-topup\\web\\project\\vendor\\laravel\\framework\\src\\Illuminate\\Routing\\Middleware\\SubstituteBindings.php(50): Illuminate\\Pipeline\\Pipeline->{closure:{closure:Illuminate\\Pipeline\\Pipeline::carry():194}:195}(Object(Illuminate\\Http\\Request))
#34 D:\\Backend-game-topup\\web\\project\\vendor\\laravel\\framework\\src\\Illuminate\\Pipeline\\Pipeline.php(219): Illuminate\\Routing\\Middleware\\SubstituteBindings->handle(Object(Illuminate\\Http\\Request), Object(Closure))
#35 D:\\Backend-game-topup\\web\\project\\vendor\\laravel\\framework\\src\\Illuminate\\Foundation\\Http\\Middleware\\VerifyCsrfToken.php(87): Illuminate\\Pipeline\\Pipeline->{closure:{closure:Illuminate\\Pipeline\\Pipeline::carry():194}:195}(Object(Illuminate\\Http\\Request))
#36 D:\\Backend-game-topup\\web\\project\\vendor\\laravel\\framework\\src\\Illuminate\\Pipeline\\Pipeline.php(219): Illuminate\\Foundation\\Http\\Middleware\\VerifyCsrfToken->handle(Object(Illuminate\\Http\\Request), Object(Closure))
#37 D:\\Backend-game-topup\\web\\project\\vendor\\laravel\\framework\\src\\Illuminate\\Session\\Middleware\\AuthenticateSession.php(66): Illuminate\\Pipeline\\Pipeline->{closure:{closure:Illuminate\\Pipeline\\Pipeline::carry():194}:195}(Object(Illuminate\\Http\\Request))
#38 D:\\Backend-game-topup\\web\\project\\vendor\\laravel\\framework\\src\\Illuminate\\Pipeline\\Pipeline.php(219): Illuminate\\Session\\Middleware\\AuthenticateSession->handle(Object(Illuminate\\Http\\Request), Object(Closure))
#39 D:\\Backend-game-topup\\web\\project\\vendor\\laravel\\framework\\src\\Illuminate\\Auth\\Middleware\\Authenticate.php(63): Illuminate\\Pipeline\\Pipeline->{closure:{closure:Illuminate\\Pipeline\\Pipeline::carry():194}:195}(Object(Illuminate\\Http\\Request))
#40 D:\\Backend-game-topup\\web\\project\\vendor\\laravel\\framework\\src\\Illuminate\\Pipeline\\Pipeline.php(219): Illuminate\\Auth\\Middleware\\Authenticate->handle(Object(Illuminate\\Http\\Request), Object(Closure))
#41 D:\\Backend-game-topup\\web\\project\\vendor\\laravel\\framework\\src\\Illuminate\\View\\Middleware\\ShareErrorsFromSession.php(48): Illuminate\\Pipeline\\Pipeline->{closure:{closure:Illuminate\\Pipeline\\Pipeline::carry():194}:195}(Object(Illuminate\\Http\\Request))
#42 D:\\Backend-game-topup\\web\\project\\vendor\\laravel\\framework\\src\\Illuminate\\Pipeline\\Pipeline.php(219): Illuminate\\View\\Middleware\\ShareErrorsFromSession->handle(Object(Illuminate\\Http\\Request), Object(Closure))
#43 D:\\Backend-game-topup\\web\\project\\vendor\\laravel\\framework\\src\\Illuminate\\Session\\Middleware\\StartSession.php(120): Illuminate\\Pipeline\\Pipeline->{closure:{closure:Illuminate\\Pipeline\\Pipeline::carry():194}:195}(Object(Illuminate\\Http\\Request))
#44 D:\\Backend-game-topup\\web\\project\\vendor\\laravel\\framework\\src\\Illuminate\\Session\\Middleware\\StartSession.php(63): Illuminate\\Session\\Middleware\\StartSession->handleStatefulRequest(Object(Illuminate\\Http\\Request), Object(Illuminate\\Session\\EncryptedStore), Object(Closure))
#45 D:\\Backend-game-topup\\web\\project\\vendor\\laravel\\framework\\src\\Illuminate\\Pipeline\\Pipeline.php(219): Illuminate\\Session\\Middleware\\StartSession->handle(Object(Illuminate\\Http\\Request), Object(Closure))
#46 D:\\Backend-game-topup\\web\\project\\vendor\\laravel\\framework\\src\\Illuminate\\Cookie\\Middleware\\AddQueuedCookiesToResponse.php(36): Illuminate\\Pipeline\\Pipeline->{closure:{closure:Illuminate\\Pipeline\\Pipeline::carry():194}:195}(Object(Illuminate\\Http\\Request))
#47 D:\\Backend-game-topup\\web\\project\\vendor\\laravel\\framework\\src\\Illuminate\\Pipeline\\Pipeline.php(219): Illuminate\\Cookie\\Middleware\\AddQueuedCookiesToResponse->handle(Object(Illuminate\\Http\\Request), Object(Closure))
#48 D:\\Backend-game-topup\\web\\project\\vendor\\laravel\\framework\\src\\Illuminate\\Cookie\\Middleware\\EncryptCookies.php(74): Illuminate\\Pipeline\\Pipeline->{closure:{closure:Illuminate\\Pipeline\\Pipeline::carry():194}:195}(Object(Illuminate\\Http\\Request))
#49 D:\\Backend-game-topup\\web\\project\\vendor\\laravel\\framework\\src\\Illuminate\\Pipeline\\Pipeline.php(219): Illuminate\\Cookie\\Middleware\\EncryptCookies->handle(Object(Illuminate\\Http\\Request), Object(Closure))
#50 D:\\Backend-game-topup\\web\\project\\vendor\\filament\\filament\\src\\Http\\Middleware\\SetUpPanel.php(19): Illuminate\\Pipeline\\Pipeline->{closure:{closure:Illuminate\\Pipeline\\Pipeline::carry():194}:195}(Object(Illuminate\\Http\\Request))
#51 D:\\Backend-game-topup\\web\\project\\vendor\\laravel\\framework\\src\\Illuminate\\Pipeline\\Pipeline.php(219): Filament\\Http\\Middleware\\SetUpPanel->handle(Object(Illuminate\\Http\\Request), Object(Closure), Object(Filament\\Panel))
#52 D:\\Backend-game-topup\\web\\project\\vendor\\laravel\\framework\\src\\Illuminate\\Pipeline\\Pipeline.php(137): Illuminate\\Pipeline\\Pipeline->{closure:{closure:Illuminate\\Pipeline\\Pipeline::carry():194}:195}(Object(Illuminate\\Http\\Request))
#53 D:\\Backend-game-topup\\web\\project\\vendor\\laravel\\framework\\src\\Illuminate\\Routing\\Router.php(821): Illuminate\\Pipeline\\Pipeline->then(Object(Closure))
#54 D:\\Backend-game-topup\\web\\project\\vendor\\laravel\\framework\\src\\Illuminate\\Routing\\Router.php(800): Illuminate\\Routing\\Router->runRouteWithinStack(Object(Illuminate\\Routing\\Route), Object(Illuminate\\Http\\Request))
#55 D:\\Backend-game-topup\\web\\project\\vendor\\laravel\\framework\\src\\Illuminate\\Routing\\Router.php(764): Illuminate\\Routing\\Router->runRoute(Object(Illuminate\\Http\\Request), Object(Illuminate\\Routing\\Route))
#56 D:\\Backend-game-topup\\web\\project\\vendor\\laravel\\framework\\src\\Illuminate\\Routing\\Router.php(753): Illuminate\\Routing\\Router->dispatchToRoute(Object(Illuminate\\Http\\Request))
#57 D:\\Backend-game-topup\\web\\project\\vendor\\laravel\\framework\\src\\Illuminate\\Foundation\\Http\\Kernel.php(200): Illuminate\\Routing\\Router->dispatch(Object(Illuminate\\Http\\Request))
#58 D:\\Backend-game-topup\\web\\project\\vendor\\laravel\\framework\\src\\Illuminate\\Pipeline\\Pipeline.php(180): Illuminate\\Foundation\\Http\\Kernel->{closure:Illuminate\\Foundation\\Http\\Kernel::dispatchToRouter():197}(Object(Illuminate\\Http\\Request))
#59 D:\\Backend-game-topup\\web\\project\\vendor\\livewire\\livewire\\src\\Features\\SupportDisablingBackButtonCache\\DisableBackButtonCacheMiddleware.php(19): Illuminate\\Pipeline\\Pipeline->{closure:Illuminate\\Pipeline\\Pipeline::prepareDestination():178}(Object(Illuminate\\Http\\Request))
#60 D:\\Backend-game-topup\\web\\project\\vendor\\laravel\\framework\\src\\Illuminate\\Pipeline\\Pipeline.php(219): Livewire\\Features\\SupportDisablingBackButtonCache\\DisableBackButtonCacheMiddleware->handle(Object(Illuminate\\Http\\Request), Object(Closure))
#61 D:\\Backend-game-topup\\web\\project\\vendor\\laravel\\framework\\src\\Illuminate\\Foundation\\Http\\Middleware\\TransformsRequest.php(21): Illuminate\\Pipeline\\Pipeline->{closure:{closure:Illuminate\\Pipeline\\Pipeline::carry():194}:195}(Object(Illuminate\\Http\\Request))
#62 D:\\Backend-game-topup\\web\\project\\vendor\\laravel\\framework\\src\\Illuminate\\Foundation\\Http\\Middleware\\ConvertEmptyStringsToNull.php(31): Illuminate\\Foundation\\Http\\Middleware\\TransformsRequest->handle(Object(Illuminate\\Http\\Request), Object(Closure))
#63 D:\\Backend-game-topup\\web\\project\\vendor\\laravel\\framework\\src\\Illuminate\\Pipeline\\Pipeline.php(219): Illuminate\\Foundation\\Http\\Middleware\\ConvertEmptyStringsToNull->handle(Object(Illuminate\\Http\\Request), Object(Closure))
#64 D:\\Backend-game-topup\\web\\project\\vendor\\laravel\\framework\\src\\Illuminate\\Foundation\\Http\\Middleware\\TransformsRequest.php(21): Illuminate\\Pipeline\\Pipeline->{closure:{closure:Illuminate\\Pipeline\\Pipeline::carry():194}:195}(Object(Illuminate\\Http\\Request))
#65 D:\\Backend-game-topup\\web\\project\\vendor\\laravel\\framework\\src\\Illuminate\\Foundation\\Http\\Middleware\\TrimStrings.php(51): Illuminate\\Foundation\\Http\\Middleware\\TransformsRequest->handle(Object(Illuminate\\Http\\Request), Object(Closure))
#66 D:\\Backend-game-topup\\web\\project\\vendor\\laravel\\framework\\src\\Illuminate\\Pipeline\\Pipeline.php(219): Illuminate\\Foundation\\Http\\Middleware\\TrimStrings->handle(Object(Illuminate\\Http\\Request), Object(Closure))
#67 D:\\Backend-game-topup\\web\\project\\vendor\\laravel\\framework\\src\\Illuminate\\Http\\Middleware\\ValidatePostSize.php(27): Illuminate\\Pipeline\\Pipeline->{closure:{closure:Illuminate\\Pipeline\\Pipeline::carry():194}:195}(Object(Illuminate\\Http\\Request))
#68 D:\\Backend-game-topup\\web\\project\\vendor\\laravel\\framework\\src\\Illuminate\\Pipeline\\Pipeline.php(219): Illuminate\\Http\\Middleware\\ValidatePostSize->handle(Object(Illuminate\\Http\\Request), Object(Closure))
#69 D:\\Backend-game-topup\\web\\project\\vendor\\laravel\\framework\\src\\Illuminate\\Foundation\\Http\\Middleware\\PreventRequestsDuringMaintenance.php(109): Illuminate\\Pipeline\\Pipeline->{closure:{closure:Illuminate\\Pipeline\\Pipeline::carry():194}:195}(Object(Illuminate\\Http\\Request))
#70 D:\\Backend-game-topup\\web\\project\\vendor\\laravel\\framework\\src\\Illuminate\\Pipeline\\Pipeline.php(219): Illuminate\\Foundation\\Http\\Middleware\\PreventRequestsDuringMaintenance->handle(Object(Illuminate\\Http\\Request), Object(Closure))
#71 D:\\Backend-game-topup\\web\\project\\vendor\\laravel\\framework\\src\\Illuminate\\Http\\Middleware\\HandleCors.php(48): Illuminate\\Pipeline\\Pipeline->{closure:{closure:Illuminate\\Pipeline\\Pipeline::carry():194}:195}(Object(Illuminate\\Http\\Request))
#72 D:\\Backend-game-topup\\web\\project\\vendor\\laravel\\framework\\src\\Illuminate\\Pipeline\\Pipeline.php(219): Illuminate\\Http\\Middleware\\HandleCors->handle(Object(Illuminate\\Http\\Request), Object(Closure))
#73 D:\\Backend-game-topup\\web\\project\\vendor\\laravel\\framework\\src\\Illuminate\\Http\\Middleware\\TrustProxies.php(58): Illuminate\\Pipeline\\Pipeline->{closure:{closure:Illuminate\\Pipeline\\Pipeline::carry():194}:195}(Object(Illuminate\\Http\\Request))
#74 D:\\Backend-game-topup\\web\\project\\vendor\\laravel\\framework\\src\\Illuminate\\Pipeline\\Pipeline.php(219): Illuminate\\Http\\Middleware\\TrustProxies->handle(Object(Illuminate\\Http\\Request), Object(Closure))
#75 D:\\Backend-game-topup\\web\\project\\vendor\\laravel\\framework\\src\\Illuminate\\Http\\Middleware\\TrustHosts.php(78): Illuminate\\Pipeline\\Pipeline->{closure:{closure:Illuminate\\Pipeline\\Pipeline::carry():194}:195}(Object(Illuminate\\Http\\Request))
#76 D:\\Backend-game-topup\\web\\project\\vendor\\laravel\\framework\\src\\Illuminate\\Pipeline\\Pipeline.php(219): Illuminate\\Http\\Middleware\\TrustHosts->handle(Object(Illuminate\\Http\\Request), Object(Closure))
#77 D:\\Backend-game-topup\\web\\project\\vendor\\laravel\\framework\\src\\Illuminate\\Pipeline\\Pipeline.php(137): Illuminate\\Pipeline\\Pipeline->{closure:{closure:Illuminate\\Pipeline\\Pipeline::carry():194}:195}(Object(Illuminate\\Http\\Request))
#78 D:\\Backend-game-topup\\web\\project\\vendor\\laravel\\framework\\src\\Illuminate\\Foundation\\Http\\Kernel.php(175): Illuminate\\Pipeline\\Pipeline->then(Object(Closure))
#79 D:\\Backend-game-topup\\web\\project\\vendor\\laravel\\framework\\src\\Illuminate\\Foundation\\Http\\Kernel.php(144): Illuminate\\Foundation\\Http\\Kernel->sendRequestThroughRouter(Object(Illuminate\\Http\\Request))
#80 D:\\Backend-game-topup\\web\\project\\public\\index.php(51): Illuminate\\Foundation\\Http\\Kernel->handle(Object(Illuminate\\Http\\Request))
#81 D:\\Backend-game-topup\\web\\project\\server.php(21): require_once('D:\\\\Backend-game...')
#82 {main}
"} 
[2026-01-12 15:09:09] local.ERROR: Exception occurred: Command "optimize:cache" is not defined.

Did you mean one of these?
    config:cache
    event:cache
    filament:cache-components
    filament:clear-cached-components
    icons:cache
    make:cache-table
    optimize
    optimize:clear
    route:cache
    schedule:clear-cache
    settings:clear-cache
    view:cache {"exception":"[object] (Symfony\\Component\\Console\\Exception\\CommandNotFoundException(code: 0): Command \"optimize:cache\" is not defined.

Did you mean one of these?
    config:cache
    event:cache
    filament:cache-components
    filament:clear-cached-components
    icons:cache
    make:cache-table
    optimize
    optimize:clear
    route:cache
    schedule:clear-cache
    settings:clear-cache
    view:cache at D:\\Backend-game-topup\\web\\project\\vendor\\symfony\\console\\Application.php:759)
[stacktrace]
#0 D:\\Backend-game-topup\\web\\project\\vendor\\symfony\\console\\Application.php(298): Symfony\\Component\\Console\\Application->find('optimize:cache')
#1 D:\\Backend-game-topup\\web\\project\\vendor\\symfony\\console\\Application.php(195): Symfony\\Component\\Console\\Application->doRun(Object(Symfony\\Component\\Console\\Input\\ArgvInput), Object(Symfony\\Component\\Console\\Output\\ConsoleOutput))
#2 D:\\Backend-game-topup\\web\\project\\vendor\\laravel\\framework\\src\\Illuminate\\Foundation\\Console\\Kernel.php(198): Symfony\\Component\\Console\\Application->run(Object(Symfony\\Component\\Console\\Input\\ArgvInput), Object(Symfony\\Component\\Console\\Output\\ConsoleOutput))
#3 D:\\Backend-game-topup\\web\\project\\artisan(35): Illuminate\\Foundation\\Console\\Kernel->handle(Object(Symfony\\Component\\Console\\Input\\ArgvInput), Object(Symfony\\Component\\Console\\Output\\ConsoleOutput))
#4 {main}
"} 
[2026-01-12 15:09:09] local.ERROR: Command "optimize:cache" is not defined.

Did you mean one of these?
    config:cache
    event:cache
    filament:cache-components
    filament:clear-cached-components
    icons:cache
    make:cache-table
    optimize
    optimize:clear
    route:cache
    schedule:clear-cache
    settings:clear-cache
    view:cache {"exception":"[object] (Symfony\\Component\\Console\\Exception\\CommandNotFoundException(code: 0): Command \"optimize:cache\" is not defined.

Did you mean one of these?
    config:cache
    event:cache
    filament:cache-components
    filament:clear-cached-components
    icons:cache
    make:cache-table
    optimize
    optimize:clear
    route:cache
    schedule:clear-cache
    settings:clear-cache
    view:cache at D:\\Backend-game-topup\\web\\project\\vendor\\symfony\\console\\Application.php:759)
[stacktrace]
#0 D:\\Backend-game-topup\\web\\project\\vendor\\symfony\\console\\Application.php(298): Symfony\\Component\\Console\\Application->find('optimize:cache')
#1 D:\\Backend-game-topup\\web\\project\\vendor\\symfony\\console\\Application.php(195): Symfony\\Component\\Console\\Application->doRun(Object(Symfony\\Component\\Console\\Input\\ArgvInput), Object(Symfony\\Component\\Console\\Output\\ConsoleOutput))
#2 D:\\Backend-game-topup\\web\\project\\vendor\\laravel\\framework\\src\\Illuminate\\Foundation\\Console\\Kernel.php(198): Symfony\\Component\\Console\\Application->run(Object(Symfony\\Component\\Console\\Input\\ArgvInput), Object(Symfony\\Component\\Console\\Output\\ConsoleOutput))
#3 D:\\Backend-game-topup\\web\\project\\artisan(35): Illuminate\\Foundation\\Console\\Kernel->handle(Object(Symfony\\Component\\Console\\Input\\ArgvInput), Object(Symfony\\Component\\Console\\Output\\ConsoleOutput))
#4 {main}
"} 
[2026-01-12 15:09:21] local.ERROR: Exception occurred: Unable to prepare route [dashboard] for serialization. Another route has already been assigned name [dashboard]. {"exception":"[object] (LogicException(code: 0): Unable to prepare route [dashboard] for serialization. Another route has already been assigned name [dashboard]. at D:\\Backend-game-topup\\web\\project\\vendor\\laravel\\framework\\src\\Illuminate\\Routing\\AbstractRouteCollection.php:258)
[stacktrace]
#0 D:\\Backend-game-topup\\web\\project\\vendor\\laravel\\framework\\src\\Illuminate\\Routing\\AbstractRouteCollection.php(222): Illuminate\\Routing\\AbstractRouteCollection->addToSymfonyRoutesCollection(Object(Symfony\\Component\\Routing\\RouteCollection), Object(Illuminate\\Routing\\Route))
#1 D:\\Backend-game-topup\\web\\project\\vendor\\laravel\\framework\\src\\Illuminate\\Routing\\RouteCollection.php(268): Illuminate\\Routing\\AbstractRouteCollection->toSymfonyRouteCollection()
#2 D:\\Backend-game-topup\\web\\project\\vendor\\laravel\\framework\\src\\Illuminate\\Routing\\AbstractRouteCollection.php(201): Illuminate\\Routing\\RouteCollection->toSymfonyRouteCollection()
#3 D:\\Backend-game-topup\\web\\project\\vendor\\laravel\\framework\\src\\Illuminate\\Routing\\AbstractRouteCollection.php(172): Illuminate\\Routing\\AbstractRouteCollection->dumper()
#4 D:\\Backend-game-topup\\web\\project\\vendor\\laravel\\framework\\src\\Illuminate\\Foundation\\Console\\RouteCacheCommand.php(108): Illuminate\\Routing\\AbstractRouteCollection->compile()
#5 D:\\Backend-game-topup\\web\\project\\vendor\\laravel\\framework\\src\\Illuminate\\Foundation\\Console\\RouteCacheCommand.php(67): Illuminate\\Foundation\\Console\\RouteCacheCommand->buildRouteCacheFile(Object(Illuminate\\Routing\\RouteCollection))
#6 D:\\Backend-game-topup\\web\\project\\vendor\\laravel\\framework\\src\\Illuminate\\Container\\BoundMethod.php(36): Illuminate\\Foundation\\Console\\RouteCacheCommand->handle()
#7 D:\\Backend-game-topup\\web\\project\\vendor\\laravel\\framework\\src\\Illuminate\\Container\\Util.php(43): Illuminate\\Container\\BoundMethod::{closure:Illuminate\\Container\\BoundMethod::call():35}()
#8 D:\\Backend-game-topup\\web\\project\\vendor\\laravel\\framework\\src\\Illuminate\\Container\\BoundMethod.php(96): Illuminate\\Container\\Util::unwrapIfClosure(Object(Closure))
#9 D:\\Backend-game-topup\\web\\project\\vendor\\laravel\\framework\\src\\Illuminate\\Container\\BoundMethod.php(35): Illuminate\\Container\\BoundMethod::callBoundMethod(Object(Illuminate\\Foundation\\Application), Array, Object(Closure))
#10 D:\\Backend-game-topup\\web\\project\\vendor\\laravel\\framework\\src\\Illuminate\\Container\\Container.php(799): Illuminate\\Container\\BoundMethod::call(Object(Illuminate\\Foundation\\Application), Array, Array, NULL)
#11 D:\\Backend-game-topup\\web\\project\\vendor\\laravel\\framework\\src\\Illuminate\\Console\\Command.php(211): Illuminate\\Container\\Container->call(Array)
#12 D:\\Backend-game-topup\\web\\project\\vendor\\symfony\\console\\Command\\Command.php(341): Illuminate\\Console\\Command->execute(Object(Symfony\\Component\\Console\\Input\\ArrayInput), Object(Illuminate\\Console\\OutputStyle))
#13 D:\\Backend-game-topup\\web\\project\\vendor\\laravel\\framework\\src\\Illuminate\\Console\\Command.php(180): Symfony\\Component\\Console\\Command\\Command->run(Object(Symfony\\Component\\Console\\Input\\ArrayInput), Object(Illuminate\\Console\\OutputStyle))
#14 D:\\Backend-game-topup\\web\\project\\vendor\\laravel\\framework\\src\\Illuminate\\Console\\Concerns\\CallsCommands.php(68): Illuminate\\Console\\Command->run(Object(Symfony\\Component\\Console\\Input\\ArrayInput), Object(Symfony\\Component\\Console\\Output\\NullOutput))
#15 D:\\Backend-game-topup\\web\\project\\vendor\\laravel\\framework\\src\\Illuminate\\Console\\Concerns\\CallsCommands.php(41): Illuminate\\Console\\Command->runCommand('route:cache', Array, Object(Symfony\\Component\\Console\\Output\\NullOutput))
#16 D:\\Backend-game-topup\\web\\project\\vendor\\laravel\\framework\\src\\Illuminate\\Console\\Concerns\\CallsCommands.php(53): Illuminate\\Console\\Command->callSilent('route:cache', Array)
#17 D:\\Backend-game-topup\\web\\project\\vendor\\laravel\\framework\\src\\Illuminate\\Foundation\\Console\\OptimizeCommand.php(48): Illuminate\\Console\\Command->callSilently('route:cache')
#18 D:\\Backend-game-topup\\web\\project\\vendor\\laravel\\framework\\src\\Illuminate\\Console\\View\\Components\\Task.php(41): Illuminate\\Foundation\\Console\\OptimizeCommand->{closure:Illuminate\\Foundation\\Console\\OptimizeCommand::handle():48}()
#19 D:\\Backend-game-topup\\web\\project\\vendor\\laravel\\framework\\src\\Illuminate\\Console\\View\\Components\\Factory.php(59): Illuminate\\Console\\View\\Components\\Task->render('routes', Object(Closure))
#20 D:\\Backend-game-topup\\web\\project\\vendor\\laravel\\framework\\src\\Illuminate\\Foundation\\Console\\OptimizeCommand.php(48): Illuminate\\Console\\View\\Components\\Factory->__call('task', Array)
#21 D:\\Backend-game-topup\\web\\project\\vendor\\laravel\\framework\\src\\Illuminate\\Container\\BoundMethod.php(36): Illuminate\\Foundation\\Console\\OptimizeCommand->handle()
#22 D:\\Backend-game-topup\\web\\project\\vendor\\laravel\\framework\\src\\Illuminate\\Container\\Util.php(43): Illuminate\\Container\\BoundMethod::{closure:Illuminate\\Container\\BoundMethod::call():35}()
#23 D:\\Backend-game-topup\\web\\project\\vendor\\laravel\\framework\\src\\Illuminate\\Container\\BoundMethod.php(96): Illuminate\\Container\\Util::unwrapIfClosure(Object(Closure))
#24 D:\\Backend-game-topup\\web\\project\\vendor\\laravel\\framework\\src\\Illuminate\\Container\\BoundMethod.php(35): Illuminate\\Container\\BoundMethod::callBoundMethod(Object(Illuminate\\Foundation\\Application), Array, Object(Closure))
#25 D:\\Backend-game-topup\\web\\project\\vendor\\laravel\\framework\\src\\Illuminate\\Container\\Container.php(799): Illuminate\\Container\\BoundMethod::call(Object(Illuminate\\Foundation\\Application), Array, Array, NULL)
#26 D:\\Backend-game-topup\\web\\project\\vendor\\laravel\\framework\\src\\Illuminate\\Console\\Command.php(211): Illuminate\\Container\\Container->call(Array)
#27 D:\\Backend-game-topup\\web\\project\\vendor\\symfony\\console\\Command\\Command.php(341): Illuminate\\Console\\Command->execute(Object(Symfony\\Component\\Console\\Input\\ArgvInput), Object(Illuminate\\Console\\OutputStyle))
#28 D:\\Backend-game-topup\\web\\project\\vendor\\laravel\\framework\\src\\Illuminate\\Console\\Command.php(180): Symfony\\Component\\Console\\Command\\Command->run(Object(Symfony\\Component\\Console\\Input\\ArgvInput), Object(Illuminate\\Console\\OutputStyle))
#29 D:\\Backend-game-topup\\web\\project\\vendor\\symfony\\console\\Application.php(1102): Illuminate\\Console\\Command->run(Object(Symfony\\Component\\Console\\Input\\ArgvInput), Object(Symfony\\Component\\Console\\Output\\ConsoleOutput))
#30 D:\\Backend-game-topup\\web\\project\\vendor\\symfony\\console\\Application.php(356): Symfony\\Component\\Console\\Application->doRunCommand(Object(Illuminate\\Foundation\\Console\\OptimizeCommand), Object(Symfony\\Component\\Console\\Input\\ArgvInput), Object(Symfony\\Component\\Console\\Output\\ConsoleOutput))
#31 D:\\Backend-game-topup\\web\\project\\vendor\\symfony\\console\\Application.php(195): Symfony\\Component\\Console\\Application->doRun(Object(Symfony\\Component\\Console\\Input\\ArgvInput), Object(Symfony\\Component\\Console\\Output\\ConsoleOutput))
#32 D:\\Backend-game-topup\\web\\project\\vendor\\laravel\\framework\\src\\Illuminate\\Foundation\\Console\\Kernel.php(198): Symfony\\Component\\Console\\Application->run(Object(Symfony\\Component\\Console\\Input\\ArgvInput), Object(Symfony\\Component\\Console\\Output\\ConsoleOutput))
#33 D:\\Backend-game-topup\\web\\project\\artisan(35): Illuminate\\Foundation\\Console\\Kernel->handle(Object(Symfony\\Component\\Console\\Input\\ArgvInput), Object(Symfony\\Component\\Console\\Output\\ConsoleOutput))
#34 {main}
"} 
[2026-01-12 15:09:21] local.ERROR: Unable to prepare route [dashboard] for serialization. Another route has already been assigned name [dashboard]. {"exception":"[object] (LogicException(code: 0): Unable to prepare route [dashboard] for serialization. Another route has already been assigned name [dashboard]. at D:\\Backend-game-topup\\web\\project\\vendor\\laravel\\framework\\src\\Illuminate\\Routing\\AbstractRouteCollection.php:258)
[stacktrace]
#0 D:\\Backend-game-topup\\web\\project\\vendor\\laravel\\framework\\src\\Illuminate\\Routing\\AbstractRouteCollection.php(222): Illuminate\\Routing\\AbstractRouteCollection->addToSymfonyRoutesCollection(Object(Symfony\\Component\\Routing\\RouteCollection), Object(Illuminate\\Routing\\Route))
#1 D:\\Backend-game-topup\\web\\project\\vendor\\laravel\\framework\\src\\Illuminate\\Routing\\RouteCollection.php(268): Illuminate\\Routing\\AbstractRouteCollection->toSymfonyRouteCollection()
#2 D:\\Backend-game-topup\\web\\project\\vendor\\laravel\\framework\\src\\Illuminate\\Routing\\AbstractRouteCollection.php(201): Illuminate\\Routing\\RouteCollection->toSymfonyRouteCollection()
#3 D:\\Backend-game-topup\\web\\project\\vendor\\laravel\\framework\\src\\Illuminate\\Routing\\AbstractRouteCollection.php(172): Illuminate\\Routing\\AbstractRouteCollection->dumper()
#4 D:\\Backend-game-topup\\web\\project\\vendor\\laravel\\framework\\src\\Illuminate\\Foundation\\Console\\RouteCacheCommand.php(108): Illuminate\\Routing\\AbstractRouteCollection->compile()
#5 D:\\Backend-game-topup\\web\\project\\vendor\\laravel\\framework\\src\\Illuminate\\Foundation\\Console\\RouteCacheCommand.php(67): Illuminate\\Foundation\\Console\\RouteCacheCommand->buildRouteCacheFile(Object(Illuminate\\Routing\\RouteCollection))
#6 D:\\Backend-game-topup\\web\\project\\vendor\\laravel\\framework\\src\\Illuminate\\Container\\BoundMethod.php(36): Illuminate\\Foundation\\Console\\RouteCacheCommand->handle()
#7 D:\\Backend-game-topup\\web\\project\\vendor\\laravel\\framework\\src\\Illuminate\\Container\\Util.php(43): Illuminate\\Container\\BoundMethod::{closure:Illuminate\\Container\\BoundMethod::call():35}()
#8 D:\\Backend-game-topup\\web\\project\\vendor\\laravel\\framework\\src\\Illuminate\\Container\\BoundMethod.php(96): Illuminate\\Container\\Util::unwrapIfClosure(Object(Closure))
#9 D:\\Backend-game-topup\\web\\project\\vendor\\laravel\\framework\\src\\Illuminate\\Container\\BoundMethod.php(35): Illuminate\\Container\\BoundMethod::callBoundMethod(Object(Illuminate\\Foundation\\Application), Array, Object(Closure))
#10 D:\\Backend-game-topup\\web\\project\\vendor\\laravel\\framework\\src\\Illuminate\\Container\\Container.php(799): Illuminate\\Container\\BoundMethod::call(Object(Illuminate\\Foundation\\Application), Array, Array, NULL)
#11 D:\\Backend-game-topup\\web\\project\\vendor\\laravel\\framework\\src\\Illuminate\\Console\\Command.php(211): Illuminate\\Container\\Container->call(Array)
#12 D:\\Backend-game-topup\\web\\project\\vendor\\symfony\\console\\Command\\Command.php(341): Illuminate\\Console\\Command->execute(Object(Symfony\\Component\\Console\\Input\\ArrayInput), Object(Illuminate\\Console\\OutputStyle))
#13 D:\\Backend-game-topup\\web\\project\\vendor\\laravel\\framework\\src\\Illuminate\\Console\\Command.php(180): Symfony\\Component\\Console\\Command\\Command->run(Object(Symfony\\Component\\Console\\Input\\ArrayInput), Object(Illuminate\\Console\\OutputStyle))
#14 D:\\Backend-game-topup\\web\\project\\vendor\\laravel\\framework\\src\\Illuminate\\Console\\Concerns\\CallsCommands.php(68): Illuminate\\Console\\Command->run(Object(Symfony\\Component\\Console\\Input\\ArrayInput), Object(Symfony\\Component\\Console\\Output\\NullOutput))
#15 D:\\Backend-game-topup\\web\\project\\vendor\\laravel\\framework\\src\\Illuminate\\Console\\Concerns\\CallsCommands.php(41): Illuminate\\Console\\Command->runCommand('route:cache', Array, Object(Symfony\\Component\\Console\\Output\\NullOutput))
#16 D:\\Backend-game-topup\\web\\project\\vendor\\laravel\\framework\\src\\Illuminate\\Console\\Concerns\\CallsCommands.php(53): Illuminate\\Console\\Command->callSilent('route:cache', Array)
#17 D:\\Backend-game-topup\\web\\project\\vendor\\laravel\\framework\\src\\Illuminate\\Foundation\\Console\\OptimizeCommand.php(48): Illuminate\\Console\\Command->callSilently('route:cache')
#18 D:\\Backend-game-topup\\web\\project\\vendor\\laravel\\framework\\src\\Illuminate\\Console\\View\\Components\\Task.php(41): Illuminate\\Foundation\\Console\\OptimizeCommand->{closure:Illuminate\\Foundation\\Console\\OptimizeCommand::handle():48}()
#19 D:\\Backend-game-topup\\web\\project\\vendor\\laravel\\framework\\src\\Illuminate\\Console\\View\\Components\\Factory.php(59): Illuminate\\Console\\View\\Components\\Task->render('routes', Object(Closure))
#20 D:\\Backend-game-topup\\web\\project\\vendor\\laravel\\framework\\src\\Illuminate\\Foundation\\Console\\OptimizeCommand.php(48): Illuminate\\Console\\View\\Components\\Factory->__call('task', Array)
#21 D:\\Backend-game-topup\\web\\project\\vendor\\laravel\\framework\\src\\Illuminate\\Container\\BoundMethod.php(36): Illuminate\\Foundation\\Console\\OptimizeCommand->handle()
#22 D:\\Backend-game-topup\\web\\project\\vendor\\laravel\\framework\\src\\Illuminate\\Container\\Util.php(43): Illuminate\\Container\\BoundMethod::{closure:Illuminate\\Container\\BoundMethod::call():35}()
#23 D:\\Backend-game-topup\\web\\project\\vendor\\laravel\\framework\\src\\Illuminate\\Container\\BoundMethod.php(96): Illuminate\\Container\\Util::unwrapIfClosure(Object(Closure))
#24 D:\\Backend-game-topup\\web\\project\\vendor\\laravel\\framework\\src\\Illuminate\\Container\\BoundMethod.php(35): Illuminate\\Container\\BoundMethod::callBoundMethod(Object(Illuminate\\Foundation\\Application), Array, Object(Closure))
#25 D:\\Backend-game-topup\\web\\project\\vendor\\laravel\\framework\\src\\Illuminate\\Container\\Container.php(799): Illuminate\\Container\\BoundMethod::call(Object(Illuminate\\Foundation\\Application), Array, Array, NULL)
#26 D:\\Backend-game-topup\\web\\project\\vendor\\laravel\\framework\\src\\Illuminate\\Console\\Command.php(211): Illuminate\\Container\\Container->call(Array)
#27 D:\\Backend-game-topup\\web\\project\\vendor\\symfony\\console\\Command\\Command.php(341): Illuminate\\Console\\Command->execute(Object(Symfony\\Component\\Console\\Input\\ArgvInput), Object(Illuminate\\Console\\OutputStyle))
#28 D:\\Backend-game-topup\\web\\project\\vendor\\laravel\\framework\\src\\Illuminate\\Console\\Command.php(180): Symfony\\Component\\Console\\Command\\Command->run(Object(Symfony\\Component\\Console\\Input\\ArgvInput), Object(Illuminate\\Console\\OutputStyle))
#29 D:\\Backend-game-topup\\web\\project\\vendor\\symfony\\console\\Application.php(1102): Illuminate\\Console\\Command->run(Object(Symfony\\Component\\Console\\Input\\ArgvInput), Object(Symfony\\Component\\Console\\Output\\ConsoleOutput))
#30 D:\\Backend-game-topup\\web\\project\\vendor\\symfony\\console\\Application.php(356): Symfony\\Component\\Console\\Application->doRunCommand(Object(Illuminate\\Foundation\\Console\\OptimizeCommand), Object(Symfony\\Component\\Console\\Input\\ArgvInput), Object(Symfony\\Component\\Console\\Output\\ConsoleOutput))
#31 D:\\Backend-game-topup\\web\\project\\vendor\\symfony\\console\\Application.php(195): Symfony\\Component\\Console\\Application->doRun(Object(Symfony\\Component\\Console\\Input\\ArgvInput), Object(Symfony\\Component\\Console\\Output\\ConsoleOutput))
#32 D:\\Backend-game-topup\\web\\project\\vendor\\laravel\\framework\\src\\Illuminate\\Foundation\\Console\\Kernel.php(198): Symfony\\Component\\Console\\Application->run(Object(Symfony\\Component\\Console\\Input\\ArgvInput), Object(Symfony\\Component\\Console\\Output\\ConsoleOutput))
#33 D:\\Backend-game-topup\\web\\project\\artisan(35): Illuminate\\Foundation\\Console\\Kernel->handle(Object(Symfony\\Component\\Console\\Input\\ArgvInput), Object(Symfony\\Component\\Console\\Output\\ConsoleOutput))
#34 {main}
"} 
[2026-01-12 15:09:33] local.ERROR: Exception occurred: Command "optimize:clera" is not defined.

Did you mean one of these?
    optimize
    optimize:clear {"exception":"[object] (Symfony\\Component\\Console\\Exception\\CommandNotFoundException(code: 0): Command \"optimize:clera\" is not defined.

Did you mean one of these?
    optimize
    optimize:clear at D:\\Backend-game-topup\\web\\project\\vendor\\symfony\\console\\Application.php:759)
[stacktrace]
#0 D:\\Backend-game-topup\\web\\project\\vendor\\symfony\\console\\Application.php(298): Symfony\\Component\\Console\\Application->find('optimize:clera')
#1 D:\\Backend-game-topup\\web\\project\\vendor\\symfony\\console\\Application.php(195): Symfony\\Component\\Console\\Application->doRun(Object(Symfony\\Component\\Console\\Input\\ArgvInput), Object(Symfony\\Component\\Console\\Output\\ConsoleOutput))
#2 D:\\Backend-game-topup\\web\\project\\vendor\\laravel\\framework\\src\\Illuminate\\Foundation\\Console\\Kernel.php(198): Symfony\\Component\\Console\\Application->run(Object(Symfony\\Component\\Console\\Input\\ArgvInput), Object(Symfony\\Component\\Console\\Output\\ConsoleOutput))
#3 D:\\Backend-game-topup\\web\\project\\artisan(35): Illuminate\\Foundation\\Console\\Kernel->handle(Object(Symfony\\Component\\Console\\Input\\ArgvInput), Object(Symfony\\Component\\Console\\Output\\ConsoleOutput))
#4 {main}
"} 
[2026-01-12 15:09:33] local.ERROR: Command "optimize:clera" is not defined.

Did you mean one of these?
    optimize
    optimize:clear {"exception":"[object] (Symfony\\Component\\Console\\Exception\\CommandNotFoundException(code: 0): Command \"optimize:clera\" is not defined.

Did you mean one of these?
    optimize
    optimize:clear at D:\\Backend-game-topup\\web\\project\\vendor\\symfony\\console\\Application.php:759)
[stacktrace]
#0 D:\\Backend-game-topup\\web\\project\\vendor\\symfony\\console\\Application.php(298): Symfony\\Component\\Console\\Application->find('optimize:clera')
#1 D:\\Backend-game-topup\\web\\project\\vendor\\symfony\\console\\Application.php(195): Symfony\\Component\\Console\\Application->doRun(Object(Symfony\\Component\\Console\\Input\\ArgvInput), Object(Symfony\\Component\\Console\\Output\\ConsoleOutput))
#2 D:\\Backend-game-topup\\web\\project\\vendor\\laravel\\framework\\src\\Illuminate\\Foundation\\Console\\Kernel.php(198): Symfony\\Component\\Console\\Application->run(Object(Symfony\\Component\\Console\\Input\\ArgvInput), Object(Symfony\\Component\\Console\\Output\\ConsoleOutput))
#3 D:\\Backend-game-topup\\web\\project\\artisan(35): Illuminate\\Foundation\\Console\\Kernel->handle(Object(Symfony\\Component\\Console\\Input\\ArgvInput), Object(Symfony\\Component\\Console\\Output\\ConsoleOutput))
#4 {main}
"} 
[2026-01-12 15:12:20] local.ERROR: Exception occurred: syntax error, unexpected token "protected", expecting end of file {"exception":"[object] (ParseError(code: 0): syntax error, unexpected token \"protected\", expecting end of file at D:\\Backend-game-topup\\web\\project\\app\\Filament\\Admin\\Pages\\Dashboard.php:7)
[stacktrace]
#0 D:\\Backend-game-topup\\web\\project\\vendor\\composer\\ClassLoader.php(433): {closure:Composer\\Autoload\\ClassLoader::initializeIncludeClosure():581}('D:\\\\Backend-game...')
#1 [internal function]: Composer\\Autoload\\ClassLoader->loadClass('App\\\\Filament\\\\Ad...')
#2 D:\\Backend-game-topup\\web\\project\\vendor\\filament\\filament\\src\\Panel\\Concerns\\HasComponents.php(441): class_exists('App\\\\Filament\\\\Ad...')
#3 D:\\Backend-game-topup\\web\\project\\vendor\\filament\\filament\\src\\Panel\\Concerns\\HasComponents.php(212): Filament\\Panel->discoverComponents('Filament\\\\Pages\\\\...', Array, 'D:\\\\Backend-game...', Object(Illuminate\\Support\\Stringable))
#4 D:\\Backend-game-topup\\web\\project\\app\\Providers\\Filament\\AdminPanelProvider.php(53): Filament\\Panel->discoverPages('D:\\\\Backend-game...', 'App\\\\Filament\\\\Ad...')
#5 D:\\Backend-game-topup\\web\\project\\vendor\\filament\\filament\\src\\PanelProvider.php(15): App\\Providers\\Filament\\AdminPanelProvider->panel(Object(Filament\\Panel))
#6 D:\\Backend-game-topup\\web\\project\\vendor\\laravel\\framework\\src\\Illuminate\\Collections\\helpers.php(266): Filament\\PanelProvider->{closure:Filament\\PanelProvider::register():15}()
#7 D:\\Backend-game-topup\\web\\project\\vendor\\filament\\filament\\src\\Facades\\Filament.php(170): value(Object(Closure))
#8 D:\\Backend-game-topup\\web\\project\\vendor\\laravel\\framework\\src\\Illuminate\\Container\\Container.php(1620): Filament\\Facades\\Filament::{closure:Filament\\Facades\\Filament::registerPanel():170}(Object(Filament\\PanelRegistry), Object(Illuminate\\Foundation\\Application))
#9 D:\\Backend-game-topup\\web\\project\\vendor\\laravel\\framework\\src\\Illuminate\\Container\\Container.php(1540): Illuminate\\Container\\Container->fireCallbackArray(Object(Filament\\PanelRegistry), Array)
#10 D:\\Backend-game-topup\\web\\project\\vendor\\laravel\\framework\\src\\Illuminate\\Container\\Container.php(951): Illuminate\\Container\\Container->fireResolvingCallbacks('Filament\\\\PanelR...', Object(Filament\\PanelRegistry))
#11 D:\\Backend-game-topup\\web\\project\\vendor\\laravel\\framework\\src\\Illuminate\\Foundation\\Application.php(1078): Illuminate\\Container\\Container->resolve('Filament\\\\PanelR...', Array, true)
#12 D:\\Backend-game-topup\\web\\project\\vendor\\laravel\\framework\\src\\Illuminate\\Container\\Container.php(864): Illuminate\\Foundation\\Application->resolve('Filament\\\\PanelR...', Array)
#13 D:\\Backend-game-topup\\web\\project\\vendor\\laravel\\framework\\src\\Illuminate\\Foundation\\Application.php(1058): Illuminate\\Container\\Container->make('Filament\\\\PanelR...', Array)
#14 D:\\Backend-game-topup\\web\\project\\vendor\\laravel\\framework\\src\\Illuminate\\Foundation\\helpers.php(138): Illuminate\\Foundation\\Application->make('Filament\\\\PanelR...', Array)
#15 D:\\Backend-game-topup\\web\\project\\vendor\\filament\\filament\\src\\FilamentManager.php(358): app('Filament\\\\PanelR...')
#16 D:\\Backend-game-topup\\web\\project\\vendor\\laravel\\framework\\src\\Illuminate\\Support\\Facades\\Facade.php(363): Filament\\FilamentManager->getPanels()
#17 D:\\Backend-game-topup\\web\\project\\vendor\\filament\\filament\\routes\\web.php(15): Illuminate\\Support\\Facades\\Facade::__callStatic('getPanels', Array)
#18 D:\\Backend-game-topup\\web\\project\\vendor\\laravel\\framework\\src\\Illuminate\\Routing\\Router.php(524): Illuminate\\Support\\ServiceProvider->{closure:D:\\Backend-game-topup\\web\\project\\vendor\\filament\\filament\\routes\\web.php:14}(Object(Illuminate\\Routing\\Router))
#19 D:\\Backend-game-topup\\web\\project\\vendor\\laravel\\framework\\src\\Illuminate\\Routing\\Router.php(480): Illuminate\\Routing\\Router->loadRoutes(Object(Closure))
#20 D:\\Backend-game-topup\\web\\project\\vendor\\laravel\\framework\\src\\Illuminate\\Routing\\RouteRegistrar.php(212): Illuminate\\Routing\\Router->group(Array, Object(Closure))
#21 D:\\Backend-game-topup\\web\\project\\vendor\\filament\\filament\\routes\\web.php(14): Illuminate\\Routing\\RouteRegistrar->group(Object(Closure))
#22 D:\\Backend-game-topup\\web\\project\\vendor\\laravel\\framework\\src\\Illuminate\\Support\\ServiceProvider.php(201): require('D:\\\\Backend-game...')
#23 D:\\Backend-game-topup\\web\\project\\vendor\\spatie\\laravel-package-tools\\src\\Concerns\\PackageServiceProvider\\ProcessRoutes.php(14): Illuminate\\Support\\ServiceProvider->loadRoutesFrom('D:\\\\Backend-game...')
#24 D:\\Backend-game-topup\\web\\project\\vendor\\spatie\\laravel-package-tools\\src\\PackageServiceProvider.php(85): Spatie\\LaravelPackageTools\\PackageServiceProvider->bootPackageRoutes()
#25 D:\\Backend-game-topup\\web\\project\\vendor\\laravel\\framework\\src\\Illuminate\\Container\\BoundMethod.php(36): Spatie\\LaravelPackageTools\\PackageServiceProvider->boot()
#26 D:\\Backend-game-topup\\web\\project\\vendor\\laravel\\framework\\src\\Illuminate\\Container\\Util.php(43): Illuminate\\Container\\BoundMethod::{closure:Illuminate\\Container\\BoundMethod::call():35}()
#27 D:\\Backend-game-topup\\web\\project\\vendor\\laravel\\framework\\src\\Illuminate\\Container\\BoundMethod.php(96): Illuminate\\Container\\Util::unwrapIfClosure(Object(Closure))
#28 D:\\Backend-game-topup\\web\\project\\vendor\\laravel\\framework\\src\\Illuminate\\Container\\BoundMethod.php(35): Illuminate\\Container\\BoundMethod::callBoundMethod(Object(Illuminate\\Foundation\\Application), Array, Object(Closure))
#29 D:\\Backend-game-topup\\web\\project\\vendor\\laravel\\framework\\src\\Illuminate\\Container\\Container.php(799): Illuminate\\Container\\BoundMethod::call(Object(Illuminate\\Foundation\\Application), Array, Array, NULL)
#30 D:\\Backend-game-topup\\web\\project\\vendor\\laravel\\framework\\src\\Illuminate\\Foundation\\Application.php(1151): Illuminate\\Container\\Container->call(Array)
#31 D:\\Backend-game-topup\\web\\project\\vendor\\laravel\\framework\\src\\Illuminate\\Foundation\\Application.php(1132): Illuminate\\Foundation\\Application->bootProvider(Object(Filament\\FilamentServiceProvider))
#32 [internal function]: Illuminate\\Foundation\\Application->{closure:Illuminate\\Foundation\\Application::boot():1131}(Object(Filament\\FilamentServiceProvider), 'Filament\\\\Filame...')
#33 D:\\Backend-game-topup\\web\\project\\vendor\\laravel\\framework\\src\\Illuminate\\Foundation\\Application.php(1131): array_walk(Array, Object(Closure))
#34 D:\\Backend-game-topup\\web\\project\\vendor\\laravel\\framework\\src\\Illuminate\\Foundation\\Bootstrap\\BootProviders.php(17): Illuminate\\Foundation\\Application->boot()
#35 D:\\Backend-game-topup\\web\\project\\vendor\\laravel\\framework\\src\\Illuminate\\Foundation\\Application.php(342): Illuminate\\Foundation\\Bootstrap\\BootProviders->bootstrap(Object(Illuminate\\Foundation\\Application))
#36 D:\\Backend-game-topup\\web\\project\\vendor\\laravel\\framework\\src\\Illuminate\\Foundation\\Console\\Kernel.php(494): Illuminate\\Foundation\\Application->bootstrapWith(Array)
#37 D:\\Backend-game-topup\\web\\project\\vendor\\laravel\\framework\\src\\Illuminate\\Foundation\\Console\\Kernel.php(196): Illuminate\\Foundation\\Console\\Kernel->bootstrap()
#38 D:\\Backend-game-topup\\web\\project\\artisan(35): Illuminate\\Foundation\\Console\\Kernel->handle(Object(Symfony\\Component\\Console\\Input\\ArgvInput), Object(Symfony\\Component\\Console\\Output\\ConsoleOutput))
#39 {main}
"} 
[2026-01-12 15:12:20] local.ERROR: syntax error, unexpected token "protected", expecting end of file {"exception":"[object] (ParseError(code: 0): syntax error, unexpected token \"protected\", expecting end of file at D:\\Backend-game-topup\\web\\project\\app\\Filament\\Admin\\Pages\\Dashboard.php:7)
[stacktrace]
#0 D:\\Backend-game-topup\\web\\project\\vendor\\composer\\ClassLoader.php(433): {closure:Composer\\Autoload\\ClassLoader::initializeIncludeClosure():581}('D:\\\\Backend-game...')
#1 [internal function]: Composer\\Autoload\\ClassLoader->loadClass('App\\\\Filament\\\\Ad...')
#2 D:\\Backend-game-topup\\web\\project\\vendor\\filament\\filament\\src\\Panel\\Concerns\\HasComponents.php(441): class_exists('App\\\\Filament\\\\Ad...')
#3 D:\\Backend-game-topup\\web\\project\\vendor\\filament\\filament\\src\\Panel\\Concerns\\HasComponents.php(212): Filament\\Panel->discoverComponents('Filament\\\\Pages\\\\...', Array, 'D:\\\\Backend-game...', Object(Illuminate\\Support\\Stringable))
#4 D:\\Backend-game-topup\\web\\project\\app\\Providers\\Filament\\AdminPanelProvider.php(53): Filament\\Panel->discoverPages('D:\\\\Backend-game...', 'App\\\\Filament\\\\Ad...')
#5 D:\\Backend-game-topup\\web\\project\\vendor\\filament\\filament\\src\\PanelProvider.php(15): App\\Providers\\Filament\\AdminPanelProvider->panel(Object(Filament\\Panel))
#6 D:\\Backend-game-topup\\web\\project\\vendor\\laravel\\framework\\src\\Illuminate\\Collections\\helpers.php(266): Filament\\PanelProvider->{closure:Filament\\PanelProvider::register():15}()
#7 D:\\Backend-game-topup\\web\\project\\vendor\\filament\\filament\\src\\Facades\\Filament.php(170): value(Object(Closure))
#8 D:\\Backend-game-topup\\web\\project\\vendor\\laravel\\framework\\src\\Illuminate\\Container\\Container.php(1620): Filament\\Facades\\Filament::{closure:Filament\\Facades\\Filament::registerPanel():170}(Object(Filament\\PanelRegistry), Object(Illuminate\\Foundation\\Application))
#9 D:\\Backend-game-topup\\web\\project\\vendor\\laravel\\framework\\src\\Illuminate\\Container\\Container.php(1540): Illuminate\\Container\\Container->fireCallbackArray(Object(Filament\\PanelRegistry), Array)
#10 D:\\Backend-game-topup\\web\\project\\vendor\\laravel\\framework\\src\\Illuminate\\Container\\Container.php(951): Illuminate\\Container\\Container->fireResolvingCallbacks('Filament\\\\PanelR...', Object(Filament\\PanelRegistry))
#11 D:\\Backend-game-topup\\web\\project\\vendor\\laravel\\framework\\src\\Illuminate\\Foundation\\Application.php(1078): Illuminate\\Container\\Container->resolve('Filament\\\\PanelR...', Array, true)
#12 D:\\Backend-game-topup\\web\\project\\vendor\\laravel\\framework\\src\\Illuminate\\Container\\Container.php(864): Illuminate\\Foundation\\Application->resolve('Filament\\\\PanelR...', Array)
#13 D:\\Backend-game-topup\\web\\project\\vendor\\laravel\\framework\\src\\Illuminate\\Foundation\\Application.php(1058): Illuminate\\Container\\Container->make('Filament\\\\PanelR...', Array)
#14 D:\\Backend-game-topup\\web\\project\\vendor\\laravel\\framework\\src\\Illuminate\\Foundation\\helpers.php(138): Illuminate\\Foundation\\Application->make('Filament\\\\PanelR...', Array)
#15 D:\\Backend-game-topup\\web\\project\\vendor\\filament\\filament\\src\\FilamentManager.php(358): app('Filament\\\\PanelR...')
#16 D:\\Backend-game-topup\\web\\project\\vendor\\laravel\\framework\\src\\Illuminate\\Support\\Facades\\Facade.php(363): Filament\\FilamentManager->getPanels()
#17 D:\\Backend-game-topup\\web\\project\\vendor\\filament\\filament\\routes\\web.php(15): Illuminate\\Support\\Facades\\Facade::__callStatic('getPanels', Array)
#18 D:\\Backend-game-topup\\web\\project\\vendor\\laravel\\framework\\src\\Illuminate\\Routing\\Router.php(524): Illuminate\\Support\\ServiceProvider->{closure:D:\\Backend-game-topup\\web\\project\\vendor\\filament\\filament\\routes\\web.php:14}(Object(Illuminate\\Routing\\Router))
#19 D:\\Backend-game-topup\\web\\project\\vendor\\laravel\\framework\\src\\Illuminate\\Routing\\Router.php(480): Illuminate\\Routing\\Router->loadRoutes(Object(Closure))
#20 D:\\Backend-game-topup\\web\\project\\vendor\\laravel\\framework\\src\\Illuminate\\Routing\\RouteRegistrar.php(212): Illuminate\\Routing\\Router->group(Array, Object(Closure))
#21 D:\\Backend-game-topup\\web\\project\\vendor\\filament\\filament\\routes\\web.php(14): Illuminate\\Routing\\RouteRegistrar->group(Object(Closure))
#22 D:\\Backend-game-topup\\web\\project\\vendor\\laravel\\framework\\src\\Illuminate\\Support\\ServiceProvider.php(201): require('D:\\\\Backend-game...')
#23 D:\\Backend-game-topup\\web\\project\\vendor\\spatie\\laravel-package-tools\\src\\Concerns\\PackageServiceProvider\\ProcessRoutes.php(14): Illuminate\\Support\\ServiceProvider->loadRoutesFrom('D:\\\\Backend-game...')
#24 D:\\Backend-game-topup\\web\\project\\vendor\\spatie\\laravel-package-tools\\src\\PackageServiceProvider.php(85): Spatie\\LaravelPackageTools\\PackageServiceProvider->bootPackageRoutes()
#25 D:\\Backend-game-topup\\web\\project\\vendor\\laravel\\framework\\src\\Illuminate\\Container\\BoundMethod.php(36): Spatie\\LaravelPackageTools\\PackageServiceProvider->boot()
#26 D:\\Backend-game-topup\\web\\project\\vendor\\laravel\\framework\\src\\Illuminate\\Container\\Util.php(43): Illuminate\\Container\\BoundMethod::{closure:Illuminate\\Container\\BoundMethod::call():35}()
#27 D:\\Backend-game-topup\\web\\project\\vendor\\laravel\\framework\\src\\Illuminate\\Container\\BoundMethod.php(96): Illuminate\\Container\\Util::unwrapIfClosure(Object(Closure))
#28 D:\\Backend-game-topup\\web\\project\\vendor\\laravel\\framework\\src\\Illuminate\\Container\\BoundMethod.php(35): Illuminate\\Container\\BoundMethod::callBoundMethod(Object(Illuminate\\Foundation\\Application), Array, Object(Closure))
#29 D:\\Backend-game-topup\\web\\project\\vendor\\laravel\\framework\\src\\Illuminate\\Container\\Container.php(799): Illuminate\\Container\\BoundMethod::call(Object(Illuminate\\Foundation\\Application), Array, Array, NULL)
#30 D:\\Backend-game-topup\\web\\project\\vendor\\laravel\\framework\\src\\Illuminate\\Foundation\\Application.php(1151): Illuminate\\Container\\Container->call(Array)
#31 D:\\Backend-game-topup\\web\\project\\vendor\\laravel\\framework\\src\\Illuminate\\Foundation\\Application.php(1132): Illuminate\\Foundation\\Application->bootProvider(Object(Filament\\FilamentServiceProvider))
#32 [internal function]: Illuminate\\Foundation\\Application->{closure:Illuminate\\Foundation\\Application::boot():1131}(Object(Filament\\FilamentServiceProvider), 'Filament\\\\Filame...')
#33 D:\\Backend-game-topup\\web\\project\\vendor\\laravel\\framework\\src\\Illuminate\\Foundation\\Application.php(1131): array_walk(Array, Object(Closure))
#34 D:\\Backend-game-topup\\web\\project\\vendor\\laravel\\framework\\src\\Illuminate\\Foundation\\Bootstrap\\BootProviders.php(17): Illuminate\\Foundation\\Application->boot()
#35 D:\\Backend-game-topup\\web\\project\\vendor\\laravel\\framework\\src\\Illuminate\\Foundation\\Application.php(342): Illuminate\\Foundation\\Bootstrap\\BootProviders->bootstrap(Object(Illuminate\\Foundation\\Application))
#36 D:\\Backend-game-topup\\web\\project\\vendor\\laravel\\framework\\src\\Illuminate\\Foundation\\Console\\Kernel.php(494): Illuminate\\Foundation\\Application->bootstrapWith(Array)
#37 D:\\Backend-game-topup\\web\\project\\vendor\\laravel\\framework\\src\\Illuminate\\Foundation\\Console\\Kernel.php(196): Illuminate\\Foundation\\Console\\Kernel->bootstrap()
#38 D:\\Backend-game-topup\\web\\project\\artisan(35): Illuminate\\Foundation\\Console\\Kernel->handle(Object(Symfony\\Component\\Console\\Input\\ArgvInput), Object(Symfony\\Component\\Console\\Output\\ConsoleOutput))
#39 {main}
"} 
[2026-01-12 15:15:28] local.ERROR: Exception occurred: Cannot redeclare non static Filament\Pages\Page::$view as static App\Filament\Admin\Pages\Dashboard::$view {"exception":"[object] (Symfony\\Component\\ErrorHandler\\Error\\FatalError(code: 0): Cannot redeclare non static Filament\\Pages\\Page::$view as static App\\Filament\\Admin\\Pages\\Dashboard::$view at D:\\Backend-game-topup\\web\\project\\app\\Filament\\Admin\\Pages\\Dashboard.php:7)
[stacktrace]
#0 {main}
"} 
[2026-01-12 15:15:28] local.ERROR: Cannot redeclare non static Filament\Pages\Page::$view as static App\Filament\Admin\Pages\Dashboard::$view {"exception":"[object] (Symfony\\Component\\ErrorHandler\\Error\\FatalError(code: 0): Cannot redeclare non static Filament\\Pages\\Page::$view as static App\\Filament\\Admin\\Pages\\Dashboard::$view at D:\\Backend-game-topup\\web\\project\\app\\Filament\\Admin\\Pages\\Dashboard.php:7)
[stacktrace]
#0 {main}
"} 
[2026-01-12 15:15:39] local.ERROR: Exception occurred: Cannot redeclare non static Filament\Pages\Page::$view as static App\Filament\Admin\Pages\Dashboard::$view {"exception":"[object] (Symfony\\Component\\ErrorHandler\\Error\\FatalError(code: 0): Cannot redeclare non static Filament\\Pages\\Page::$view as static App\\Filament\\Admin\\Pages\\Dashboard::$view at D:\\Backend-game-topup\\web\\project\\app\\Filament\\Admin\\Pages\\Dashboard.php:7)
[stacktrace]
#0 {main}
"} 
[2026-01-12 15:15:39] local.ERROR: Cannot redeclare non static Filament\Pages\Page::$view as static App\Filament\Admin\Pages\Dashboard::$view {"exception":"[object] (Symfony\\Component\\ErrorHandler\\Error\\FatalError(code: 0): Cannot redeclare non static Filament\\Pages\\Page::$view as static App\\Filament\\Admin\\Pages\\Dashboard::$view at D:\\Backend-game-topup\\web\\project\\app\\Filament\\Admin\\Pages\\Dashboard.php:7)
[stacktrace]
#0 {main}
"} 
[2026-01-12 15:15:42] local.ERROR: Exception occurred: Cannot redeclare non static Filament\Pages\Page::$view as static App\Filament\Admin\Pages\Dashboard::$view {"exception":"[object] (Symfony\\Component\\ErrorHandler\\Error\\FatalError(code: 0): Cannot redeclare non static Filament\\Pages\\Page::$view as static App\\Filament\\Admin\\Pages\\Dashboard::$view at D:\\Backend-game-topup\\web\\project\\app\\Filament\\Admin\\Pages\\Dashboard.php:7)
[stacktrace]
#0 {main}
"} 
[2026-01-12 15:15:42] local.ERROR: Cannot redeclare non static Filament\Pages\Page::$view as static App\Filament\Admin\Pages\Dashboard::$view {"exception":"[object] (Symfony\\Component\\ErrorHandler\\Error\\FatalError(code: 0): Cannot redeclare non static Filament\\Pages\\Page::$view as static App\\Filament\\Admin\\Pages\\Dashboard::$view at D:\\Backend-game-topup\\web\\project\\app\\Filament\\Admin\\Pages\\Dashboard.php:7)
[stacktrace]
#0 {main}
"} 
[2026-01-12 15:16:11] local.ERROR: Exception occurred: Unable to prepare route [kategori/{id}/detail] for serialization. Another route has already been assigned name [kategori.detail.update]. {"exception":"[object] (LogicException(code: 0): Unable to prepare route [kategori/{id}/detail] for serialization. Another route has already been assigned name [kategori.detail.update]. at D:\\Backend-game-topup\\web\\project\\vendor\\laravel\\framework\\src\\Illuminate\\Routing\\AbstractRouteCollection.php:258)
[stacktrace]
#0 D:\\Backend-game-topup\\web\\project\\vendor\\laravel\\framework\\src\\Illuminate\\Routing\\AbstractRouteCollection.php(222): Illuminate\\Routing\\AbstractRouteCollection->addToSymfonyRoutesCollection(Object(Symfony\\Component\\Routing\\RouteCollection), Object(Illuminate\\Routing\\Route))
#1 D:\\Backend-game-topup\\web\\project\\vendor\\laravel\\framework\\src\\Illuminate\\Routing\\RouteCollection.php(268): Illuminate\\Routing\\AbstractRouteCollection->toSymfonyRouteCollection()
#2 D:\\Backend-game-topup\\web\\project\\vendor\\laravel\\framework\\src\\Illuminate\\Routing\\AbstractRouteCollection.php(201): Illuminate\\Routing\\RouteCollection->toSymfonyRouteCollection()
#3 D:\\Backend-game-topup\\web\\project\\vendor\\laravel\\framework\\src\\Illuminate\\Routing\\AbstractRouteCollection.php(172): Illuminate\\Routing\\AbstractRouteCollection->dumper()
#4 D:\\Backend-game-topup\\web\\project\\vendor\\laravel\\framework\\src\\Illuminate\\Foundation\\Console\\RouteCacheCommand.php(108): Illuminate\\Routing\\AbstractRouteCollection->compile()
#5 D:\\Backend-game-topup\\web\\project\\vendor\\laravel\\framework\\src\\Illuminate\\Foundation\\Console\\RouteCacheCommand.php(67): Illuminate\\Foundation\\Console\\RouteCacheCommand->buildRouteCacheFile(Object(Illuminate\\Routing\\RouteCollection))
#6 D:\\Backend-game-topup\\web\\project\\vendor\\laravel\\framework\\src\\Illuminate\\Container\\BoundMethod.php(36): Illuminate\\Foundation\\Console\\RouteCacheCommand->handle()
#7 D:\\Backend-game-topup\\web\\project\\vendor\\laravel\\framework\\src\\Illuminate\\Container\\Util.php(43): Illuminate\\Container\\BoundMethod::{closure:Illuminate\\Container\\BoundMethod::call():35}()
#8 D:\\Backend-game-topup\\web\\project\\vendor\\laravel\\framework\\src\\Illuminate\\Container\\BoundMethod.php(96): Illuminate\\Container\\Util::unwrapIfClosure(Object(Closure))
#9 D:\\Backend-game-topup\\web\\project\\vendor\\laravel\\framework\\src\\Illuminate\\Container\\BoundMethod.php(35): Illuminate\\Container\\BoundMethod::callBoundMethod(Object(Illuminate\\Foundation\\Application), Array, Object(Closure))
#10 D:\\Backend-game-topup\\web\\project\\vendor\\laravel\\framework\\src\\Illuminate\\Container\\Container.php(799): Illuminate\\Container\\BoundMethod::call(Object(Illuminate\\Foundation\\Application), Array, Array, NULL)
#11 D:\\Backend-game-topup\\web\\project\\vendor\\laravel\\framework\\src\\Illuminate\\Console\\Command.php(211): Illuminate\\Container\\Container->call(Array)
#12 D:\\Backend-game-topup\\web\\project\\vendor\\symfony\\console\\Command\\Command.php(341): Illuminate\\Console\\Command->execute(Object(Symfony\\Component\\Console\\Input\\ArrayInput), Object(Illuminate\\Console\\OutputStyle))
#13 D:\\Backend-game-topup\\web\\project\\vendor\\laravel\\framework\\src\\Illuminate\\Console\\Command.php(180): Symfony\\Component\\Console\\Command\\Command->run(Object(Symfony\\Component\\Console\\Input\\ArrayInput), Object(Illuminate\\Console\\OutputStyle))
#14 D:\\Backend-game-topup\\web\\project\\vendor\\laravel\\framework\\src\\Illuminate\\Console\\Concerns\\CallsCommands.php(68): Illuminate\\Console\\Command->run(Object(Symfony\\Component\\Console\\Input\\ArrayInput), Object(Symfony\\Component\\Console\\Output\\NullOutput))
#15 D:\\Backend-game-topup\\web\\project\\vendor\\laravel\\framework\\src\\Illuminate\\Console\\Concerns\\CallsCommands.php(41): Illuminate\\Console\\Command->runCommand('route:cache', Array, Object(Symfony\\Component\\Console\\Output\\NullOutput))
#16 D:\\Backend-game-topup\\web\\project\\vendor\\laravel\\framework\\src\\Illuminate\\Console\\Concerns\\CallsCommands.php(53): Illuminate\\Console\\Command->callSilent('route:cache', Array)
#17 D:\\Backend-game-topup\\web\\project\\vendor\\laravel\\framework\\src\\Illuminate\\Foundation\\Console\\OptimizeCommand.php(48): Illuminate\\Console\\Command->callSilently('route:cache')
#18 D:\\Backend-game-topup\\web\\project\\vendor\\laravel\\framework\\src\\Illuminate\\Console\\View\\Components\\Task.php(41): Illuminate\\Foundation\\Console\\OptimizeCommand->{closure:Illuminate\\Foundation\\Console\\OptimizeCommand::handle():48}()
#19 D:\\Backend-game-topup\\web\\project\\vendor\\laravel\\framework\\src\\Illuminate\\Console\\View\\Components\\Factory.php(59): Illuminate\\Console\\View\\Components\\Task->render('routes', Object(Closure))
#20 D:\\Backend-game-topup\\web\\project\\vendor\\laravel\\framework\\src\\Illuminate\\Foundation\\Console\\OptimizeCommand.php(48): Illuminate\\Console\\View\\Components\\Factory->__call('task', Array)
#21 D:\\Backend-game-topup\\web\\project\\vendor\\laravel\\framework\\src\\Illuminate\\Container\\BoundMethod.php(36): Illuminate\\Foundation\\Console\\OptimizeCommand->handle()
#22 D:\\Backend-game-topup\\web\\project\\vendor\\laravel\\framework\\src\\Illuminate\\Container\\Util.php(43): Illuminate\\Container\\BoundMethod::{closure:Illuminate\\Container\\BoundMethod::call():35}()
#23 D:\\Backend-game-topup\\web\\project\\vendor\\laravel\\framework\\src\\Illuminate\\Container\\BoundMethod.php(96): Illuminate\\Container\\Util::unwrapIfClosure(Object(Closure))
#24 D:\\Backend-game-topup\\web\\project\\vendor\\laravel\\framework\\src\\Illuminate\\Container\\BoundMethod.php(35): Illuminate\\Container\\BoundMethod::callBoundMethod(Object(Illuminate\\Foundation\\Application), Array, Object(Closure))
#25 D:\\Backend-game-topup\\web\\project\\vendor\\laravel\\framework\\src\\Illuminate\\Container\\Container.php(799): Illuminate\\Container\\BoundMethod::call(Object(Illuminate\\Foundation\\Application), Array, Array, NULL)
#26 D:\\Backend-game-topup\\web\\project\\vendor\\laravel\\framework\\src\\Illuminate\\Console\\Command.php(211): Illuminate\\Container\\Container->call(Array)
#27 D:\\Backend-game-topup\\web\\project\\vendor\\symfony\\console\\Command\\Command.php(341): Illuminate\\Console\\Command->execute(Object(Symfony\\Component\\Console\\Input\\ArgvInput), Object(Illuminate\\Console\\OutputStyle))
#28 D:\\Backend-game-topup\\web\\project\\vendor\\laravel\\framework\\src\\Illuminate\\Console\\Command.php(180): Symfony\\Component\\Console\\Command\\Command->run(Object(Symfony\\Component\\Console\\Input\\ArgvInput), Object(Illuminate\\Console\\OutputStyle))
#29 D:\\Backend-game-topup\\web\\project\\vendor\\symfony\\console\\Application.php(1102): Illuminate\\Console\\Command->run(Object(Symfony\\Component\\Console\\Input\\ArgvInput), Object(Symfony\\Component\\Console\\Output\\ConsoleOutput))
#30 D:\\Backend-game-topup\\web\\project\\vendor\\symfony\\console\\Application.php(356): Symfony\\Component\\Console\\Application->doRunCommand(Object(Illuminate\\Foundation\\Console\\OptimizeCommand), Object(Symfony\\Component\\Console\\Input\\ArgvInput), Object(Symfony\\Component\\Console\\Output\\ConsoleOutput))
#31 D:\\Backend-game-topup\\web\\project\\vendor\\symfony\\console\\Application.php(195): Symfony\\Component\\Console\\Application->doRun(Object(Symfony\\Component\\Console\\Input\\ArgvInput), Object(Symfony\\Component\\Console\\Output\\ConsoleOutput))
#32 D:\\Backend-game-topup\\web\\project\\vendor\\laravel\\framework\\src\\Illuminate\\Foundation\\Console\\Kernel.php(198): Symfony\\Component\\Console\\Application->run(Object(Symfony\\Component\\Console\\Input\\ArgvInput), Object(Symfony\\Component\\Console\\Output\\ConsoleOutput))
#33 D:\\Backend-game-topup\\web\\project\\artisan(35): Illuminate\\Foundation\\Console\\Kernel->handle(Object(Symfony\\Component\\Console\\Input\\ArgvInput), Object(Symfony\\Component\\Console\\Output\\ConsoleOutput))
#34 {main}
"} 
[2026-01-12 15:16:11] local.ERROR: Unable to prepare route [kategori/{id}/detail] for serialization. Another route has already been assigned name [kategori.detail.update]. {"exception":"[object] (LogicException(code: 0): Unable to prepare route [kategori/{id}/detail] for serialization. Another route has already been assigned name [kategori.detail.update]. at D:\\Backend-game-topup\\web\\project\\vendor\\laravel\\framework\\src\\Illuminate\\Routing\\AbstractRouteCollection.php:258)
[stacktrace]
#0 D:\\Backend-game-topup\\web\\project\\vendor\\laravel\\framework\\src\\Illuminate\\Routing\\AbstractRouteCollection.php(222): Illuminate\\Routing\\AbstractRouteCollection->addToSymfonyRoutesCollection(Object(Symfony\\Component\\Routing\\RouteCollection), Object(Illuminate\\Routing\\Route))
#1 D:\\Backend-game-topup\\web\\project\\vendor\\laravel\\framework\\src\\Illuminate\\Routing\\RouteCollection.php(268): Illuminate\\Routing\\AbstractRouteCollection->toSymfonyRouteCollection()
#2 D:\\Backend-game-topup\\web\\project\\vendor\\laravel\\framework\\src\\Illuminate\\Routing\\AbstractRouteCollection.php(201): Illuminate\\Routing\\RouteCollection->toSymfonyRouteCollection()
#3 D:\\Backend-game-topup\\web\\project\\vendor\\laravel\\framework\\src\\Illuminate\\Routing\\AbstractRouteCollection.php(172): Illuminate\\Routing\\AbstractRouteCollection->dumper()
#4 D:\\Backend-game-topup\\web\\project\\vendor\\laravel\\framework\\src\\Illuminate\\Foundation\\Console\\RouteCacheCommand.php(108): Illuminate\\Routing\\AbstractRouteCollection->compile()
#5 D:\\Backend-game-topup\\web\\project\\vendor\\laravel\\framework\\src\\Illuminate\\Foundation\\Console\\RouteCacheCommand.php(67): Illuminate\\Foundation\\Console\\RouteCacheCommand->buildRouteCacheFile(Object(Illuminate\\Routing\\RouteCollection))
#6 D:\\Backend-game-topup\\web\\project\\vendor\\laravel\\framework\\src\\Illuminate\\Container\\BoundMethod.php(36): Illuminate\\Foundation\\Console\\RouteCacheCommand->handle()
#7 D:\\Backend-game-topup\\web\\project\\vendor\\laravel\\framework\\src\\Illuminate\\Container\\Util.php(43): Illuminate\\Container\\BoundMethod::{closure:Illuminate\\Container\\BoundMethod::call():35}()
#8 D:\\Backend-game-topup\\web\\project\\vendor\\laravel\\framework\\src\\Illuminate\\Container\\BoundMethod.php(96): Illuminate\\Container\\Util::unwrapIfClosure(Object(Closure))
#9 D:\\Backend-game-topup\\web\\project\\vendor\\laravel\\framework\\src\\Illuminate\\Container\\BoundMethod.php(35): Illuminate\\Container\\BoundMethod::callBoundMethod(Object(Illuminate\\Foundation\\Application), Array, Object(Closure))
#10 D:\\Backend-game-topup\\web\\project\\vendor\\laravel\\framework\\src\\Illuminate\\Container\\Container.php(799): Illuminate\\Container\\BoundMethod::call(Object(Illuminate\\Foundation\\Application), Array, Array, NULL)
#11 D:\\Backend-game-topup\\web\\project\\vendor\\laravel\\framework\\src\\Illuminate\\Console\\Command.php(211): Illuminate\\Container\\Container->call(Array)
#12 D:\\Backend-game-topup\\web\\project\\vendor\\symfony\\console\\Command\\Command.php(341): Illuminate\\Console\\Command->execute(Object(Symfony\\Component\\Console\\Input\\ArrayInput), Object(Illuminate\\Console\\OutputStyle))
#13 D:\\Backend-game-topup\\web\\project\\vendor\\laravel\\framework\\src\\Illuminate\\Console\\Command.php(180): Symfony\\Component\\Console\\Command\\Command->run(Object(Symfony\\Component\\Console\\Input\\ArrayInput), Object(Illuminate\\Console\\OutputStyle))
#14 D:\\Backend-game-topup\\web\\project\\vendor\\laravel\\framework\\src\\Illuminate\\Console\\Concerns\\CallsCommands.php(68): Illuminate\\Console\\Command->run(Object(Symfony\\Component\\Console\\Input\\ArrayInput), Object(Symfony\\Component\\Console\\Output\\NullOutput))
#15 D:\\Backend-game-topup\\web\\project\\vendor\\laravel\\framework\\src\\Illuminate\\Console\\Concerns\\CallsCommands.php(41): Illuminate\\Console\\Command->runCommand('route:cache', Array, Object(Symfony\\Component\\Console\\Output\\NullOutput))
#16 D:\\Backend-game-topup\\web\\project\\vendor\\laravel\\framework\\src\\Illuminate\\Console\\Concerns\\CallsCommands.php(53): Illuminate\\Console\\Command->callSilent('route:cache', Array)
#17 D:\\Backend-game-topup\\web\\project\\vendor\\laravel\\framework\\src\\Illuminate\\Foundation\\Console\\OptimizeCommand.php(48): Illuminate\\Console\\Command->callSilently('route:cache')
#18 D:\\Backend-game-topup\\web\\project\\vendor\\laravel\\framework\\src\\Illuminate\\Console\\View\\Components\\Task.php(41): Illuminate\\Foundation\\Console\\OptimizeCommand->{closure:Illuminate\\Foundation\\Console\\OptimizeCommand::handle():48}()
#19 D:\\Backend-game-topup\\web\\project\\vendor\\laravel\\framework\\src\\Illuminate\\Console\\View\\Components\\Factory.php(59): Illuminate\\Console\\View\\Components\\Task->render('routes', Object(Closure))
#20 D:\\Backend-game-topup\\web\\project\\vendor\\laravel\\framework\\src\\Illuminate\\Foundation\\Console\\OptimizeCommand.php(48): Illuminate\\Console\\View\\Components\\Factory->__call('task', Array)
#21 D:\\Backend-game-topup\\web\\project\\vendor\\laravel\\framework\\src\\Illuminate\\Container\\BoundMethod.php(36): Illuminate\\Foundation\\Console\\OptimizeCommand->handle()
#22 D:\\Backend-game-topup\\web\\project\\vendor\\laravel\\framework\\src\\Illuminate\\Container\\Util.php(43): Illuminate\\Container\\BoundMethod::{closure:Illuminate\\Container\\BoundMethod::call():35}()
#23 D:\\Backend-game-topup\\web\\project\\vendor\\laravel\\framework\\src\\Illuminate\\Container\\BoundMethod.php(96): Illuminate\\Container\\Util::unwrapIfClosure(Object(Closure))
#24 D:\\Backend-game-topup\\web\\project\\vendor\\laravel\\framework\\src\\Illuminate\\Container\\BoundMethod.php(35): Illuminate\\Container\\BoundMethod::callBoundMethod(Object(Illuminate\\Foundation\\Application), Array, Object(Closure))
#25 D:\\Backend-game-topup\\web\\project\\vendor\\laravel\\framework\\src\\Illuminate\\Container\\Container.php(799): Illuminate\\Container\\BoundMethod::call(Object(Illuminate\\Foundation\\Application), Array, Array, NULL)
#26 D:\\Backend-game-topup\\web\\project\\vendor\\laravel\\framework\\src\\Illuminate\\Console\\Command.php(211): Illuminate\\Container\\Container->call(Array)
#27 D:\\Backend-game-topup\\web\\project\\vendor\\symfony\\console\\Command\\Command.php(341): Illuminate\\Console\\Command->execute(Object(Symfony\\Component\\Console\\Input\\ArgvInput), Object(Illuminate\\Console\\OutputStyle))
#28 D:\\Backend-game-topup\\web\\project\\vendor\\laravel\\framework\\src\\Illuminate\\Console\\Command.php(180): Symfony\\Component\\Console\\Command\\Command->run(Object(Symfony\\Component\\Console\\Input\\ArgvInput), Object(Illuminate\\Console\\OutputStyle))
#29 D:\\Backend-game-topup\\web\\project\\vendor\\symfony\\console\\Application.php(1102): Illuminate\\Console\\Command->run(Object(Symfony\\Component\\Console\\Input\\ArgvInput), Object(Symfony\\Component\\Console\\Output\\ConsoleOutput))
#30 D:\\Backend-game-topup\\web\\project\\vendor\\symfony\\console\\Application.php(356): Symfony\\Component\\Console\\Application->doRunCommand(Object(Illuminate\\Foundation\\Console\\OptimizeCommand), Object(Symfony\\Component\\Console\\Input\\ArgvInput), Object(Symfony\\Component\\Console\\Output\\ConsoleOutput))
#31 D:\\Backend-game-topup\\web\\project\\vendor\\symfony\\console\\Application.php(195): Symfony\\Component\\Console\\Application->doRun(Object(Symfony\\Component\\Console\\Input\\ArgvInput), Object(Symfony\\Component\\Console\\Output\\ConsoleOutput))
#32 D:\\Backend-game-topup\\web\\project\\vendor\\laravel\\framework\\src\\Illuminate\\Foundation\\Console\\Kernel.php(198): Symfony\\Component\\Console\\Application->run(Object(Symfony\\Component\\Console\\Input\\ArgvInput), Object(Symfony\\Component\\Console\\Output\\ConsoleOutput))
#33 D:\\Backend-game-topup\\web\\project\\artisan(35): Illuminate\\Foundation\\Console\\Kernel->handle(Object(Symfony\\Component\\Console\\Input\\ArgvInput), Object(Symfony\\Component\\Console\\Output\\ConsoleOutput))
#34 {main}
"} 
[2026-01-12 15:22:04] local.ERROR: Exception occurred: Unable to prepare route [paket-layanan/destroy] for serialization. Another route has already been assigned name [paket-layanan.destroy]. {"exception":"[object] (LogicException(code: 0): Unable to prepare route [paket-layanan/destroy] for serialization. Another route has already been assigned name [paket-layanan.destroy]. at D:\\Backend-game-topup\\web\\project\\vendor\\laravel\\framework\\src\\Illuminate\\Routing\\AbstractRouteCollection.php:258)
[stacktrace]
#0 D:\\Backend-game-topup\\web\\project\\vendor\\laravel\\framework\\src\\Illuminate\\Routing\\AbstractRouteCollection.php(222): Illuminate\\Routing\\AbstractRouteCollection->addToSymfonyRoutesCollection(Object(Symfony\\Component\\Routing\\RouteCollection), Object(Illuminate\\Routing\\Route))
#1 D:\\Backend-game-topup\\web\\project\\vendor\\laravel\\framework\\src\\Illuminate\\Routing\\RouteCollection.php(268): Illuminate\\Routing\\AbstractRouteCollection->toSymfonyRouteCollection()
#2 D:\\Backend-game-topup\\web\\project\\vendor\\laravel\\framework\\src\\Illuminate\\Routing\\AbstractRouteCollection.php(201): Illuminate\\Routing\\RouteCollection->toSymfonyRouteCollection()
#3 D:\\Backend-game-topup\\web\\project\\vendor\\laravel\\framework\\src\\Illuminate\\Routing\\AbstractRouteCollection.php(172): Illuminate\\Routing\\AbstractRouteCollection->dumper()
#4 D:\\Backend-game-topup\\web\\project\\vendor\\laravel\\framework\\src\\Illuminate\\Foundation\\Console\\RouteCacheCommand.php(108): Illuminate\\Routing\\AbstractRouteCollection->compile()
#5 D:\\Backend-game-topup\\web\\project\\vendor\\laravel\\framework\\src\\Illuminate\\Foundation\\Console\\RouteCacheCommand.php(67): Illuminate\\Foundation\\Console\\RouteCacheCommand->buildRouteCacheFile(Object(Illuminate\\Routing\\RouteCollection))
#6 D:\\Backend-game-topup\\web\\project\\vendor\\laravel\\framework\\src\\Illuminate\\Container\\BoundMethod.php(36): Illuminate\\Foundation\\Console\\RouteCacheCommand->handle()
#7 D:\\Backend-game-topup\\web\\project\\vendor\\laravel\\framework\\src\\Illuminate\\Container\\Util.php(43): Illuminate\\Container\\BoundMethod::{closure:Illuminate\\Container\\BoundMethod::call():35}()
#8 D:\\Backend-game-topup\\web\\project\\vendor\\laravel\\framework\\src\\Illuminate\\Container\\BoundMethod.php(96): Illuminate\\Container\\Util::unwrapIfClosure(Object(Closure))
#9 D:\\Backend-game-topup\\web\\project\\vendor\\laravel\\framework\\src\\Illuminate\\Container\\BoundMethod.php(35): Illuminate\\Container\\BoundMethod::callBoundMethod(Object(Illuminate\\Foundation\\Application), Array, Object(Closure))
#10 D:\\Backend-game-topup\\web\\project\\vendor\\laravel\\framework\\src\\Illuminate\\Container\\Container.php(799): Illuminate\\Container\\BoundMethod::call(Object(Illuminate\\Foundation\\Application), Array, Array, NULL)
#11 D:\\Backend-game-topup\\web\\project\\vendor\\laravel\\framework\\src\\Illuminate\\Console\\Command.php(211): Illuminate\\Container\\Container->call(Array)
#12 D:\\Backend-game-topup\\web\\project\\vendor\\symfony\\console\\Command\\Command.php(341): Illuminate\\Console\\Command->execute(Object(Symfony\\Component\\Console\\Input\\ArrayInput), Object(Illuminate\\Console\\OutputStyle))
#13 D:\\Backend-game-topup\\web\\project\\vendor\\laravel\\framework\\src\\Illuminate\\Console\\Command.php(180): Symfony\\Component\\Console\\Command\\Command->run(Object(Symfony\\Component\\Console\\Input\\ArrayInput), Object(Illuminate\\Console\\OutputStyle))
#14 D:\\Backend-game-topup\\web\\project\\vendor\\laravel\\framework\\src\\Illuminate\\Console\\Concerns\\CallsCommands.php(68): Illuminate\\Console\\Command->run(Object(Symfony\\Component\\Console\\Input\\ArrayInput), Object(Symfony\\Component\\Console\\Output\\NullOutput))
#15 D:\\Backend-game-topup\\web\\project\\vendor\\laravel\\framework\\src\\Illuminate\\Console\\Concerns\\CallsCommands.php(41): Illuminate\\Console\\Command->runCommand('route:cache', Array, Object(Symfony\\Component\\Console\\Output\\NullOutput))
#16 D:\\Backend-game-topup\\web\\project\\vendor\\laravel\\framework\\src\\Illuminate\\Console\\Concerns\\CallsCommands.php(53): Illuminate\\Console\\Command->callSilent('route:cache', Array)
#17 D:\\Backend-game-topup\\web\\project\\vendor\\laravel\\framework\\src\\Illuminate\\Foundation\\Console\\OptimizeCommand.php(48): Illuminate\\Console\\Command->callSilently('route:cache')
#18 D:\\Backend-game-topup\\web\\project\\vendor\\laravel\\framework\\src\\Illuminate\\Console\\View\\Components\\Task.php(41): Illuminate\\Foundation\\Console\\OptimizeCommand->{closure:Illuminate\\Foundation\\Console\\OptimizeCommand::handle():48}()
#19 D:\\Backend-game-topup\\web\\project\\vendor\\laravel\\framework\\src\\Illuminate\\Console\\View\\Components\\Factory.php(59): Illuminate\\Console\\View\\Components\\Task->render('routes', Object(Closure))
#20 D:\\Backend-game-topup\\web\\project\\vendor\\laravel\\framework\\src\\Illuminate\\Foundation\\Console\\OptimizeCommand.php(48): Illuminate\\Console\\View\\Components\\Factory->__call('task', Array)
#21 D:\\Backend-game-topup\\web\\project\\vendor\\laravel\\framework\\src\\Illuminate\\Container\\BoundMethod.php(36): Illuminate\\Foundation\\Console\\OptimizeCommand->handle()
#22 D:\\Backend-game-topup\\web\\project\\vendor\\laravel\\framework\\src\\Illuminate\\Container\\Util.php(43): Illuminate\\Container\\BoundMethod::{closure:Illuminate\\Container\\BoundMethod::call():35}()
#23 D:\\Backend-game-topup\\web\\project\\vendor\\laravel\\framework\\src\\Illuminate\\Container\\BoundMethod.php(96): Illuminate\\Container\\Util::unwrapIfClosure(Object(Closure))
#24 D:\\Backend-game-topup\\web\\project\\vendor\\laravel\\framework\\src\\Illuminate\\Container\\BoundMethod.php(35): Illuminate\\Container\\BoundMethod::callBoundMethod(Object(Illuminate\\Foundation\\Application), Array, Object(Closure))
#25 D:\\Backend-game-topup\\web\\project\\vendor\\laravel\\framework\\src\\Illuminate\\Container\\Container.php(799): Illuminate\\Container\\BoundMethod::call(Object(Illuminate\\Foundation\\Application), Array, Array, NULL)
#26 D:\\Backend-game-topup\\web\\project\\vendor\\laravel\\framework\\src\\Illuminate\\Console\\Command.php(211): Illuminate\\Container\\Container->call(Array)
#27 D:\\Backend-game-topup\\web\\project\\vendor\\symfony\\console\\Command\\Command.php(341): Illuminate\\Console\\Command->execute(Object(Symfony\\Component\\Console\\Input\\ArgvInput), Object(Illuminate\\Console\\OutputStyle))
#28 D:\\Backend-game-topup\\web\\project\\vendor\\laravel\\framework\\src\\Illuminate\\Console\\Command.php(180): Symfony\\Component\\Console\\Command\\Command->run(Object(Symfony\\Component\\Console\\Input\\ArgvInput), Object(Illuminate\\Console\\OutputStyle))
#29 D:\\Backend-game-topup\\web\\project\\vendor\\symfony\\console\\Application.php(1102): Illuminate\\Console\\Command->run(Object(Symfony\\Component\\Console\\Input\\ArgvInput), Object(Symfony\\Component\\Console\\Output\\ConsoleOutput))
#30 D:\\Backend-game-topup\\web\\project\\vendor\\symfony\\console\\Application.php(356): Symfony\\Component\\Console\\Application->doRunCommand(Object(Illuminate\\Foundation\\Console\\OptimizeCommand), Object(Symfony\\Component\\Console\\Input\\ArgvInput), Object(Symfony\\Component\\Console\\Output\\ConsoleOutput))
#31 D:\\Backend-game-topup\\web\\project\\vendor\\symfony\\console\\Application.php(195): Symfony\\Component\\Console\\Application->doRun(Object(Symfony\\Component\\Console\\Input\\ArgvInput), Object(Symfony\\Component\\Console\\Output\\ConsoleOutput))
#32 D:\\Backend-game-topup\\web\\project\\vendor\\laravel\\framework\\src\\Illuminate\\Foundation\\Console\\Kernel.php(198): Symfony\\Component\\Console\\Application->run(Object(Symfony\\Component\\Console\\Input\\ArgvInput), Object(Symfony\\Component\\Console\\Output\\ConsoleOutput))
#33 D:\\Backend-game-topup\\web\\project\\artisan(35): Illuminate\\Foundation\\Console\\Kernel->handle(Object(Symfony\\Component\\Console\\Input\\ArgvInput), Object(Symfony\\Component\\Console\\Output\\ConsoleOutput))
#34 {main}
"} 
[2026-01-12 15:22:04] local.ERROR: Unable to prepare route [paket-layanan/destroy] for serialization. Another route has already been assigned name [paket-layanan.destroy]. {"exception":"[object] (LogicException(code: 0): Unable to prepare route [paket-layanan/destroy] for serialization. Another route has already been assigned name [paket-layanan.destroy]. at D:\\Backend-game-topup\\web\\project\\vendor\\laravel\\framework\\src\\Illuminate\\Routing\\AbstractRouteCollection.php:258)
[stacktrace]
#0 D:\\Backend-game-topup\\web\\project\\vendor\\laravel\\framework\\src\\Illuminate\\Routing\\AbstractRouteCollection.php(222): Illuminate\\Routing\\AbstractRouteCollection->addToSymfonyRoutesCollection(Object(Symfony\\Component\\Routing\\RouteCollection), Object(Illuminate\\Routing\\Route))
#1 D:\\Backend-game-topup\\web\\project\\vendor\\laravel\\framework\\src\\Illuminate\\Routing\\RouteCollection.php(268): Illuminate\\Routing\\AbstractRouteCollection->toSymfonyRouteCollection()
#2 D:\\Backend-game-topup\\web\\project\\vendor\\laravel\\framework\\src\\Illuminate\\Routing\\AbstractRouteCollection.php(201): Illuminate\\Routing\\RouteCollection->toSymfonyRouteCollection()
#3 D:\\Backend-game-topup\\web\\project\\vendor\\laravel\\framework\\src\\Illuminate\\Routing\\AbstractRouteCollection.php(172): Illuminate\\Routing\\AbstractRouteCollection->dumper()
#4 D:\\Backend-game-topup\\web\\project\\vendor\\laravel\\framework\\src\\Illuminate\\Foundation\\Console\\RouteCacheCommand.php(108): Illuminate\\Routing\\AbstractRouteCollection->compile()
#5 D:\\Backend-game-topup\\web\\project\\vendor\\laravel\\framework\\src\\Illuminate\\Foundation\\Console\\RouteCacheCommand.php(67): Illuminate\\Foundation\\Console\\RouteCacheCommand->buildRouteCacheFile(Object(Illuminate\\Routing\\RouteCollection))
#6 D:\\Backend-game-topup\\web\\project\\vendor\\laravel\\framework\\src\\Illuminate\\Container\\BoundMethod.php(36): Illuminate\\Foundation\\Console\\RouteCacheCommand->handle()
#7 D:\\Backend-game-topup\\web\\project\\vendor\\laravel\\framework\\src\\Illuminate\\Container\\Util.php(43): Illuminate\\Container\\BoundMethod::{closure:Illuminate\\Container\\BoundMethod::call():35}()
#8 D:\\Backend-game-topup\\web\\project\\vendor\\laravel\\framework\\src\\Illuminate\\Container\\BoundMethod.php(96): Illuminate\\Container\\Util::unwrapIfClosure(Object(Closure))
#9 D:\\Backend-game-topup\\web\\project\\vendor\\laravel\\framework\\src\\Illuminate\\Container\\BoundMethod.php(35): Illuminate\\Container\\BoundMethod::callBoundMethod(Object(Illuminate\\Foundation\\Application), Array, Object(Closure))
#10 D:\\Backend-game-topup\\web\\project\\vendor\\laravel\\framework\\src\\Illuminate\\Container\\Container.php(799): Illuminate\\Container\\BoundMethod::call(Object(Illuminate\\Foundation\\Application), Array, Array, NULL)
#11 D:\\Backend-game-topup\\web\\project\\vendor\\laravel\\framework\\src\\Illuminate\\Console\\Command.php(211): Illuminate\\Container\\Container->call(Array)
#12 D:\\Backend-game-topup\\web\\project\\vendor\\symfony\\console\\Command\\Command.php(341): Illuminate\\Console\\Command->execute(Object(Symfony\\Component\\Console\\Input\\ArrayInput), Object(Illuminate\\Console\\OutputStyle))
#13 D:\\Backend-game-topup\\web\\project\\vendor\\laravel\\framework\\src\\Illuminate\\Console\\Command.php(180): Symfony\\Component\\Console\\Command\\Command->run(Object(Symfony\\Component\\Console\\Input\\ArrayInput), Object(Illuminate\\Console\\OutputStyle))
#14 D:\\Backend-game-topup\\web\\project\\vendor\\laravel\\framework\\src\\Illuminate\\Console\\Concerns\\CallsCommands.php(68): Illuminate\\Console\\Command->run(Object(Symfony\\Component\\Console\\Input\\ArrayInput), Object(Symfony\\Component\\Console\\Output\\NullOutput))
#15 D:\\Backend-game-topup\\web\\project\\vendor\\laravel\\framework\\src\\Illuminate\\Console\\Concerns\\CallsCommands.php(41): Illuminate\\Console\\Command->runCommand('route:cache', Array, Object(Symfony\\Component\\Console\\Output\\NullOutput))
#16 D:\\Backend-game-topup\\web\\project\\vendor\\laravel\\framework\\src\\Illuminate\\Console\\Concerns\\CallsCommands.php(53): Illuminate\\Console\\Command->callSilent('route:cache', Array)
#17 D:\\Backend-game-topup\\web\\project\\vendor\\laravel\\framework\\src\\Illuminate\\Foundation\\Console\\OptimizeCommand.php(48): Illuminate\\Console\\Command->callSilently('route:cache')
#18 D:\\Backend-game-topup\\web\\project\\vendor\\laravel\\framework\\src\\Illuminate\\Console\\View\\Components\\Task.php(41): Illuminate\\Foundation\\Console\\OptimizeCommand->{closure:Illuminate\\Foundation\\Console\\OptimizeCommand::handle():48}()
#19 D:\\Backend-game-topup\\web\\project\\vendor\\laravel\\framework\\src\\Illuminate\\Console\\View\\Components\\Factory.php(59): Illuminate\\Console\\View\\Components\\Task->render('routes', Object(Closure))
#20 D:\\Backend-game-topup\\web\\project\\vendor\\laravel\\framework\\src\\Illuminate\\Foundation\\Console\\OptimizeCommand.php(48): Illuminate\\Console\\View\\Components\\Factory->__call('task', Array)
#21 D:\\Backend-game-topup\\web\\project\\vendor\\laravel\\framework\\src\\Illuminate\\Container\\BoundMethod.php(36): Illuminate\\Foundation\\Console\\OptimizeCommand->handle()
#22 D:\\Backend-game-topup\\web\\project\\vendor\\laravel\\framework\\src\\Illuminate\\Container\\Util.php(43): Illuminate\\Container\\BoundMethod::{closure:Illuminate\\Container\\BoundMethod::call():35}()
#23 D:\\Backend-game-topup\\web\\project\\vendor\\laravel\\framework\\src\\Illuminate\\Container\\BoundMethod.php(96): Illuminate\\Container\\Util::unwrapIfClosure(Object(Closure))
#24 D:\\Backend-game-topup\\web\\project\\vendor\\laravel\\framework\\src\\Illuminate\\Container\\BoundMethod.php(35): Illuminate\\Container\\BoundMethod::callBoundMethod(Object(Illuminate\\Foundation\\Application), Array, Object(Closure))
#25 D:\\Backend-game-topup\\web\\project\\vendor\\laravel\\framework\\src\\Illuminate\\Container\\Container.php(799): Illuminate\\Container\\BoundMethod::call(Object(Illuminate\\Foundation\\Application), Array, Array, NULL)
#26 D:\\Backend-game-topup\\web\\project\\vendor\\laravel\\framework\\src\\Illuminate\\Console\\Command.php(211): Illuminate\\Container\\Container->call(Array)
#27 D:\\Backend-game-topup\\web\\project\\vendor\\symfony\\console\\Command\\Command.php(341): Illuminate\\Console\\Command->execute(Object(Symfony\\Component\\Console\\Input\\ArgvInput), Object(Illuminate\\Console\\OutputStyle))
#28 D:\\Backend-game-topup\\web\\project\\vendor\\laravel\\framework\\src\\Illuminate\\Console\\Command.php(180): Symfony\\Component\\Console\\Command\\Command->run(Object(Symfony\\Component\\Console\\Input\\ArgvInput), Object(Illuminate\\Console\\OutputStyle))
#29 D:\\Backend-game-topup\\web\\project\\vendor\\symfony\\console\\Application.php(1102): Illuminate\\Console\\Command->run(Object(Symfony\\Component\\Console\\Input\\ArgvInput), Object(Symfony\\Component\\Console\\Output\\ConsoleOutput))
#30 D:\\Backend-game-topup\\web\\project\\vendor\\symfony\\console\\Application.php(356): Symfony\\Component\\Console\\Application->doRunCommand(Object(Illuminate\\Foundation\\Console\\OptimizeCommand), Object(Symfony\\Component\\Console\\Input\\ArgvInput), Object(Symfony\\Component\\Console\\Output\\ConsoleOutput))
#31 D:\\Backend-game-topup\\web\\project\\vendor\\symfony\\console\\Application.php(195): Symfony\\Component\\Console\\Application->doRun(Object(Symfony\\Component\\Console\\Input\\ArgvInput), Object(Symfony\\Component\\Console\\Output\\ConsoleOutput))
#32 D:\\Backend-game-topup\\web\\project\\vendor\\laravel\\framework\\src\\Illuminate\\Foundation\\Console\\Kernel.php(198): Symfony\\Component\\Console\\Application->run(Object(Symfony\\Component\\Console\\Input\\ArgvInput), Object(Symfony\\Component\\Console\\Output\\ConsoleOutput))
#33 D:\\Backend-game-topup\\web\\project\\artisan(35): Illuminate\\Foundation\\Console\\Kernel->handle(Object(Symfony\\Component\\Console\\Input\\ArgvInput), Object(Symfony\\Component\\Console\\Output\\ConsoleOutput))
#34 {main}
"} 
