[2025-10-17 12:21:34] local.ERROR: Exception occurred: Method Filament\Tables\Columns\ImageColumn::directory does not exist. {"exception":"[object] (BadMethodCallException(code: 0): Method Filament\\Tables\\Columns\\ImageColumn::directory does not exist. at D:\\Backend-game-topup\\web\\project\\vendor\\filament\\support\\src\\Concerns\\Macroable.php:77)
[stacktrace]
#0 D:\\Backend-game-topup\\web\\project\\app\\Filament\\Admin\\Resources\\Beritas\\Tables\\BeritasTable.php(23): Filament\\Support\\Components\\Component->__call('directory', Array)
#1 D:\\Backend-game-topup\\web\\project\\app\\Filament\\Admin\\Resources\\Beritas\\BeritaResource.php(43): App\\Filament\\Admin\\Resources\\Beritas\\Tables\\BeritasTable::configure(Object(Filament\\Tables\\Table))
#2 D:\\Backend-game-topup\\web\\project\\vendor\\filament\\filament\\src\\Resources\\Resource.php(64): App\\Filament\\Admin\\Resources\\Beritas\\BeritaResource::table(Object(Filament\\Tables\\Table))
#3 D:\\Backend-game-topup\\web\\project\\vendor\\filament\\filament\\src\\Resources\\Pages\\ListRecords.php(196): Filament\\Resources\\Resource::configureTable(Object(Filament\\Tables\\Table))
#4 D:\\Backend-game-topup\\web\\project\\vendor\\filament\\tables\\src\\Concerns\\InteractsWithTable.php(46): Filament\\Resources\\Pages\\ListRecords->makeTable()
#5 D:\\Backend-game-topup\\web\\project\\vendor\\laravel\\framework\\src\\Illuminate\\Container\\BoundMethod.php(36): Filament\\Resources\\Pages\\ListRecords->bootedInteractsWithTable()
#6 D:\\Backend-game-topup\\web\\project\\vendor\\laravel\\framework\\src\\Illuminate\\Container\\Util.php(43): Illuminate\\Container\\BoundMethod::{closure:Illuminate\\Container\\BoundMethod::call():35}()
#7 D:\\Backend-game-topup\\web\\project\\vendor\\laravel\\framework\\src\\Illuminate\\Container\\BoundMethod.php(96): Illuminate\\Container\\Util::unwrapIfClosure(Object(Closure))
#8 D:\\Backend-game-topup\\web\\project\\vendor\\laravel\\framework\\src\\Illuminate\\Container\\BoundMethod.php(35): Illuminate\\Container\\BoundMethod::callBoundMethod(Object(Illuminate\\Foundation\\Application), Array, Object(Closure))
#9 D:\\Backend-game-topup\\web\\project\\vendor\\livewire\\livewire\\src\\Wrapped.php(23): Illuminate\\Container\\BoundMethod::call(Object(Illuminate\\Foundation\\Application), Array, Array)
#10 D:\\Backend-game-topup\\web\\project\\vendor\\livewire\\livewire\\src\\Features\\SupportLifecycleHooks\\SupportLifecycleHooks.php(144): Livewire\\Wrapped->__call('bootedInteracts...', Array)
#11 D:\\Backend-game-topup\\web\\project\\vendor\\livewire\\livewire\\src\\Features\\SupportLifecycleHooks\\SupportLifecycleHooks.php(24): Livewire\\Features\\SupportLifecycleHooks\\SupportLifecycleHooks->callTraitHook('booted')
#12 D:\\Backend-game-topup\\web\\project\\vendor\\livewire\\livewire\\src\\ComponentHook.php(19): Livewire\\Features\\SupportLifecycleHooks\\SupportLifecycleHooks->mount(Array, false)
#13 D:\\Backend-game-topup\\web\\project\\vendor\\livewire\\livewire\\src\\ComponentHookRegistry.php(45): Livewire\\ComponentHook->callMount(Array, false)
#14 D:\\Backend-game-topup\\web\\project\\vendor\\livewire\\livewire\\src\\EventBus.php(60): Livewire\\ComponentHookRegistry::{closure:Livewire\\ComponentHookRegistry::boot():39}(Object(App\\Filament\\Admin\\Resources\\Beritas\\Pages\\ListBeritas), Array, NULL, false)
#15 D:\\Backend-game-topup\\web\\project\\vendor\\livewire\\livewire\\src\\helpers.php(98): Livewire\\EventBus->trigger('mount', Object(App\\Filament\\Admin\\Resources\\Beritas\\Pages\\ListBeritas), Array, NULL, false)
#16 D:\\Backend-game-topup\\web\\project\\vendor\\livewire\\livewire\\src\\Mechanisms\\HandleComponents\\HandleComponents.php(50): Livewire\\trigger('mount', Object(App\\Filament\\Admin\\Resources\\Beritas\\Pages\\ListBeritas), Array, NULL, false)
#17 D:\\Backend-game-topup\\web\\project\\vendor\\livewire\\livewire\\src\\LivewireManager.php(73): Livewire\\Mechanisms\\HandleComponents\\HandleComponents->mount('App\\\\Filament\\\\Ad...', Array, NULL)
#18 D:\\Backend-game-topup\\web\\project\\vendor\\livewire\\livewire\\src\\Features\\SupportPageComponents\\HandlesPageComponents.php(17): Livewire\\LivewireManager->mount('App\\\\Filament\\\\Ad...', Array)
#19 D:\\Backend-game-topup\\web\\project\\vendor\\livewire\\livewire\\src\\Features\\SupportPageComponents\\SupportPageComponents.php(117): Livewire\\Component->{closure:Livewire\\Features\\SupportPageComponents\\HandlesPageComponents::__invoke():14}()
#20 D:\\Backend-game-topup\\web\\project\\vendor\\livewire\\livewire\\src\\Features\\SupportPageComponents\\HandlesPageComponents.php(14): Livewire\\Features\\SupportPageComponents\\SupportPageComponents::interceptTheRenderOfTheComponentAndRetreiveTheLayoutConfiguration(Object(Closure))
#21 D:\\Backend-game-topup\\web\\project\\vendor\\laravel\\framework\\src\\Illuminate\\Routing\\ControllerDispatcher.php(46): Livewire\\Component->__invoke()
#22 D:\\Backend-game-topup\\web\\project\\vendor\\laravel\\framework\\src\\Illuminate\\Routing\\Route.php(265): Illuminate\\Routing\\ControllerDispatcher->dispatch(Object(Illuminate\\Routing\\Route), Object(App\\Filament\\Admin\\Resources\\Beritas\\Pages\\ListBeritas), '__invoke')
#23 D:\\Backend-game-topup\\web\\project\\vendor\\laravel\\framework\\src\\Illuminate\\Routing\\Route.php(211): Illuminate\\Routing\\Route->runController()
#24 D:\\Backend-game-topup\\web\\project\\vendor\\laravel\\framework\\src\\Illuminate\\Routing\\Router.php(822): Illuminate\\Routing\\Route->run()
#25 D:\\Backend-game-topup\\web\\project\\vendor\\laravel\\framework\\src\\Illuminate\\Pipeline\\Pipeline.php(180): Illuminate\\Routing\\Router->{closure:Illuminate\\Routing\\Router::runRouteWithinStack():821}(Object(Illuminate\\Http\\Request))
#26 D:\\Backend-game-topup\\web\\project\\app\\Http\\Middleware\\CheckRole.php(22): Illuminate\\Pipeline\\Pipeline->{closure:Illuminate\\Pipeline\\Pipeline::prepareDestination():178}(Object(Illuminate\\Http\\Request))
#27 D:\\Backend-game-topup\\web\\project\\vendor\\laravel\\framework\\src\\Illuminate\\Pipeline\\Pipeline.php(219): App\\Http\\Middleware\\CheckRole->handle(Object(Illuminate\\Http\\Request), Object(Closure))
#28 D:\\Backend-game-topup\\web\\project\\vendor\\filament\\filament\\src\\Http\\Middleware\\DispatchServingFilamentEvent.php(15): Illuminate\\Pipeline\\Pipeline->{closure:{closure:Illuminate\\Pipeline\\Pipeline::carry():194}:195}(Object(Illuminate\\Http\\Request))
#29 D:\\Backend-game-topup\\web\\project\\vendor\\laravel\\framework\\src\\Illuminate\\Pipeline\\Pipeline.php(219): Filament\\Http\\Middleware\\DispatchServingFilamentEvent->handle(Object(Illuminate\\Http\\Request), Object(Closure))
#30 D:\\Backend-game-topup\\web\\project\\vendor\\filament\\filament\\src\\Http\\Middleware\\DisableBladeIconComponents.php(14): Illuminate\\Pipeline\\Pipeline->{closure:{closure:Illuminate\\Pipeline\\Pipeline::carry():194}:195}(Object(Illuminate\\Http\\Request))
#31 D:\\Backend-game-topup\\web\\project\\vendor\\laravel\\framework\\src\\Illuminate\\Pipeline\\Pipeline.php(219): Filament\\Http\\Middleware\\DisableBladeIconComponents->handle(Object(Illuminate\\Http\\Request), Object(Closure))
#32 D:\\Backend-game-topup\\web\\project\\vendor\\laravel\\framework\\src\\Illuminate\\Routing\\Middleware\\SubstituteBindings.php(50): Illuminate\\Pipeline\\Pipeline->{closure:{closure:Illuminate\\Pipeline\\Pipeline::carry():194}:195}(Object(Illuminate\\Http\\Request))
#33 D:\\Backend-game-topup\\web\\project\\vendor\\laravel\\framework\\src\\Illuminate\\Pipeline\\Pipeline.php(219): Illuminate\\Routing\\Middleware\\SubstituteBindings->handle(Object(Illuminate\\Http\\Request), Object(Closure))
#34 D:\\Backend-game-topup\\web\\project\\vendor\\laravel\\framework\\src\\Illuminate\\Foundation\\Http\\Middleware\\VerifyCsrfToken.php(87): Illuminate\\Pipeline\\Pipeline->{closure:{closure:Illuminate\\Pipeline\\Pipeline::carry():194}:195}(Object(Illuminate\\Http\\Request))
#35 D:\\Backend-game-topup\\web\\project\\vendor\\laravel\\framework\\src\\Illuminate\\Pipeline\\Pipeline.php(219): Illuminate\\Foundation\\Http\\Middleware\\VerifyCsrfToken->handle(Object(Illuminate\\Http\\Request), Object(Closure))
#36 D:\\Backend-game-topup\\web\\project\\vendor\\laravel\\framework\\src\\Illuminate\\Session\\Middleware\\AuthenticateSession.php(66): Illuminate\\Pipeline\\Pipeline->{closure:{closure:Illuminate\\Pipeline\\Pipeline::carry():194}:195}(Object(Illuminate\\Http\\Request))
#37 D:\\Backend-game-topup\\web\\project\\vendor\\laravel\\framework\\src\\Illuminate\\Pipeline\\Pipeline.php(219): Illuminate\\Session\\Middleware\\AuthenticateSession->handle(Object(Illuminate\\Http\\Request), Object(Closure))
#38 D:\\Backend-game-topup\\web\\project\\vendor\\laravel\\framework\\src\\Illuminate\\Auth\\Middleware\\Authenticate.php(63): Illuminate\\Pipeline\\Pipeline->{closure:{closure:Illuminate\\Pipeline\\Pipeline::carry():194}:195}(Object(Illuminate\\Http\\Request))
#39 D:\\Backend-game-topup\\web\\project\\vendor\\laravel\\framework\\src\\Illuminate\\Pipeline\\Pipeline.php(219): Illuminate\\Auth\\Middleware\\Authenticate->handle(Object(Illuminate\\Http\\Request), Object(Closure))
#40 D:\\Backend-game-topup\\web\\project\\vendor\\laravel\\framework\\src\\Illuminate\\View\\Middleware\\ShareErrorsFromSession.php(48): Illuminate\\Pipeline\\Pipeline->{closure:{closure:Illuminate\\Pipeline\\Pipeline::carry():194}:195}(Object(Illuminate\\Http\\Request))
#41 D:\\Backend-game-topup\\web\\project\\vendor\\laravel\\framework\\src\\Illuminate\\Pipeline\\Pipeline.php(219): Illuminate\\View\\Middleware\\ShareErrorsFromSession->handle(Object(Illuminate\\Http\\Request), Object(Closure))
#42 D:\\Backend-game-topup\\web\\project\\vendor\\laravel\\framework\\src\\Illuminate\\Session\\Middleware\\StartSession.php(120): Illuminate\\Pipeline\\Pipeline->{closure:{closure:Illuminate\\Pipeline\\Pipeline::carry():194}:195}(Object(Illuminate\\Http\\Request))
#43 D:\\Backend-game-topup\\web\\project\\vendor\\laravel\\framework\\src\\Illuminate\\Session\\Middleware\\StartSession.php(63): Illuminate\\Session\\Middleware\\StartSession->handleStatefulRequest(Object(Illuminate\\Http\\Request), Object(Illuminate\\Session\\EncryptedStore), Object(Closure))
#44 D:\\Backend-game-topup\\web\\project\\vendor\\laravel\\framework\\src\\Illuminate\\Pipeline\\Pipeline.php(219): Illuminate\\Session\\Middleware\\StartSession->handle(Object(Illuminate\\Http\\Request), Object(Closure))
#45 D:\\Backend-game-topup\\web\\project\\vendor\\laravel\\framework\\src\\Illuminate\\Cookie\\Middleware\\AddQueuedCookiesToResponse.php(36): Illuminate\\Pipeline\\Pipeline->{closure:{closure:Illuminate\\Pipeline\\Pipeline::carry():194}:195}(Object(Illuminate\\Http\\Request))
#46 D:\\Backend-game-topup\\web\\project\\vendor\\laravel\\framework\\src\\Illuminate\\Pipeline\\Pipeline.php(219): Illuminate\\Cookie\\Middleware\\AddQueuedCookiesToResponse->handle(Object(Illuminate\\Http\\Request), Object(Closure))
#47 D:\\Backend-game-topup\\web\\project\\vendor\\laravel\\framework\\src\\Illuminate\\Cookie\\Middleware\\EncryptCookies.php(74): Illuminate\\Pipeline\\Pipeline->{closure:{closure:Illuminate\\Pipeline\\Pipeline::carry():194}:195}(Object(Illuminate\\Http\\Request))
#48 D:\\Backend-game-topup\\web\\project\\vendor\\laravel\\framework\\src\\Illuminate\\Pipeline\\Pipeline.php(219): Illuminate\\Cookie\\Middleware\\EncryptCookies->handle(Object(Illuminate\\Http\\Request), Object(Closure))
#49 D:\\Backend-game-topup\\web\\project\\vendor\\filament\\filament\\src\\Http\\Middleware\\SetUpPanel.php(19): Illuminate\\Pipeline\\Pipeline->{closure:{closure:Illuminate\\Pipeline\\Pipeline::carry():194}:195}(Object(Illuminate\\Http\\Request))
#50 D:\\Backend-game-topup\\web\\project\\vendor\\laravel\\framework\\src\\Illuminate\\Pipeline\\Pipeline.php(219): Filament\\Http\\Middleware\\SetUpPanel->handle(Object(Illuminate\\Http\\Request), Object(Closure), Object(Filament\\Panel))
#51 D:\\Backend-game-topup\\web\\project\\vendor\\laravel\\framework\\src\\Illuminate\\Pipeline\\Pipeline.php(137): Illuminate\\Pipeline\\Pipeline->{closure:{closure:Illuminate\\Pipeline\\Pipeline::carry():194}:195}(Object(Illuminate\\Http\\Request))
#52 D:\\Backend-game-topup\\web\\project\\vendor\\laravel\\framework\\src\\Illuminate\\Routing\\Router.php(821): Illuminate\\Pipeline\\Pipeline->then(Object(Closure))
#53 D:\\Backend-game-topup\\web\\project\\vendor\\laravel\\framework\\src\\Illuminate\\Routing\\Router.php(800): Illuminate\\Routing\\Router->runRouteWithinStack(Object(Illuminate\\Routing\\Route), Object(Illuminate\\Http\\Request))
#54 D:\\Backend-game-topup\\web\\project\\vendor\\laravel\\framework\\src\\Illuminate\\Routing\\Router.php(764): Illuminate\\Routing\\Router->runRoute(Object(Illuminate\\Http\\Request), Object(Illuminate\\Routing\\Route))
#55 D:\\Backend-game-topup\\web\\project\\vendor\\laravel\\framework\\src\\Illuminate\\Routing\\Router.php(753): Illuminate\\Routing\\Router->dispatchToRoute(Object(Illuminate\\Http\\Request))
#56 D:\\Backend-game-topup\\web\\project\\vendor\\laravel\\framework\\src\\Illuminate\\Foundation\\Http\\Kernel.php(200): Illuminate\\Routing\\Router->dispatch(Object(Illuminate\\Http\\Request))
#57 D:\\Backend-game-topup\\web\\project\\vendor\\laravel\\framework\\src\\Illuminate\\Pipeline\\Pipeline.php(180): Illuminate\\Foundation\\Http\\Kernel->{closure:Illuminate\\Foundation\\Http\\Kernel::dispatchToRouter():197}(Object(Illuminate\\Http\\Request))
#58 D:\\Backend-game-topup\\web\\project\\vendor\\livewire\\livewire\\src\\Features\\SupportDisablingBackButtonCache\\DisableBackButtonCacheMiddleware.php(19): Illuminate\\Pipeline\\Pipeline->{closure:Illuminate\\Pipeline\\Pipeline::prepareDestination():178}(Object(Illuminate\\Http\\Request))
#59 D:\\Backend-game-topup\\web\\project\\vendor\\laravel\\framework\\src\\Illuminate\\Pipeline\\Pipeline.php(219): Livewire\\Features\\SupportDisablingBackButtonCache\\DisableBackButtonCacheMiddleware->handle(Object(Illuminate\\Http\\Request), Object(Closure))
#60 D:\\Backend-game-topup\\web\\project\\vendor\\laravel\\framework\\src\\Illuminate\\Foundation\\Http\\Middleware\\TransformsRequest.php(21): Illuminate\\Pipeline\\Pipeline->{closure:{closure:Illuminate\\Pipeline\\Pipeline::carry():194}:195}(Object(Illuminate\\Http\\Request))
#61 D:\\Backend-game-topup\\web\\project\\vendor\\laravel\\framework\\src\\Illuminate\\Foundation\\Http\\Middleware\\ConvertEmptyStringsToNull.php(31): Illuminate\\Foundation\\Http\\Middleware\\TransformsRequest->handle(Object(Illuminate\\Http\\Request), Object(Closure))
#62 D:\\Backend-game-topup\\web\\project\\vendor\\laravel\\framework\\src\\Illuminate\\Pipeline\\Pipeline.php(219): Illuminate\\Foundation\\Http\\Middleware\\ConvertEmptyStringsToNull->handle(Object(Illuminate\\Http\\Request), Object(Closure))
#63 D:\\Backend-game-topup\\web\\project\\vendor\\laravel\\framework\\src\\Illuminate\\Foundation\\Http\\Middleware\\TransformsRequest.php(21): Illuminate\\Pipeline\\Pipeline->{closure:{closure:Illuminate\\Pipeline\\Pipeline::carry():194}:195}(Object(Illuminate\\Http\\Request))
#64 D:\\Backend-game-topup\\web\\project\\vendor\\laravel\\framework\\src\\Illuminate\\Foundation\\Http\\Middleware\\TrimStrings.php(51): Illuminate\\Foundation\\Http\\Middleware\\TransformsRequest->handle(Object(Illuminate\\Http\\Request), Object(Closure))
#65 D:\\Backend-game-topup\\web\\project\\vendor\\laravel\\framework\\src\\Illuminate\\Pipeline\\Pipeline.php(219): Illuminate\\Foundation\\Http\\Middleware\\TrimStrings->handle(Object(Illuminate\\Http\\Request), Object(Closure))
#66 D:\\Backend-game-topup\\web\\project\\vendor\\laravel\\framework\\src\\Illuminate\\Http\\Middleware\\ValidatePostSize.php(27): Illuminate\\Pipeline\\Pipeline->{closure:{closure:Illuminate\\Pipeline\\Pipeline::carry():194}:195}(Object(Illuminate\\Http\\Request))
#67 D:\\Backend-game-topup\\web\\project\\vendor\\laravel\\framework\\src\\Illuminate\\Pipeline\\Pipeline.php(219): Illuminate\\Http\\Middleware\\ValidatePostSize->handle(Object(Illuminate\\Http\\Request), Object(Closure))
#68 D:\\Backend-game-topup\\web\\project\\vendor\\laravel\\framework\\src\\Illuminate\\Foundation\\Http\\Middleware\\PreventRequestsDuringMaintenance.php(109): Illuminate\\Pipeline\\Pipeline->{closure:{closure:Illuminate\\Pipeline\\Pipeline::carry():194}:195}(Object(Illuminate\\Http\\Request))
#69 D:\\Backend-game-topup\\web\\project\\vendor\\laravel\\framework\\src\\Illuminate\\Pipeline\\Pipeline.php(219): Illuminate\\Foundation\\Http\\Middleware\\PreventRequestsDuringMaintenance->handle(Object(Illuminate\\Http\\Request), Object(Closure))
#70 D:\\Backend-game-topup\\web\\project\\vendor\\laravel\\framework\\src\\Illuminate\\Http\\Middleware\\HandleCors.php(48): Illuminate\\Pipeline\\Pipeline->{closure:{closure:Illuminate\\Pipeline\\Pipeline::carry():194}:195}(Object(Illuminate\\Http\\Request))
#71 D:\\Backend-game-topup\\web\\project\\vendor\\laravel\\framework\\src\\Illuminate\\Pipeline\\Pipeline.php(219): Illuminate\\Http\\Middleware\\HandleCors->handle(Object(Illuminate\\Http\\Request), Object(Closure))
#72 D:\\Backend-game-topup\\web\\project\\vendor\\laravel\\framework\\src\\Illuminate\\Http\\Middleware\\TrustProxies.php(58): Illuminate\\Pipeline\\Pipeline->{closure:{closure:Illuminate\\Pipeline\\Pipeline::carry():194}:195}(Object(Illuminate\\Http\\Request))
#73 D:\\Backend-game-topup\\web\\project\\vendor\\laravel\\framework\\src\\Illuminate\\Pipeline\\Pipeline.php(219): Illuminate\\Http\\Middleware\\TrustProxies->handle(Object(Illuminate\\Http\\Request), Object(Closure))
#74 D:\\Backend-game-topup\\web\\project\\vendor\\laravel\\framework\\src\\Illuminate\\Http\\Middleware\\TrustHosts.php(78): Illuminate\\Pipeline\\Pipeline->{closure:{closure:Illuminate\\Pipeline\\Pipeline::carry():194}:195}(Object(Illuminate\\Http\\Request))
#75 D:\\Backend-game-topup\\web\\project\\vendor\\laravel\\framework\\src\\Illuminate\\Pipeline\\Pipeline.php(219): Illuminate\\Http\\Middleware\\TrustHosts->handle(Object(Illuminate\\Http\\Request), Object(Closure))
#76 D:\\Backend-game-topup\\web\\project\\vendor\\laravel\\framework\\src\\Illuminate\\Pipeline\\Pipeline.php(137): Illuminate\\Pipeline\\Pipeline->{closure:{closure:Illuminate\\Pipeline\\Pipeline::carry():194}:195}(Object(Illuminate\\Http\\Request))
#77 D:\\Backend-game-topup\\web\\project\\vendor\\laravel\\framework\\src\\Illuminate\\Foundation\\Http\\Kernel.php(175): Illuminate\\Pipeline\\Pipeline->then(Object(Closure))
#78 D:\\Backend-game-topup\\web\\project\\vendor\\laravel\\framework\\src\\Illuminate\\Foundation\\Http\\Kernel.php(144): Illuminate\\Foundation\\Http\\Kernel->sendRequestThroughRouter(Object(Illuminate\\Http\\Request))
#79 D:\\Backend-game-topup\\web\\project\\public\\index.php(51): Illuminate\\Foundation\\Http\\Kernel->handle(Object(Illuminate\\Http\\Request))
#80 D:\\Backend-game-topup\\web\\project\\server.php(21): require_once('D:\\\\Backend-game...')
#81 {main}
"} 
[2025-10-17 12:21:34] local.ERROR: Method Filament\Tables\Columns\ImageColumn::directory does not exist. {"userId":350,"exception":"[object] (BadMethodCallException(code: 0): Method Filament\\Tables\\Columns\\ImageColumn::directory does not exist. at D:\\Backend-game-topup\\web\\project\\vendor\\filament\\support\\src\\Concerns\\Macroable.php:77)
[stacktrace]
#0 D:\\Backend-game-topup\\web\\project\\app\\Filament\\Admin\\Resources\\Beritas\\Tables\\BeritasTable.php(23): Filament\\Support\\Components\\Component->__call('directory', Array)
#1 D:\\Backend-game-topup\\web\\project\\app\\Filament\\Admin\\Resources\\Beritas\\BeritaResource.php(43): App\\Filament\\Admin\\Resources\\Beritas\\Tables\\BeritasTable::configure(Object(Filament\\Tables\\Table))
#2 D:\\Backend-game-topup\\web\\project\\vendor\\filament\\filament\\src\\Resources\\Resource.php(64): App\\Filament\\Admin\\Resources\\Beritas\\BeritaResource::table(Object(Filament\\Tables\\Table))
#3 D:\\Backend-game-topup\\web\\project\\vendor\\filament\\filament\\src\\Resources\\Pages\\ListRecords.php(196): Filament\\Resources\\Resource::configureTable(Object(Filament\\Tables\\Table))
#4 D:\\Backend-game-topup\\web\\project\\vendor\\filament\\tables\\src\\Concerns\\InteractsWithTable.php(46): Filament\\Resources\\Pages\\ListRecords->makeTable()
#5 D:\\Backend-game-topup\\web\\project\\vendor\\laravel\\framework\\src\\Illuminate\\Container\\BoundMethod.php(36): Filament\\Resources\\Pages\\ListRecords->bootedInteractsWithTable()
#6 D:\\Backend-game-topup\\web\\project\\vendor\\laravel\\framework\\src\\Illuminate\\Container\\Util.php(43): Illuminate\\Container\\BoundMethod::{closure:Illuminate\\Container\\BoundMethod::call():35}()
#7 D:\\Backend-game-topup\\web\\project\\vendor\\laravel\\framework\\src\\Illuminate\\Container\\BoundMethod.php(96): Illuminate\\Container\\Util::unwrapIfClosure(Object(Closure))
#8 D:\\Backend-game-topup\\web\\project\\vendor\\laravel\\framework\\src\\Illuminate\\Container\\BoundMethod.php(35): Illuminate\\Container\\BoundMethod::callBoundMethod(Object(Illuminate\\Foundation\\Application), Array, Object(Closure))
#9 D:\\Backend-game-topup\\web\\project\\vendor\\livewire\\livewire\\src\\Wrapped.php(23): Illuminate\\Container\\BoundMethod::call(Object(Illuminate\\Foundation\\Application), Array, Array)
#10 D:\\Backend-game-topup\\web\\project\\vendor\\livewire\\livewire\\src\\Features\\SupportLifecycleHooks\\SupportLifecycleHooks.php(144): Livewire\\Wrapped->__call('bootedInteracts...', Array)
#11 D:\\Backend-game-topup\\web\\project\\vendor\\livewire\\livewire\\src\\Features\\SupportLifecycleHooks\\SupportLifecycleHooks.php(24): Livewire\\Features\\SupportLifecycleHooks\\SupportLifecycleHooks->callTraitHook('booted')
#12 D:\\Backend-game-topup\\web\\project\\vendor\\livewire\\livewire\\src\\ComponentHook.php(19): Livewire\\Features\\SupportLifecycleHooks\\SupportLifecycleHooks->mount(Array, false)
#13 D:\\Backend-game-topup\\web\\project\\vendor\\livewire\\livewire\\src\\ComponentHookRegistry.php(45): Livewire\\ComponentHook->callMount(Array, false)
#14 D:\\Backend-game-topup\\web\\project\\vendor\\livewire\\livewire\\src\\EventBus.php(60): Livewire\\ComponentHookRegistry::{closure:Livewire\\ComponentHookRegistry::boot():39}(Object(App\\Filament\\Admin\\Resources\\Beritas\\Pages\\ListBeritas), Array, NULL, false)
#15 D:\\Backend-game-topup\\web\\project\\vendor\\livewire\\livewire\\src\\helpers.php(98): Livewire\\EventBus->trigger('mount', Object(App\\Filament\\Admin\\Resources\\Beritas\\Pages\\ListBeritas), Array, NULL, false)
#16 D:\\Backend-game-topup\\web\\project\\vendor\\livewire\\livewire\\src\\Mechanisms\\HandleComponents\\HandleComponents.php(50): Livewire\\trigger('mount', Object(App\\Filament\\Admin\\Resources\\Beritas\\Pages\\ListBeritas), Array, NULL, false)
#17 D:\\Backend-game-topup\\web\\project\\vendor\\livewire\\livewire\\src\\LivewireManager.php(73): Livewire\\Mechanisms\\HandleComponents\\HandleComponents->mount('App\\\\Filament\\\\Ad...', Array, NULL)
#18 D:\\Backend-game-topup\\web\\project\\vendor\\livewire\\livewire\\src\\Features\\SupportPageComponents\\HandlesPageComponents.php(17): Livewire\\LivewireManager->mount('App\\\\Filament\\\\Ad...', Array)
#19 D:\\Backend-game-topup\\web\\project\\vendor\\livewire\\livewire\\src\\Features\\SupportPageComponents\\SupportPageComponents.php(117): Livewire\\Component->{closure:Livewire\\Features\\SupportPageComponents\\HandlesPageComponents::__invoke():14}()
#20 D:\\Backend-game-topup\\web\\project\\vendor\\livewire\\livewire\\src\\Features\\SupportPageComponents\\HandlesPageComponents.php(14): Livewire\\Features\\SupportPageComponents\\SupportPageComponents::interceptTheRenderOfTheComponentAndRetreiveTheLayoutConfiguration(Object(Closure))
#21 D:\\Backend-game-topup\\web\\project\\vendor\\laravel\\framework\\src\\Illuminate\\Routing\\ControllerDispatcher.php(46): Livewire\\Component->__invoke()
#22 D:\\Backend-game-topup\\web\\project\\vendor\\laravel\\framework\\src\\Illuminate\\Routing\\Route.php(265): Illuminate\\Routing\\ControllerDispatcher->dispatch(Object(Illuminate\\Routing\\Route), Object(App\\Filament\\Admin\\Resources\\Beritas\\Pages\\ListBeritas), '__invoke')
#23 D:\\Backend-game-topup\\web\\project\\vendor\\laravel\\framework\\src\\Illuminate\\Routing\\Route.php(211): Illuminate\\Routing\\Route->runController()
#24 D:\\Backend-game-topup\\web\\project\\vendor\\laravel\\framework\\src\\Illuminate\\Routing\\Router.php(822): Illuminate\\Routing\\Route->run()
#25 D:\\Backend-game-topup\\web\\project\\vendor\\laravel\\framework\\src\\Illuminate\\Pipeline\\Pipeline.php(180): Illuminate\\Routing\\Router->{closure:Illuminate\\Routing\\Router::runRouteWithinStack():821}(Object(Illuminate\\Http\\Request))
#26 D:\\Backend-game-topup\\web\\project\\app\\Http\\Middleware\\CheckRole.php(22): Illuminate\\Pipeline\\Pipeline->{closure:Illuminate\\Pipeline\\Pipeline::prepareDestination():178}(Object(Illuminate\\Http\\Request))
#27 D:\\Backend-game-topup\\web\\project\\vendor\\laravel\\framework\\src\\Illuminate\\Pipeline\\Pipeline.php(219): App\\Http\\Middleware\\CheckRole->handle(Object(Illuminate\\Http\\Request), Object(Closure))
#28 D:\\Backend-game-topup\\web\\project\\vendor\\filament\\filament\\src\\Http\\Middleware\\DispatchServingFilamentEvent.php(15): Illuminate\\Pipeline\\Pipeline->{closure:{closure:Illuminate\\Pipeline\\Pipeline::carry():194}:195}(Object(Illuminate\\Http\\Request))
#29 D:\\Backend-game-topup\\web\\project\\vendor\\laravel\\framework\\src\\Illuminate\\Pipeline\\Pipeline.php(219): Filament\\Http\\Middleware\\DispatchServingFilamentEvent->handle(Object(Illuminate\\Http\\Request), Object(Closure))
#30 D:\\Backend-game-topup\\web\\project\\vendor\\filament\\filament\\src\\Http\\Middleware\\DisableBladeIconComponents.php(14): Illuminate\\Pipeline\\Pipeline->{closure:{closure:Illuminate\\Pipeline\\Pipeline::carry():194}:195}(Object(Illuminate\\Http\\Request))
#31 D:\\Backend-game-topup\\web\\project\\vendor\\laravel\\framework\\src\\Illuminate\\Pipeline\\Pipeline.php(219): Filament\\Http\\Middleware\\DisableBladeIconComponents->handle(Object(Illuminate\\Http\\Request), Object(Closure))
#32 D:\\Backend-game-topup\\web\\project\\vendor\\laravel\\framework\\src\\Illuminate\\Routing\\Middleware\\SubstituteBindings.php(50): Illuminate\\Pipeline\\Pipeline->{closure:{closure:Illuminate\\Pipeline\\Pipeline::carry():194}:195}(Object(Illuminate\\Http\\Request))
#33 D:\\Backend-game-topup\\web\\project\\vendor\\laravel\\framework\\src\\Illuminate\\Pipeline\\Pipeline.php(219): Illuminate\\Routing\\Middleware\\SubstituteBindings->handle(Object(Illuminate\\Http\\Request), Object(Closure))
#34 D:\\Backend-game-topup\\web\\project\\vendor\\laravel\\framework\\src\\Illuminate\\Foundation\\Http\\Middleware\\VerifyCsrfToken.php(87): Illuminate\\Pipeline\\Pipeline->{closure:{closure:Illuminate\\Pipeline\\Pipeline::carry():194}:195}(Object(Illuminate\\Http\\Request))
#35 D:\\Backend-game-topup\\web\\project\\vendor\\laravel\\framework\\src\\Illuminate\\Pipeline\\Pipeline.php(219): Illuminate\\Foundation\\Http\\Middleware\\VerifyCsrfToken->handle(Object(Illuminate\\Http\\Request), Object(Closure))
#36 D:\\Backend-game-topup\\web\\project\\vendor\\laravel\\framework\\src\\Illuminate\\Session\\Middleware\\AuthenticateSession.php(66): Illuminate\\Pipeline\\Pipeline->{closure:{closure:Illuminate\\Pipeline\\Pipeline::carry():194}:195}(Object(Illuminate\\Http\\Request))
#37 D:\\Backend-game-topup\\web\\project\\vendor\\laravel\\framework\\src\\Illuminate\\Pipeline\\Pipeline.php(219): Illuminate\\Session\\Middleware\\AuthenticateSession->handle(Object(Illuminate\\Http\\Request), Object(Closure))
#38 D:\\Backend-game-topup\\web\\project\\vendor\\laravel\\framework\\src\\Illuminate\\Auth\\Middleware\\Authenticate.php(63): Illuminate\\Pipeline\\Pipeline->{closure:{closure:Illuminate\\Pipeline\\Pipeline::carry():194}:195}(Object(Illuminate\\Http\\Request))
#39 D:\\Backend-game-topup\\web\\project\\vendor\\laravel\\framework\\src\\Illuminate\\Pipeline\\Pipeline.php(219): Illuminate\\Auth\\Middleware\\Authenticate->handle(Object(Illuminate\\Http\\Request), Object(Closure))
#40 D:\\Backend-game-topup\\web\\project\\vendor\\laravel\\framework\\src\\Illuminate\\View\\Middleware\\ShareErrorsFromSession.php(48): Illuminate\\Pipeline\\Pipeline->{closure:{closure:Illuminate\\Pipeline\\Pipeline::carry():194}:195}(Object(Illuminate\\Http\\Request))
#41 D:\\Backend-game-topup\\web\\project\\vendor\\laravel\\framework\\src\\Illuminate\\Pipeline\\Pipeline.php(219): Illuminate\\View\\Middleware\\ShareErrorsFromSession->handle(Object(Illuminate\\Http\\Request), Object(Closure))
#42 D:\\Backend-game-topup\\web\\project\\vendor\\laravel\\framework\\src\\Illuminate\\Session\\Middleware\\StartSession.php(120): Illuminate\\Pipeline\\Pipeline->{closure:{closure:Illuminate\\Pipeline\\Pipeline::carry():194}:195}(Object(Illuminate\\Http\\Request))
#43 D:\\Backend-game-topup\\web\\project\\vendor\\laravel\\framework\\src\\Illuminate\\Session\\Middleware\\StartSession.php(63): Illuminate\\Session\\Middleware\\StartSession->handleStatefulRequest(Object(Illuminate\\Http\\Request), Object(Illuminate\\Session\\EncryptedStore), Object(Closure))
#44 D:\\Backend-game-topup\\web\\project\\vendor\\laravel\\framework\\src\\Illuminate\\Pipeline\\Pipeline.php(219): Illuminate\\Session\\Middleware\\StartSession->handle(Object(Illuminate\\Http\\Request), Object(Closure))
#45 D:\\Backend-game-topup\\web\\project\\vendor\\laravel\\framework\\src\\Illuminate\\Cookie\\Middleware\\AddQueuedCookiesToResponse.php(36): Illuminate\\Pipeline\\Pipeline->{closure:{closure:Illuminate\\Pipeline\\Pipeline::carry():194}:195}(Object(Illuminate\\Http\\Request))
#46 D:\\Backend-game-topup\\web\\project\\vendor\\laravel\\framework\\src\\Illuminate\\Pipeline\\Pipeline.php(219): Illuminate\\Cookie\\Middleware\\AddQueuedCookiesToResponse->handle(Object(Illuminate\\Http\\Request), Object(Closure))
#47 D:\\Backend-game-topup\\web\\project\\vendor\\laravel\\framework\\src\\Illuminate\\Cookie\\Middleware\\EncryptCookies.php(74): Illuminate\\Pipeline\\Pipeline->{closure:{closure:Illuminate\\Pipeline\\Pipeline::carry():194}:195}(Object(Illuminate\\Http\\Request))
#48 D:\\Backend-game-topup\\web\\project\\vendor\\laravel\\framework\\src\\Illuminate\\Pipeline\\Pipeline.php(219): Illuminate\\Cookie\\Middleware\\EncryptCookies->handle(Object(Illuminate\\Http\\Request), Object(Closure))
#49 D:\\Backend-game-topup\\web\\project\\vendor\\filament\\filament\\src\\Http\\Middleware\\SetUpPanel.php(19): Illuminate\\Pipeline\\Pipeline->{closure:{closure:Illuminate\\Pipeline\\Pipeline::carry():194}:195}(Object(Illuminate\\Http\\Request))
#50 D:\\Backend-game-topup\\web\\project\\vendor\\laravel\\framework\\src\\Illuminate\\Pipeline\\Pipeline.php(219): Filament\\Http\\Middleware\\SetUpPanel->handle(Object(Illuminate\\Http\\Request), Object(Closure), Object(Filament\\Panel))
#51 D:\\Backend-game-topup\\web\\project\\vendor\\laravel\\framework\\src\\Illuminate\\Pipeline\\Pipeline.php(137): Illuminate\\Pipeline\\Pipeline->{closure:{closure:Illuminate\\Pipeline\\Pipeline::carry():194}:195}(Object(Illuminate\\Http\\Request))
#52 D:\\Backend-game-topup\\web\\project\\vendor\\laravel\\framework\\src\\Illuminate\\Routing\\Router.php(821): Illuminate\\Pipeline\\Pipeline->then(Object(Closure))
#53 D:\\Backend-game-topup\\web\\project\\vendor\\laravel\\framework\\src\\Illuminate\\Routing\\Router.php(800): Illuminate\\Routing\\Router->runRouteWithinStack(Object(Illuminate\\Routing\\Route), Object(Illuminate\\Http\\Request))
#54 D:\\Backend-game-topup\\web\\project\\vendor\\laravel\\framework\\src\\Illuminate\\Routing\\Router.php(764): Illuminate\\Routing\\Router->runRoute(Object(Illuminate\\Http\\Request), Object(Illuminate\\Routing\\Route))
#55 D:\\Backend-game-topup\\web\\project\\vendor\\laravel\\framework\\src\\Illuminate\\Routing\\Router.php(753): Illuminate\\Routing\\Router->dispatchToRoute(Object(Illuminate\\Http\\Request))
#56 D:\\Backend-game-topup\\web\\project\\vendor\\laravel\\framework\\src\\Illuminate\\Foundation\\Http\\Kernel.php(200): Illuminate\\Routing\\Router->dispatch(Object(Illuminate\\Http\\Request))
#57 D:\\Backend-game-topup\\web\\project\\vendor\\laravel\\framework\\src\\Illuminate\\Pipeline\\Pipeline.php(180): Illuminate\\Foundation\\Http\\Kernel->{closure:Illuminate\\Foundation\\Http\\Kernel::dispatchToRouter():197}(Object(Illuminate\\Http\\Request))
#58 D:\\Backend-game-topup\\web\\project\\vendor\\livewire\\livewire\\src\\Features\\SupportDisablingBackButtonCache\\DisableBackButtonCacheMiddleware.php(19): Illuminate\\Pipeline\\Pipeline->{closure:Illuminate\\Pipeline\\Pipeline::prepareDestination():178}(Object(Illuminate\\Http\\Request))
#59 D:\\Backend-game-topup\\web\\project\\vendor\\laravel\\framework\\src\\Illuminate\\Pipeline\\Pipeline.php(219): Livewire\\Features\\SupportDisablingBackButtonCache\\DisableBackButtonCacheMiddleware->handle(Object(Illuminate\\Http\\Request), Object(Closure))
#60 D:\\Backend-game-topup\\web\\project\\vendor\\laravel\\framework\\src\\Illuminate\\Foundation\\Http\\Middleware\\TransformsRequest.php(21): Illuminate\\Pipeline\\Pipeline->{closure:{closure:Illuminate\\Pipeline\\Pipeline::carry():194}:195}(Object(Illuminate\\Http\\Request))
#61 D:\\Backend-game-topup\\web\\project\\vendor\\laravel\\framework\\src\\Illuminate\\Foundation\\Http\\Middleware\\ConvertEmptyStringsToNull.php(31): Illuminate\\Foundation\\Http\\Middleware\\TransformsRequest->handle(Object(Illuminate\\Http\\Request), Object(Closure))
#62 D:\\Backend-game-topup\\web\\project\\vendor\\laravel\\framework\\src\\Illuminate\\Pipeline\\Pipeline.php(219): Illuminate\\Foundation\\Http\\Middleware\\ConvertEmptyStringsToNull->handle(Object(Illuminate\\Http\\Request), Object(Closure))
#63 D:\\Backend-game-topup\\web\\project\\vendor\\laravel\\framework\\src\\Illuminate\\Foundation\\Http\\Middleware\\TransformsRequest.php(21): Illuminate\\Pipeline\\Pipeline->{closure:{closure:Illuminate\\Pipeline\\Pipeline::carry():194}:195}(Object(Illuminate\\Http\\Request))
#64 D:\\Backend-game-topup\\web\\project\\vendor\\laravel\\framework\\src\\Illuminate\\Foundation\\Http\\Middleware\\TrimStrings.php(51): Illuminate\\Foundation\\Http\\Middleware\\TransformsRequest->handle(Object(Illuminate\\Http\\Request), Object(Closure))
#65 D:\\Backend-game-topup\\web\\project\\vendor\\laravel\\framework\\src\\Illuminate\\Pipeline\\Pipeline.php(219): Illuminate\\Foundation\\Http\\Middleware\\TrimStrings->handle(Object(Illuminate\\Http\\Request), Object(Closure))
#66 D:\\Backend-game-topup\\web\\project\\vendor\\laravel\\framework\\src\\Illuminate\\Http\\Middleware\\ValidatePostSize.php(27): Illuminate\\Pipeline\\Pipeline->{closure:{closure:Illuminate\\Pipeline\\Pipeline::carry():194}:195}(Object(Illuminate\\Http\\Request))
#67 D:\\Backend-game-topup\\web\\project\\vendor\\laravel\\framework\\src\\Illuminate\\Pipeline\\Pipeline.php(219): Illuminate\\Http\\Middleware\\ValidatePostSize->handle(Object(Illuminate\\Http\\Request), Object(Closure))
#68 D:\\Backend-game-topup\\web\\project\\vendor\\laravel\\framework\\src\\Illuminate\\Foundation\\Http\\Middleware\\PreventRequestsDuringMaintenance.php(109): Illuminate\\Pipeline\\Pipeline->{closure:{closure:Illuminate\\Pipeline\\Pipeline::carry():194}:195}(Object(Illuminate\\Http\\Request))
#69 D:\\Backend-game-topup\\web\\project\\vendor\\laravel\\framework\\src\\Illuminate\\Pipeline\\Pipeline.php(219): Illuminate\\Foundation\\Http\\Middleware\\PreventRequestsDuringMaintenance->handle(Object(Illuminate\\Http\\Request), Object(Closure))
#70 D:\\Backend-game-topup\\web\\project\\vendor\\laravel\\framework\\src\\Illuminate\\Http\\Middleware\\HandleCors.php(48): Illuminate\\Pipeline\\Pipeline->{closure:{closure:Illuminate\\Pipeline\\Pipeline::carry():194}:195}(Object(Illuminate\\Http\\Request))
#71 D:\\Backend-game-topup\\web\\project\\vendor\\laravel\\framework\\src\\Illuminate\\Pipeline\\Pipeline.php(219): Illuminate\\Http\\Middleware\\HandleCors->handle(Object(Illuminate\\Http\\Request), Object(Closure))
#72 D:\\Backend-game-topup\\web\\project\\vendor\\laravel\\framework\\src\\Illuminate\\Http\\Middleware\\TrustProxies.php(58): Illuminate\\Pipeline\\Pipeline->{closure:{closure:Illuminate\\Pipeline\\Pipeline::carry():194}:195}(Object(Illuminate\\Http\\Request))
#73 D:\\Backend-game-topup\\web\\project\\vendor\\laravel\\framework\\src\\Illuminate\\Pipeline\\Pipeline.php(219): Illuminate\\Http\\Middleware\\TrustProxies->handle(Object(Illuminate\\Http\\Request), Object(Closure))
#74 D:\\Backend-game-topup\\web\\project\\vendor\\laravel\\framework\\src\\Illuminate\\Http\\Middleware\\TrustHosts.php(78): Illuminate\\Pipeline\\Pipeline->{closure:{closure:Illuminate\\Pipeline\\Pipeline::carry():194}:195}(Object(Illuminate\\Http\\Request))
#75 D:\\Backend-game-topup\\web\\project\\vendor\\laravel\\framework\\src\\Illuminate\\Pipeline\\Pipeline.php(219): Illuminate\\Http\\Middleware\\TrustHosts->handle(Object(Illuminate\\Http\\Request), Object(Closure))
#76 D:\\Backend-game-topup\\web\\project\\vendor\\laravel\\framework\\src\\Illuminate\\Pipeline\\Pipeline.php(137): Illuminate\\Pipeline\\Pipeline->{closure:{closure:Illuminate\\Pipeline\\Pipeline::carry():194}:195}(Object(Illuminate\\Http\\Request))
#77 D:\\Backend-game-topup\\web\\project\\vendor\\laravel\\framework\\src\\Illuminate\\Foundation\\Http\\Kernel.php(175): Illuminate\\Pipeline\\Pipeline->then(Object(Closure))
#78 D:\\Backend-game-topup\\web\\project\\vendor\\laravel\\framework\\src\\Illuminate\\Foundation\\Http\\Kernel.php(144): Illuminate\\Foundation\\Http\\Kernel->sendRequestThroughRouter(Object(Illuminate\\Http\\Request))
#79 D:\\Backend-game-topup\\web\\project\\public\\index.php(51): Illuminate\\Foundation\\Http\\Kernel->handle(Object(Illuminate\\Http\\Request))
#80 D:\\Backend-game-topup\\web\\project\\server.php(21): require_once('D:\\\\Backend-game...')
#81 {main}
"} 
[2025-10-17 16:15:04] local.ERROR: Exception occurred: SQLSTATE[HY000] [2002] No connection could be made because the target machine actively refused it (Connection: mysql, SQL: select * from `users` where `id` = 350 limit 1) {"exception":"[object] (Illuminate\\Database\\QueryException(code: 2002): SQLSTATE[HY000] [2002] No connection could be made because the target machine actively refused it (Connection: mysql, SQL: select * from `users` where `id` = 350 limit 1) at D:\\Backend-game-topup\\web\\project\\vendor\\laravel\\framework\\src\\Illuminate\\Database\\Connection.php:824)
[stacktrace]
#0 D:\\Backend-game-topup\\web\\project\\vendor\\laravel\\framework\\src\\Illuminate\\Database\\Connection.php(978): Illuminate\\Database\\Connection->runQueryCallback('select * from `...', Array, Object(Closure))
#1 D:\\Backend-game-topup\\web\\project\\vendor\\laravel\\framework\\src\\Illuminate\\Database\\Connection.php(957): Illuminate\\Database\\Connection->tryAgainIfCausedByLostConnection(Object(Illuminate\\Database\\QueryException), 'select * from `...', Array, Object(Closure))
#2 D:\\Backend-game-topup\\web\\project\\vendor\\laravel\\framework\\src\\Illuminate\\Database\\Connection.php(780): Illuminate\\Database\\Connection->handleQueryException(Object(Illuminate\\Database\\QueryException), 'select * from `...', Array, Object(Closure))
#3 D:\\Backend-game-topup\\web\\project\\vendor\\laravel\\framework\\src\\Illuminate\\Database\\Connection.php(397): Illuminate\\Database\\Connection->run('select * from `...', Array, Object(Closure))
#4 D:\\Backend-game-topup\\web\\project\\vendor\\laravel\\framework\\src\\Illuminate\\Database\\Query\\Builder.php(3188): Illuminate\\Database\\Connection->select('select * from `...', Array, true)
#5 D:\\Backend-game-topup\\web\\project\\vendor\\laravel\\framework\\src\\Illuminate\\Database\\Query\\Builder.php(3173): Illuminate\\Database\\Query\\Builder->runSelect()
#6 D:\\Backend-game-topup\\web\\project\\vendor\\laravel\\framework\\src\\Illuminate\\Database\\Query\\Builder.php(3763): Illuminate\\Database\\Query\\Builder->{closure:Illuminate\\Database\\Query\\Builder::get():3172}()
#7 D:\\Backend-game-topup\\web\\project\\vendor\\laravel\\framework\\src\\Illuminate\\Database\\Query\\Builder.php(3172): Illuminate\\Database\\Query\\Builder->onceWithColumns(Array, Object(Closure))
#8 D:\\Backend-game-topup\\web\\project\\vendor\\laravel\\framework\\src\\Illuminate\\Database\\Eloquent\\Builder.php(902): Illuminate\\Database\\Query\\Builder->get(Array)
#9 D:\\Backend-game-topup\\web\\project\\vendor\\laravel\\framework\\src\\Illuminate\\Database\\Eloquent\\Builder.php(884): Illuminate\\Database\\Eloquent\\Builder->getModels(Array)
#10 D:\\Backend-game-topup\\web\\project\\vendor\\laravel\\framework\\src\\Illuminate\\Database\\Concerns\\BuildsQueries.php(366): Illuminate\\Database\\Eloquent\\Builder->get(Array)
#11 D:\\Backend-game-topup\\web\\project\\vendor\\laravel\\framework\\src\\Illuminate\\Auth\\EloquentUserProvider.php(58): Illuminate\\Database\\Eloquent\\Builder->first()
#12 D:\\Backend-game-topup\\web\\project\\vendor\\laravel\\framework\\src\\Illuminate\\Auth\\SessionGuard.php(179): Illuminate\\Auth\\EloquentUserProvider->retrieveById(350)
#13 D:\\Backend-game-topup\\web\\project\\vendor\\laravel\\framework\\src\\Illuminate\\Auth\\GuardHelpers.php(56): Illuminate\\Auth\\SessionGuard->user()
#14 D:\\Backend-game-topup\\web\\project\\vendor\\filament\\filament\\src\\Http\\Middleware\\Authenticate.php(19): Illuminate\\Auth\\SessionGuard->check()
#15 D:\\Backend-game-topup\\web\\project\\vendor\\laravel\\framework\\src\\Illuminate\\Auth\\Middleware\\Authenticate.php(61): Filament\\Http\\Middleware\\Authenticate->authenticate(Object(Illuminate\\Http\\Request), Array)
#16 D:\\Backend-game-topup\\web\\project\\vendor\\laravel\\framework\\src\\Illuminate\\Pipeline\\Pipeline.php(219): Illuminate\\Auth\\Middleware\\Authenticate->handle(Object(Illuminate\\Http\\Request), Object(Closure))
#17 D:\\Backend-game-topup\\web\\project\\vendor\\filament\\filament\\src\\Http\\Middleware\\SetUpPanel.php(19): Illuminate\\Pipeline\\Pipeline->{closure:{closure:Illuminate\\Pipeline\\Pipeline::carry():194}:195}(Object(Illuminate\\Http\\Request))
#18 D:\\Backend-game-topup\\web\\project\\vendor\\laravel\\framework\\src\\Illuminate\\Pipeline\\Pipeline.php(219): Filament\\Http\\Middleware\\SetUpPanel->handle(Object(Illuminate\\Http\\Request), Object(Closure), Object(Filament\\Panel))
#19 D:\\Backend-game-topup\\web\\project\\vendor\\laravel\\framework\\src\\Illuminate\\Pipeline\\Pipeline.php(137): Illuminate\\Pipeline\\Pipeline->{closure:{closure:Illuminate\\Pipeline\\Pipeline::carry():194}:195}(Object(Illuminate\\Http\\Request))
#20 D:\\Backend-game-topup\\web\\project\\vendor\\livewire\\livewire\\src\\Drawer\\Utils.php(182): Illuminate\\Pipeline\\Pipeline->then(Object(Closure))
#21 D:\\Backend-game-topup\\web\\project\\vendor\\livewire\\livewire\\src\\Mechanisms\\PersistentMiddleware\\PersistentMiddleware.php(98): Livewire\\Drawer\\Utils::applyMiddleware(Object(Illuminate\\Http\\Request), Array)
#22 D:\\Backend-game-topup\\web\\project\\vendor\\livewire\\livewire\\src\\Mechanisms\\PersistentMiddleware\\PersistentMiddleware.php(43): Livewire\\Mechanisms\\PersistentMiddleware\\PersistentMiddleware->applyPersistentMiddleware()
#23 D:\\Backend-game-topup\\web\\project\\vendor\\livewire\\livewire\\src\\EventBus.php(60): Livewire\\Mechanisms\\PersistentMiddleware\\PersistentMiddleware->{closure:Livewire\\Mechanisms\\PersistentMiddleware\\PersistentMiddleware::boot():37}(Array)
#24 D:\\Backend-game-topup\\web\\project\\vendor\\livewire\\livewire\\src\\helpers.php(98): Livewire\\EventBus->trigger('snapshot-verifi...', Array)
#25 D:\\Backend-game-topup\\web\\project\\vendor\\livewire\\livewire\\src\\Mechanisms\\HandleComponents\\HandleComponents.php(126): Livewire\\trigger('snapshot-verifi...', Array)
#26 D:\\Backend-game-topup\\web\\project\\vendor\\livewire\\livewire\\src\\Mechanisms\\HandleComponents\\HandleComponents.php(92): Livewire\\Mechanisms\\HandleComponents\\HandleComponents->fromSnapshot(Array)
#27 D:\\Backend-game-topup\\web\\project\\vendor\\livewire\\livewire\\src\\LivewireManager.php(102): Livewire\\Mechanisms\\HandleComponents\\HandleComponents->update(Array, Array, Array)
#28 D:\\Backend-game-topup\\web\\project\\vendor\\livewire\\livewire\\src\\Mechanisms\\HandleRequests\\HandleRequests.php(94): Livewire\\LivewireManager->update(Array, Array, Array)
#29 D:\\Backend-game-topup\\web\\project\\vendor\\laravel\\framework\\src\\Illuminate\\Routing\\ControllerDispatcher.php(46): Livewire\\Mechanisms\\HandleRequests\\HandleRequests->handleUpdate()
#30 D:\\Backend-game-topup\\web\\project\\vendor\\laravel\\framework\\src\\Illuminate\\Routing\\Route.php(265): Illuminate\\Routing\\ControllerDispatcher->dispatch(Object(Illuminate\\Routing\\Route), Object(Livewire\\Mechanisms\\HandleRequests\\HandleRequests), 'handleUpdate')
#31 D:\\Backend-game-topup\\web\\project\\vendor\\laravel\\framework\\src\\Illuminate\\Routing\\Route.php(211): Illuminate\\Routing\\Route->runController()
#32 D:\\Backend-game-topup\\web\\project\\vendor\\laravel\\framework\\src\\Illuminate\\Routing\\Router.php(822): Illuminate\\Routing\\Route->run()
#33 D:\\Backend-game-topup\\web\\project\\vendor\\laravel\\framework\\src\\Illuminate\\Pipeline\\Pipeline.php(180): Illuminate\\Routing\\Router->{closure:Illuminate\\Routing\\Router::runRouteWithinStack():821}(Object(Illuminate\\Http\\Request))
#34 D:\\Backend-game-topup\\web\\project\\app\\Http\\Middleware\\LanguageDetectMiddleware.php(24): Illuminate\\Pipeline\\Pipeline->{closure:Illuminate\\Pipeline\\Pipeline::prepareDestination():178}(Object(Illuminate\\Http\\Request))
#35 D:\\Backend-game-topup\\web\\project\\vendor\\laravel\\framework\\src\\Illuminate\\Pipeline\\Pipeline.php(219): App\\Http\\Middleware\\LanguageDetectMiddleware->handle(Object(Illuminate\\Http\\Request), Object(Closure))
#36 D:\\Backend-game-topup\\web\\project\\app\\Http\\Middleware\\TrackVisitors.php(33): Illuminate\\Pipeline\\Pipeline->{closure:{closure:Illuminate\\Pipeline\\Pipeline::carry():194}:195}(Object(Illuminate\\Http\\Request))
#37 D:\\Backend-game-topup\\web\\project\\vendor\\laravel\\framework\\src\\Illuminate\\Pipeline\\Pipeline.php(219): App\\Http\\Middleware\\TrackVisitors->handle(Object(Illuminate\\Http\\Request), Object(Closure))
#38 D:\\Backend-game-topup\\web\\project\\app\\Http\\Middleware\\AddExpirationDateToCookie.php(21): Illuminate\\Pipeline\\Pipeline->{closure:{closure:Illuminate\\Pipeline\\Pipeline::carry():194}:195}(Object(Illuminate\\Http\\Request))
#39 D:\\Backend-game-topup\\web\\project\\vendor\\laravel\\framework\\src\\Illuminate\\Pipeline\\Pipeline.php(219): App\\Http\\Middleware\\AddExpirationDateToCookie->handle(Object(Illuminate\\Http\\Request), Object(Closure))
#40 D:\\Backend-game-topup\\web\\project\\vendor\\laravel\\framework\\src\\Illuminate\\Routing\\Middleware\\SubstituteBindings.php(50): Illuminate\\Pipeline\\Pipeline->{closure:{closure:Illuminate\\Pipeline\\Pipeline::carry():194}:195}(Object(Illuminate\\Http\\Request))
#41 D:\\Backend-game-topup\\web\\project\\vendor\\laravel\\framework\\src\\Illuminate\\Pipeline\\Pipeline.php(219): Illuminate\\Routing\\Middleware\\SubstituteBindings->handle(Object(Illuminate\\Http\\Request), Object(Closure))
#42 D:\\Backend-game-topup\\web\\project\\app\\Http\\Middleware\\VerifyCsrfToken.php(31): Illuminate\\Pipeline\\Pipeline->{closure:{closure:Illuminate\\Pipeline\\Pipeline::carry():194}:195}(Object(Illuminate\\Http\\Request))
#43 D:\\Backend-game-topup\\web\\project\\vendor\\laravel\\framework\\src\\Illuminate\\Pipeline\\Pipeline.php(219): App\\Http\\Middleware\\VerifyCsrfToken->handle(Object(Illuminate\\Http\\Request), Object(Closure))
#44 D:\\Backend-game-topup\\web\\project\\vendor\\laravel\\framework\\src\\Illuminate\\View\\Middleware\\ShareErrorsFromSession.php(48): Illuminate\\Pipeline\\Pipeline->{closure:{closure:Illuminate\\Pipeline\\Pipeline::carry():194}:195}(Object(Illuminate\\Http\\Request))
#45 D:\\Backend-game-topup\\web\\project\\vendor\\laravel\\framework\\src\\Illuminate\\Pipeline\\Pipeline.php(219): Illuminate\\View\\Middleware\\ShareErrorsFromSession->handle(Object(Illuminate\\Http\\Request), Object(Closure))
#46 D:\\Backend-game-topup\\web\\project\\vendor\\laravel\\framework\\src\\Illuminate\\Session\\Middleware\\StartSession.php(120): Illuminate\\Pipeline\\Pipeline->{closure:{closure:Illuminate\\Pipeline\\Pipeline::carry():194}:195}(Object(Illuminate\\Http\\Request))
#47 D:\\Backend-game-topup\\web\\project\\vendor\\laravel\\framework\\src\\Illuminate\\Session\\Middleware\\StartSession.php(63): Illuminate\\Session\\Middleware\\StartSession->handleStatefulRequest(Object(Illuminate\\Http\\Request), Object(Illuminate\\Session\\EncryptedStore), Object(Closure))
#48 D:\\Backend-game-topup\\web\\project\\vendor\\laravel\\framework\\src\\Illuminate\\Pipeline\\Pipeline.php(219): Illuminate\\Session\\Middleware\\StartSession->handle(Object(Illuminate\\Http\\Request), Object(Closure))
#49 D:\\Backend-game-topup\\web\\project\\vendor\\laravel\\framework\\src\\Illuminate\\Cookie\\Middleware\\AddQueuedCookiesToResponse.php(36): Illuminate\\Pipeline\\Pipeline->{closure:{closure:Illuminate\\Pipeline\\Pipeline::carry():194}:195}(Object(Illuminate\\Http\\Request))
#50 D:\\Backend-game-topup\\web\\project\\vendor\\laravel\\framework\\src\\Illuminate\\Pipeline\\Pipeline.php(219): Illuminate\\Cookie\\Middleware\\AddQueuedCookiesToResponse->handle(Object(Illuminate\\Http\\Request), Object(Closure))
#51 D:\\Backend-game-topup\\web\\project\\vendor\\laravel\\framework\\src\\Illuminate\\Cookie\\Middleware\\EncryptCookies.php(74): Illuminate\\Pipeline\\Pipeline->{closure:{closure:Illuminate\\Pipeline\\Pipeline::carry():194}:195}(Object(Illuminate\\Http\\Request))
#52 D:\\Backend-game-topup\\web\\project\\vendor\\laravel\\framework\\src\\Illuminate\\Pipeline\\Pipeline.php(219): Illuminate\\Cookie\\Middleware\\EncryptCookies->handle(Object(Illuminate\\Http\\Request), Object(Closure))
#53 D:\\Backend-game-topup\\web\\project\\vendor\\laravel\\framework\\src\\Illuminate\\Pipeline\\Pipeline.php(137): Illuminate\\Pipeline\\Pipeline->{closure:{closure:Illuminate\\Pipeline\\Pipeline::carry():194}:195}(Object(Illuminate\\Http\\Request))
#54 D:\\Backend-game-topup\\web\\project\\vendor\\laravel\\framework\\src\\Illuminate\\Routing\\Router.php(821): Illuminate\\Pipeline\\Pipeline->then(Object(Closure))
#55 D:\\Backend-game-topup\\web\\project\\vendor\\laravel\\framework\\src\\Illuminate\\Routing\\Router.php(800): Illuminate\\Routing\\Router->runRouteWithinStack(Object(Illuminate\\Routing\\Route), Object(Illuminate\\Http\\Request))
#56 D:\\Backend-game-topup\\web\\project\\vendor\\laravel\\framework\\src\\Illuminate\\Routing\\Router.php(764): Illuminate\\Routing\\Router->runRoute(Object(Illuminate\\Http\\Request), Object(Illuminate\\Routing\\Route))
#57 D:\\Backend-game-topup\\web\\project\\vendor\\laravel\\framework\\src\\Illuminate\\Routing\\Router.php(753): Illuminate\\Routing\\Router->dispatchToRoute(Object(Illuminate\\Http\\Request))
#58 D:\\Backend-game-topup\\web\\project\\vendor\\laravel\\framework\\src\\Illuminate\\Foundation\\Http\\Kernel.php(200): Illuminate\\Routing\\Router->dispatch(Object(Illuminate\\Http\\Request))
#59 D:\\Backend-game-topup\\web\\project\\vendor\\laravel\\framework\\src\\Illuminate\\Pipeline\\Pipeline.php(180): Illuminate\\Foundation\\Http\\Kernel->{closure:Illuminate\\Foundation\\Http\\Kernel::dispatchToRouter():197}(Object(Illuminate\\Http\\Request))
#60 D:\\Backend-game-topup\\web\\project\\vendor\\livewire\\livewire\\src\\Features\\SupportDisablingBackButtonCache\\DisableBackButtonCacheMiddleware.php(19): Illuminate\\Pipeline\\Pipeline->{closure:Illuminate\\Pipeline\\Pipeline::prepareDestination():178}(Object(Illuminate\\Http\\Request))
#61 D:\\Backend-game-topup\\web\\project\\vendor\\laravel\\framework\\src\\Illuminate\\Pipeline\\Pipeline.php(219): Livewire\\Features\\SupportDisablingBackButtonCache\\DisableBackButtonCacheMiddleware->handle(Object(Illuminate\\Http\\Request), Object(Closure))
#62 D:\\Backend-game-topup\\web\\project\\vendor\\laravel\\framework\\src\\Illuminate\\Foundation\\Http\\Middleware\\ConvertEmptyStringsToNull.php(27): Illuminate\\Pipeline\\Pipeline->{closure:{closure:Illuminate\\Pipeline\\Pipeline::carry():194}:195}(Object(Illuminate\\Http\\Request))
#63 D:\\Backend-game-topup\\web\\project\\vendor\\laravel\\framework\\src\\Illuminate\\Pipeline\\Pipeline.php(219): Illuminate\\Foundation\\Http\\Middleware\\ConvertEmptyStringsToNull->handle(Object(Illuminate\\Http\\Request), Object(Closure))
#64 D:\\Backend-game-topup\\web\\project\\vendor\\laravel\\framework\\src\\Illuminate\\Foundation\\Http\\Middleware\\TrimStrings.php(47): Illuminate\\Pipeline\\Pipeline->{closure:{closure:Illuminate\\Pipeline\\Pipeline::carry():194}:195}(Object(Illuminate\\Http\\Request))
#65 D:\\Backend-game-topup\\web\\project\\vendor\\laravel\\framework\\src\\Illuminate\\Pipeline\\Pipeline.php(219): Illuminate\\Foundation\\Http\\Middleware\\TrimStrings->handle(Object(Illuminate\\Http\\Request), Object(Closure))
#66 D:\\Backend-game-topup\\web\\project\\vendor\\laravel\\framework\\src\\Illuminate\\Http\\Middleware\\ValidatePostSize.php(27): Illuminate\\Pipeline\\Pipeline->{closure:{closure:Illuminate\\Pipeline\\Pipeline::carry():194}:195}(Object(Illuminate\\Http\\Request))
#67 D:\\Backend-game-topup\\web\\project\\vendor\\laravel\\framework\\src\\Illuminate\\Pipeline\\Pipeline.php(219): Illuminate\\Http\\Middleware\\ValidatePostSize->handle(Object(Illuminate\\Http\\Request), Object(Closure))
#68 D:\\Backend-game-topup\\web\\project\\vendor\\laravel\\framework\\src\\Illuminate\\Foundation\\Http\\Middleware\\PreventRequestsDuringMaintenance.php(109): Illuminate\\Pipeline\\Pipeline->{closure:{closure:Illuminate\\Pipeline\\Pipeline::carry():194}:195}(Object(Illuminate\\Http\\Request))
#69 D:\\Backend-game-topup\\web\\project\\vendor\\laravel\\framework\\src\\Illuminate\\Pipeline\\Pipeline.php(219): Illuminate\\Foundation\\Http\\Middleware\\PreventRequestsDuringMaintenance->handle(Object(Illuminate\\Http\\Request), Object(Closure))
#70 D:\\Backend-game-topup\\web\\project\\vendor\\laravel\\framework\\src\\Illuminate\\Http\\Middleware\\HandleCors.php(48): Illuminate\\Pipeline\\Pipeline->{closure:{closure:Illuminate\\Pipeline\\Pipeline::carry():194}:195}(Object(Illuminate\\Http\\Request))
#71 D:\\Backend-game-topup\\web\\project\\vendor\\laravel\\framework\\src\\Illuminate\\Pipeline\\Pipeline.php(219): Illuminate\\Http\\Middleware\\HandleCors->handle(Object(Illuminate\\Http\\Request), Object(Closure))
#72 D:\\Backend-game-topup\\web\\project\\vendor\\laravel\\framework\\src\\Illuminate\\Http\\Middleware\\TrustProxies.php(58): Illuminate\\Pipeline\\Pipeline->{closure:{closure:Illuminate\\Pipeline\\Pipeline::carry():194}:195}(Object(Illuminate\\Http\\Request))
#73 D:\\Backend-game-topup\\web\\project\\vendor\\laravel\\framework\\src\\Illuminate\\Pipeline\\Pipeline.php(219): Illuminate\\Http\\Middleware\\TrustProxies->handle(Object(Illuminate\\Http\\Request), Object(Closure))
#74 D:\\Backend-game-topup\\web\\project\\vendor\\laravel\\framework\\src\\Illuminate\\Http\\Middleware\\TrustHosts.php(78): Illuminate\\Pipeline\\Pipeline->{closure:{closure:Illuminate\\Pipeline\\Pipeline::carry():194}:195}(Object(Illuminate\\Http\\Request))
#75 D:\\Backend-game-topup\\web\\project\\vendor\\laravel\\framework\\src\\Illuminate\\Pipeline\\Pipeline.php(219): Illuminate\\Http\\Middleware\\TrustHosts->handle(Object(Illuminate\\Http\\Request), Object(Closure))
#76 D:\\Backend-game-topup\\web\\project\\vendor\\laravel\\framework\\src\\Illuminate\\Pipeline\\Pipeline.php(137): Illuminate\\Pipeline\\Pipeline->{closure:{closure:Illuminate\\Pipeline\\Pipeline::carry():194}:195}(Object(Illuminate\\Http\\Request))
#77 D:\\Backend-game-topup\\web\\project\\vendor\\laravel\\framework\\src\\Illuminate\\Foundation\\Http\\Kernel.php(175): Illuminate\\Pipeline\\Pipeline->then(Object(Closure))
#78 D:\\Backend-game-topup\\web\\project\\vendor\\laravel\\framework\\src\\Illuminate\\Foundation\\Http\\Kernel.php(144): Illuminate\\Foundation\\Http\\Kernel->sendRequestThroughRouter(Object(Illuminate\\Http\\Request))
#79 D:\\Backend-game-topup\\web\\project\\public\\index.php(51): Illuminate\\Foundation\\Http\\Kernel->handle(Object(Illuminate\\Http\\Request))
#80 D:\\Backend-game-topup\\web\\project\\server.php(21): require_once('D:\\\\Backend-game...')
#81 {main}

[previous exception] [object] (PDOException(code: 2002): SQLSTATE[HY000] [2002] No connection could be made because the target machine actively refused it at D:\\Backend-game-topup\\web\\project\\vendor\\laravel\\framework\\src\\Illuminate\\Database\\Connectors\\Connector.php:67)
[stacktrace]
#0 D:\\Backend-game-topup\\web\\project\\vendor\\laravel\\framework\\src\\Illuminate\\Database\\Connectors\\Connector.php(67): PDO::connect('mysql:host=loca...', 'root', Object(SensitiveParameterValue), Array)
#1 D:\\Backend-game-topup\\web\\project\\vendor\\laravel\\framework\\src\\Illuminate\\Database\\Connectors\\Connector.php(85): Illuminate\\Database\\Connectors\\Connector->createPdoConnection('mysql:host=loca...', 'root', Object(SensitiveParameterValue), Array)
#2 D:\\Backend-game-topup\\web\\project\\vendor\\laravel\\framework\\src\\Illuminate\\Database\\Connectors\\Connector.php(48): Illuminate\\Database\\Connectors\\Connector->tryAgainIfCausedByLostConnection(Object(PDOException), 'mysql:host=loca...', 'root', Object(SensitiveParameterValue), Array)
#3 D:\\Backend-game-topup\\web\\project\\vendor\\laravel\\framework\\src\\Illuminate\\Database\\Connectors\\MySqlConnector.php(24): Illuminate\\Database\\Connectors\\Connector->createConnection('mysql:host=loca...', Array, Array)
#4 D:\\Backend-game-topup\\web\\project\\vendor\\laravel\\framework\\src\\Illuminate\\Database\\Connectors\\ConnectionFactory.php(184): Illuminate\\Database\\Connectors\\MySqlConnector->connect(Array)
#5 [internal function]: Illuminate\\Database\\Connectors\\ConnectionFactory->{closure:Illuminate\\Database\\Connectors\\ConnectionFactory::createPdoResolverWithHosts():179}()
#6 D:\\Backend-game-topup\\web\\project\\vendor\\laravel\\framework\\src\\Illuminate\\Database\\Connection.php(1230): call_user_func(Object(Closure))
#7 D:\\Backend-game-topup\\web\\project\\vendor\\laravel\\framework\\src\\Illuminate\\Database\\Connection.php(1266): Illuminate\\Database\\Connection->getPdo()
#8 D:\\Backend-game-topup\\web\\project\\vendor\\laravel\\framework\\src\\Illuminate\\Database\\Connection.php(511): Illuminate\\Database\\Connection->getReadPdo()
#9 D:\\Backend-game-topup\\web\\project\\vendor\\laravel\\framework\\src\\Illuminate\\Database\\Connection.php(406): Illuminate\\Database\\Connection->getPdoForSelect(true)
#10 D:\\Backend-game-topup\\web\\project\\vendor\\laravel\\framework\\src\\Illuminate\\Database\\Connection.php(811): Illuminate\\Database\\Connection->{closure:Illuminate\\Database\\Connection::select():397}('select * from `...', Array)
#11 D:\\Backend-game-topup\\web\\project\\vendor\\laravel\\framework\\src\\Illuminate\\Database\\Connection.php(978): Illuminate\\Database\\Connection->runQueryCallback('select * from `...', Array, Object(Closure))
#12 D:\\Backend-game-topup\\web\\project\\vendor\\laravel\\framework\\src\\Illuminate\\Database\\Connection.php(957): Illuminate\\Database\\Connection->tryAgainIfCausedByLostConnection(Object(Illuminate\\Database\\QueryException), 'select * from `...', Array, Object(Closure))
#13 D:\\Backend-game-topup\\web\\project\\vendor\\laravel\\framework\\src\\Illuminate\\Database\\Connection.php(780): Illuminate\\Database\\Connection->handleQueryException(Object(Illuminate\\Database\\QueryException), 'select * from `...', Array, Object(Closure))
#14 D:\\Backend-game-topup\\web\\project\\vendor\\laravel\\framework\\src\\Illuminate\\Database\\Connection.php(397): Illuminate\\Database\\Connection->run('select * from `...', Array, Object(Closure))
#15 D:\\Backend-game-topup\\web\\project\\vendor\\laravel\\framework\\src\\Illuminate\\Database\\Query\\Builder.php(3188): Illuminate\\Database\\Connection->select('select * from `...', Array, true)
#16 D:\\Backend-game-topup\\web\\project\\vendor\\laravel\\framework\\src\\Illuminate\\Database\\Query\\Builder.php(3173): Illuminate\\Database\\Query\\Builder->runSelect()
#17 D:\\Backend-game-topup\\web\\project\\vendor\\laravel\\framework\\src\\Illuminate\\Database\\Query\\Builder.php(3763): Illuminate\\Database\\Query\\Builder->{closure:Illuminate\\Database\\Query\\Builder::get():3172}()
#18 D:\\Backend-game-topup\\web\\project\\vendor\\laravel\\framework\\src\\Illuminate\\Database\\Query\\Builder.php(3172): Illuminate\\Database\\Query\\Builder->onceWithColumns(Array, Object(Closure))
#19 D:\\Backend-game-topup\\web\\project\\vendor\\laravel\\framework\\src\\Illuminate\\Database\\Eloquent\\Builder.php(902): Illuminate\\Database\\Query\\Builder->get(Array)
#20 D:\\Backend-game-topup\\web\\project\\vendor\\laravel\\framework\\src\\Illuminate\\Database\\Eloquent\\Builder.php(884): Illuminate\\Database\\Eloquent\\Builder->getModels(Array)
#21 D:\\Backend-game-topup\\web\\project\\vendor\\laravel\\framework\\src\\Illuminate\\Database\\Concerns\\BuildsQueries.php(366): Illuminate\\Database\\Eloquent\\Builder->get(Array)
#22 D:\\Backend-game-topup\\web\\project\\vendor\\laravel\\framework\\src\\Illuminate\\Auth\\EloquentUserProvider.php(58): Illuminate\\Database\\Eloquent\\Builder->first()
#23 D:\\Backend-game-topup\\web\\project\\vendor\\laravel\\framework\\src\\Illuminate\\Auth\\SessionGuard.php(179): Illuminate\\Auth\\EloquentUserProvider->retrieveById(350)
#24 D:\\Backend-game-topup\\web\\project\\vendor\\laravel\\framework\\src\\Illuminate\\Auth\\GuardHelpers.php(56): Illuminate\\Auth\\SessionGuard->user()
#25 D:\\Backend-game-topup\\web\\project\\vendor\\filament\\filament\\src\\Http\\Middleware\\Authenticate.php(19): Illuminate\\Auth\\SessionGuard->check()
#26 D:\\Backend-game-topup\\web\\project\\vendor\\laravel\\framework\\src\\Illuminate\\Auth\\Middleware\\Authenticate.php(61): Filament\\Http\\Middleware\\Authenticate->authenticate(Object(Illuminate\\Http\\Request), Array)
#27 D:\\Backend-game-topup\\web\\project\\vendor\\laravel\\framework\\src\\Illuminate\\Pipeline\\Pipeline.php(219): Illuminate\\Auth\\Middleware\\Authenticate->handle(Object(Illuminate\\Http\\Request), Object(Closure))
#28 D:\\Backend-game-topup\\web\\project\\vendor\\filament\\filament\\src\\Http\\Middleware\\SetUpPanel.php(19): Illuminate\\Pipeline\\Pipeline->{closure:{closure:Illuminate\\Pipeline\\Pipeline::carry():194}:195}(Object(Illuminate\\Http\\Request))
#29 D:\\Backend-game-topup\\web\\project\\vendor\\laravel\\framework\\src\\Illuminate\\Pipeline\\Pipeline.php(219): Filament\\Http\\Middleware\\SetUpPanel->handle(Object(Illuminate\\Http\\Request), Object(Closure), Object(Filament\\Panel))
#30 D:\\Backend-game-topup\\web\\project\\vendor\\laravel\\framework\\src\\Illuminate\\Pipeline\\Pipeline.php(137): Illuminate\\Pipeline\\Pipeline->{closure:{closure:Illuminate\\Pipeline\\Pipeline::carry():194}:195}(Object(Illuminate\\Http\\Request))
#31 D:\\Backend-game-topup\\web\\project\\vendor\\livewire\\livewire\\src\\Drawer\\Utils.php(182): Illuminate\\Pipeline\\Pipeline->then(Object(Closure))
#32 D:\\Backend-game-topup\\web\\project\\vendor\\livewire\\livewire\\src\\Mechanisms\\PersistentMiddleware\\PersistentMiddleware.php(98): Livewire\\Drawer\\Utils::applyMiddleware(Object(Illuminate\\Http\\Request), Array)
#33 D:\\Backend-game-topup\\web\\project\\vendor\\livewire\\livewire\\src\\Mechanisms\\PersistentMiddleware\\PersistentMiddleware.php(43): Livewire\\Mechanisms\\PersistentMiddleware\\PersistentMiddleware->applyPersistentMiddleware()
#34 D:\\Backend-game-topup\\web\\project\\vendor\\livewire\\livewire\\src\\EventBus.php(60): Livewire\\Mechanisms\\PersistentMiddleware\\PersistentMiddleware->{closure:Livewire\\Mechanisms\\PersistentMiddleware\\PersistentMiddleware::boot():37}(Array)
#35 D:\\Backend-game-topup\\web\\project\\vendor\\livewire\\livewire\\src\\helpers.php(98): Livewire\\EventBus->trigger('snapshot-verifi...', Array)
#36 D:\\Backend-game-topup\\web\\project\\vendor\\livewire\\livewire\\src\\Mechanisms\\HandleComponents\\HandleComponents.php(126): Livewire\\trigger('snapshot-verifi...', Array)
#37 D:\\Backend-game-topup\\web\\project\\vendor\\livewire\\livewire\\src\\Mechanisms\\HandleComponents\\HandleComponents.php(92): Livewire\\Mechanisms\\HandleComponents\\HandleComponents->fromSnapshot(Array)
#38 D:\\Backend-game-topup\\web\\project\\vendor\\livewire\\livewire\\src\\LivewireManager.php(102): Livewire\\Mechanisms\\HandleComponents\\HandleComponents->update(Array, Array, Array)
#39 D:\\Backend-game-topup\\web\\project\\vendor\\livewire\\livewire\\src\\Mechanisms\\HandleRequests\\HandleRequests.php(94): Livewire\\LivewireManager->update(Array, Array, Array)
#40 D:\\Backend-game-topup\\web\\project\\vendor\\laravel\\framework\\src\\Illuminate\\Routing\\ControllerDispatcher.php(46): Livewire\\Mechanisms\\HandleRequests\\HandleRequests->handleUpdate()
#41 D:\\Backend-game-topup\\web\\project\\vendor\\laravel\\framework\\src\\Illuminate\\Routing\\Route.php(265): Illuminate\\Routing\\ControllerDispatcher->dispatch(Object(Illuminate\\Routing\\Route), Object(Livewire\\Mechanisms\\HandleRequests\\HandleRequests), 'handleUpdate')
#42 D:\\Backend-game-topup\\web\\project\\vendor\\laravel\\framework\\src\\Illuminate\\Routing\\Route.php(211): Illuminate\\Routing\\Route->runController()
#43 D:\\Backend-game-topup\\web\\project\\vendor\\laravel\\framework\\src\\Illuminate\\Routing\\Router.php(822): Illuminate\\Routing\\Route->run()
#44 D:\\Backend-game-topup\\web\\project\\vendor\\laravel\\framework\\src\\Illuminate\\Pipeline\\Pipeline.php(180): Illuminate\\Routing\\Router->{closure:Illuminate\\Routing\\Router::runRouteWithinStack():821}(Object(Illuminate\\Http\\Request))
#45 D:\\Backend-game-topup\\web\\project\\app\\Http\\Middleware\\LanguageDetectMiddleware.php(24): Illuminate\\Pipeline\\Pipeline->{closure:Illuminate\\Pipeline\\Pipeline::prepareDestination():178}(Object(Illuminate\\Http\\Request))
#46 D:\\Backend-game-topup\\web\\project\\vendor\\laravel\\framework\\src\\Illuminate\\Pipeline\\Pipeline.php(219): App\\Http\\Middleware\\LanguageDetectMiddleware->handle(Object(Illuminate\\Http\\Request), Object(Closure))
#47 D:\\Backend-game-topup\\web\\project\\app\\Http\\Middleware\\TrackVisitors.php(33): Illuminate\\Pipeline\\Pipeline->{closure:{closure:Illuminate\\Pipeline\\Pipeline::carry():194}:195}(Object(Illuminate\\Http\\Request))
#48 D:\\Backend-game-topup\\web\\project\\vendor\\laravel\\framework\\src\\Illuminate\\Pipeline\\Pipeline.php(219): App\\Http\\Middleware\\TrackVisitors->handle(Object(Illuminate\\Http\\Request), Object(Closure))
#49 D:\\Backend-game-topup\\web\\project\\app\\Http\\Middleware\\AddExpirationDateToCookie.php(21): Illuminate\\Pipeline\\Pipeline->{closure:{closure:Illuminate\\Pipeline\\Pipeline::carry():194}:195}(Object(Illuminate\\Http\\Request))
#50 D:\\Backend-game-topup\\web\\project\\vendor\\laravel\\framework\\src\\Illuminate\\Pipeline\\Pipeline.php(219): App\\Http\\Middleware\\AddExpirationDateToCookie->handle(Object(Illuminate\\Http\\Request), Object(Closure))
#51 D:\\Backend-game-topup\\web\\project\\vendor\\laravel\\framework\\src\\Illuminate\\Routing\\Middleware\\SubstituteBindings.php(50): Illuminate\\Pipeline\\Pipeline->{closure:{closure:Illuminate\\Pipeline\\Pipeline::carry():194}:195}(Object(Illuminate\\Http\\Request))
#52 D:\\Backend-game-topup\\web\\project\\vendor\\laravel\\framework\\src\\Illuminate\\Pipeline\\Pipeline.php(219): Illuminate\\Routing\\Middleware\\SubstituteBindings->handle(Object(Illuminate\\Http\\Request), Object(Closure))
#53 D:\\Backend-game-topup\\web\\project\\app\\Http\\Middleware\\VerifyCsrfToken.php(31): Illuminate\\Pipeline\\Pipeline->{closure:{closure:Illuminate\\Pipeline\\Pipeline::carry():194}:195}(Object(Illuminate\\Http\\Request))
#54 D:\\Backend-game-topup\\web\\project\\vendor\\laravel\\framework\\src\\Illuminate\\Pipeline\\Pipeline.php(219): App\\Http\\Middleware\\VerifyCsrfToken->handle(Object(Illuminate\\Http\\Request), Object(Closure))
#55 D:\\Backend-game-topup\\web\\project\\vendor\\laravel\\framework\\src\\Illuminate\\View\\Middleware\\ShareErrorsFromSession.php(48): Illuminate\\Pipeline\\Pipeline->{closure:{closure:Illuminate\\Pipeline\\Pipeline::carry():194}:195}(Object(Illuminate\\Http\\Request))
#56 D:\\Backend-game-topup\\web\\project\\vendor\\laravel\\framework\\src\\Illuminate\\Pipeline\\Pipeline.php(219): Illuminate\\View\\Middleware\\ShareErrorsFromSession->handle(Object(Illuminate\\Http\\Request), Object(Closure))
#57 D:\\Backend-game-topup\\web\\project\\vendor\\laravel\\framework\\src\\Illuminate\\Session\\Middleware\\StartSession.php(120): Illuminate\\Pipeline\\Pipeline->{closure:{closure:Illuminate\\Pipeline\\Pipeline::carry():194}:195}(Object(Illuminate\\Http\\Request))
#58 D:\\Backend-game-topup\\web\\project\\vendor\\laravel\\framework\\src\\Illuminate\\Session\\Middleware\\StartSession.php(63): Illuminate\\Session\\Middleware\\StartSession->handleStatefulRequest(Object(Illuminate\\Http\\Request), Object(Illuminate\\Session\\EncryptedStore), Object(Closure))
#59 D:\\Backend-game-topup\\web\\project\\vendor\\laravel\\framework\\src\\Illuminate\\Pipeline\\Pipeline.php(219): Illuminate\\Session\\Middleware\\StartSession->handle(Object(Illuminate\\Http\\Request), Object(Closure))
#60 D:\\Backend-game-topup\\web\\project\\vendor\\laravel\\framework\\src\\Illuminate\\Cookie\\Middleware\\AddQueuedCookiesToResponse.php(36): Illuminate\\Pipeline\\Pipeline->{closure:{closure:Illuminate\\Pipeline\\Pipeline::carry():194}:195}(Object(Illuminate\\Http\\Request))
#61 D:\\Backend-game-topup\\web\\project\\vendor\\laravel\\framework\\src\\Illuminate\\Pipeline\\Pipeline.php(219): Illuminate\\Cookie\\Middleware\\AddQueuedCookiesToResponse->handle(Object(Illuminate\\Http\\Request), Object(Closure))
#62 D:\\Backend-game-topup\\web\\project\\vendor\\laravel\\framework\\src\\Illuminate\\Cookie\\Middleware\\EncryptCookies.php(74): Illuminate\\Pipeline\\Pipeline->{closure:{closure:Illuminate\\Pipeline\\Pipeline::carry():194}:195}(Object(Illuminate\\Http\\Request))
#63 D:\\Backend-game-topup\\web\\project\\vendor\\laravel\\framework\\src\\Illuminate\\Pipeline\\Pipeline.php(219): Illuminate\\Cookie\\Middleware\\EncryptCookies->handle(Object(Illuminate\\Http\\Request), Object(Closure))
#64 D:\\Backend-game-topup\\web\\project\\vendor\\laravel\\framework\\src\\Illuminate\\Pipeline\\Pipeline.php(137): Illuminate\\Pipeline\\Pipeline->{closure:{closure:Illuminate\\Pipeline\\Pipeline::carry():194}:195}(Object(Illuminate\\Http\\Request))
#65 D:\\Backend-game-topup\\web\\project\\vendor\\laravel\\framework\\src\\Illuminate\\Routing\\Router.php(821): Illuminate\\Pipeline\\Pipeline->then(Object(Closure))
#66 D:\\Backend-game-topup\\web\\project\\vendor\\laravel\\framework\\src\\Illuminate\\Routing\\Router.php(800): Illuminate\\Routing\\Router->runRouteWithinStack(Object(Illuminate\\Routing\\Route), Object(Illuminate\\Http\\Request))
#67 D:\\Backend-game-topup\\web\\project\\vendor\\laravel\\framework\\src\\Illuminate\\Routing\\Router.php(764): Illuminate\\Routing\\Router->runRoute(Object(Illuminate\\Http\\Request), Object(Illuminate\\Routing\\Route))
#68 D:\\Backend-game-topup\\web\\project\\vendor\\laravel\\framework\\src\\Illuminate\\Routing\\Router.php(753): Illuminate\\Routing\\Router->dispatchToRoute(Object(Illuminate\\Http\\Request))
#69 D:\\Backend-game-topup\\web\\project\\vendor\\laravel\\framework\\src\\Illuminate\\Foundation\\Http\\Kernel.php(200): Illuminate\\Routing\\Router->dispatch(Object(Illuminate\\Http\\Request))
#70 D:\\Backend-game-topup\\web\\project\\vendor\\laravel\\framework\\src\\Illuminate\\Pipeline\\Pipeline.php(180): Illuminate\\Foundation\\Http\\Kernel->{closure:Illuminate\\Foundation\\Http\\Kernel::dispatchToRouter():197}(Object(Illuminate\\Http\\Request))
#71 D:\\Backend-game-topup\\web\\project\\vendor\\livewire\\livewire\\src\\Features\\SupportDisablingBackButtonCache\\DisableBackButtonCacheMiddleware.php(19): Illuminate\\Pipeline\\Pipeline->{closure:Illuminate\\Pipeline\\Pipeline::prepareDestination():178}(Object(Illuminate\\Http\\Request))
#72 D:\\Backend-game-topup\\web\\project\\vendor\\laravel\\framework\\src\\Illuminate\\Pipeline\\Pipeline.php(219): Livewire\\Features\\SupportDisablingBackButtonCache\\DisableBackButtonCacheMiddleware->handle(Object(Illuminate\\Http\\Request), Object(Closure))
#73 D:\\Backend-game-topup\\web\\project\\vendor\\laravel\\framework\\src\\Illuminate\\Foundation\\Http\\Middleware\\ConvertEmptyStringsToNull.php(27): Illuminate\\Pipeline\\Pipeline->{closure:{closure:Illuminate\\Pipeline\\Pipeline::carry():194}:195}(Object(Illuminate\\Http\\Request))
#74 D:\\Backend-game-topup\\web\\project\\vendor\\laravel\\framework\\src\\Illuminate\\Pipeline\\Pipeline.php(219): Illuminate\\Foundation\\Http\\Middleware\\ConvertEmptyStringsToNull->handle(Object(Illuminate\\Http\\Request), Object(Closure))
#75 D:\\Backend-game-topup\\web\\project\\vendor\\laravel\\framework\\src\\Illuminate\\Foundation\\Http\\Middleware\\TrimStrings.php(47): Illuminate\\Pipeline\\Pipeline->{closure:{closure:Illuminate\\Pipeline\\Pipeline::carry():194}:195}(Object(Illuminate\\Http\\Request))
#76 D:\\Backend-game-topup\\web\\project\\vendor\\laravel\\framework\\src\\Illuminate\\Pipeline\\Pipeline.php(219): Illuminate\\Foundation\\Http\\Middleware\\TrimStrings->handle(Object(Illuminate\\Http\\Request), Object(Closure))
#77 D:\\Backend-game-topup\\web\\project\\vendor\\laravel\\framework\\src\\Illuminate\\Http\\Middleware\\ValidatePostSize.php(27): Illuminate\\Pipeline\\Pipeline->{closure:{closure:Illuminate\\Pipeline\\Pipeline::carry():194}:195}(Object(Illuminate\\Http\\Request))
#78 D:\\Backend-game-topup\\web\\project\\vendor\\laravel\\framework\\src\\Illuminate\\Pipeline\\Pipeline.php(219): Illuminate\\Http\\Middleware\\ValidatePostSize->handle(Object(Illuminate\\Http\\Request), Object(Closure))
#79 D:\\Backend-game-topup\\web\\project\\vendor\\laravel\\framework\\src\\Illuminate\\Foundation\\Http\\Middleware\\PreventRequestsDuringMaintenance.php(109): Illuminate\\Pipeline\\Pipeline->{closure:{closure:Illuminate\\Pipeline\\Pipeline::carry():194}:195}(Object(Illuminate\\Http\\Request))
#80 D:\\Backend-game-topup\\web\\project\\vendor\\laravel\\framework\\src\\Illuminate\\Pipeline\\Pipeline.php(219): Illuminate\\Foundation\\Http\\Middleware\\PreventRequestsDuringMaintenance->handle(Object(Illuminate\\Http\\Request), Object(Closure))
#81 D:\\Backend-game-topup\\web\\project\\vendor\\laravel\\framework\\src\\Illuminate\\Http\\Middleware\\HandleCors.php(48): Illuminate\\Pipeline\\Pipeline->{closure:{closure:Illuminate\\Pipeline\\Pipeline::carry():194}:195}(Object(Illuminate\\Http\\Request))
#82 D:\\Backend-game-topup\\web\\project\\vendor\\laravel\\framework\\src\\Illuminate\\Pipeline\\Pipeline.php(219): Illuminate\\Http\\Middleware\\HandleCors->handle(Object(Illuminate\\Http\\Request), Object(Closure))
#83 D:\\Backend-game-topup\\web\\project\\vendor\\laravel\\framework\\src\\Illuminate\\Http\\Middleware\\TrustProxies.php(58): Illuminate\\Pipeline\\Pipeline->{closure:{closure:Illuminate\\Pipeline\\Pipeline::carry():194}:195}(Object(Illuminate\\Http\\Request))
#84 D:\\Backend-game-topup\\web\\project\\vendor\\laravel\\framework\\src\\Illuminate\\Pipeline\\Pipeline.php(219): Illuminate\\Http\\Middleware\\TrustProxies->handle(Object(Illuminate\\Http\\Request), Object(Closure))
#85 D:\\Backend-game-topup\\web\\project\\vendor\\laravel\\framework\\src\\Illuminate\\Http\\Middleware\\TrustHosts.php(78): Illuminate\\Pipeline\\Pipeline->{closure:{closure:Illuminate\\Pipeline\\Pipeline::carry():194}:195}(Object(Illuminate\\Http\\Request))
#86 D:\\Backend-game-topup\\web\\project\\vendor\\laravel\\framework\\src\\Illuminate\\Pipeline\\Pipeline.php(219): Illuminate\\Http\\Middleware\\TrustHosts->handle(Object(Illuminate\\Http\\Request), Object(Closure))
#87 D:\\Backend-game-topup\\web\\project\\vendor\\laravel\\framework\\src\\Illuminate\\Pipeline\\Pipeline.php(137): Illuminate\\Pipeline\\Pipeline->{closure:{closure:Illuminate\\Pipeline\\Pipeline::carry():194}:195}(Object(Illuminate\\Http\\Request))
#88 D:\\Backend-game-topup\\web\\project\\vendor\\laravel\\framework\\src\\Illuminate\\Foundation\\Http\\Kernel.php(175): Illuminate\\Pipeline\\Pipeline->then(Object(Closure))
#89 D:\\Backend-game-topup\\web\\project\\vendor\\laravel\\framework\\src\\Illuminate\\Foundation\\Http\\Kernel.php(144): Illuminate\\Foundation\\Http\\Kernel->sendRequestThroughRouter(Object(Illuminate\\Http\\Request))
#90 D:\\Backend-game-topup\\web\\project\\public\\index.php(51): Illuminate\\Foundation\\Http\\Kernel->handle(Object(Illuminate\\Http\\Request))
#91 D:\\Backend-game-topup\\web\\project\\server.php(21): require_once('D:\\\\Backend-game...')
#92 {main}
"} 
[2025-10-17 16:15:20] local.ERROR: SQLSTATE[HY000] [2002] No connection could be made because the target machine actively refused it (Connection: mysql, SQL: select * from `users` where `id` = 350 limit 1) {"exception":"[object] (Illuminate\\Database\\QueryException(code: 2002): SQLSTATE[HY000] [2002] No connection could be made because the target machine actively refused it (Connection: mysql, SQL: select * from `users` where `id` = 350 limit 1) at D:\\Backend-game-topup\\web\\project\\vendor\\laravel\\framework\\src\\Illuminate\\Database\\Connection.php:824)
[stacktrace]
#0 D:\\Backend-game-topup\\web\\project\\vendor\\laravel\\framework\\src\\Illuminate\\Database\\Connection.php(978): Illuminate\\Database\\Connection->runQueryCallback('select * from `...', Array, Object(Closure))
#1 D:\\Backend-game-topup\\web\\project\\vendor\\laravel\\framework\\src\\Illuminate\\Database\\Connection.php(957): Illuminate\\Database\\Connection->tryAgainIfCausedByLostConnection(Object(Illuminate\\Database\\QueryException), 'select * from `...', Array, Object(Closure))
#2 D:\\Backend-game-topup\\web\\project\\vendor\\laravel\\framework\\src\\Illuminate\\Database\\Connection.php(780): Illuminate\\Database\\Connection->handleQueryException(Object(Illuminate\\Database\\QueryException), 'select * from `...', Array, Object(Closure))
#3 D:\\Backend-game-topup\\web\\project\\vendor\\laravel\\framework\\src\\Illuminate\\Database\\Connection.php(397): Illuminate\\Database\\Connection->run('select * from `...', Array, Object(Closure))
#4 D:\\Backend-game-topup\\web\\project\\vendor\\laravel\\framework\\src\\Illuminate\\Database\\Query\\Builder.php(3188): Illuminate\\Database\\Connection->select('select * from `...', Array, true)
#5 D:\\Backend-game-topup\\web\\project\\vendor\\laravel\\framework\\src\\Illuminate\\Database\\Query\\Builder.php(3173): Illuminate\\Database\\Query\\Builder->runSelect()
#6 D:\\Backend-game-topup\\web\\project\\vendor\\laravel\\framework\\src\\Illuminate\\Database\\Query\\Builder.php(3763): Illuminate\\Database\\Query\\Builder->{closure:Illuminate\\Database\\Query\\Builder::get():3172}()
#7 D:\\Backend-game-topup\\web\\project\\vendor\\laravel\\framework\\src\\Illuminate\\Database\\Query\\Builder.php(3172): Illuminate\\Database\\Query\\Builder->onceWithColumns(Array, Object(Closure))
#8 D:\\Backend-game-topup\\web\\project\\vendor\\laravel\\framework\\src\\Illuminate\\Database\\Eloquent\\Builder.php(902): Illuminate\\Database\\Query\\Builder->get(Array)
#9 D:\\Backend-game-topup\\web\\project\\vendor\\laravel\\framework\\src\\Illuminate\\Database\\Eloquent\\Builder.php(884): Illuminate\\Database\\Eloquent\\Builder->getModels(Array)
#10 D:\\Backend-game-topup\\web\\project\\vendor\\laravel\\framework\\src\\Illuminate\\Database\\Concerns\\BuildsQueries.php(366): Illuminate\\Database\\Eloquent\\Builder->get(Array)
#11 D:\\Backend-game-topup\\web\\project\\vendor\\laravel\\framework\\src\\Illuminate\\Auth\\EloquentUserProvider.php(58): Illuminate\\Database\\Eloquent\\Builder->first()
#12 D:\\Backend-game-topup\\web\\project\\vendor\\laravel\\framework\\src\\Illuminate\\Auth\\SessionGuard.php(179): Illuminate\\Auth\\EloquentUserProvider->retrieveById(350)
#13 D:\\Backend-game-topup\\web\\project\\vendor\\laravel\\framework\\src\\Illuminate\\Auth\\GuardHelpers.php(56): Illuminate\\Auth\\SessionGuard->user()
#14 D:\\Backend-game-topup\\web\\project\\vendor\\filament\\filament\\src\\Http\\Middleware\\Authenticate.php(19): Illuminate\\Auth\\SessionGuard->check()
#15 D:\\Backend-game-topup\\web\\project\\vendor\\laravel\\framework\\src\\Illuminate\\Auth\\Middleware\\Authenticate.php(61): Filament\\Http\\Middleware\\Authenticate->authenticate(Object(Illuminate\\Http\\Request), Array)
#16 D:\\Backend-game-topup\\web\\project\\vendor\\laravel\\framework\\src\\Illuminate\\Pipeline\\Pipeline.php(219): Illuminate\\Auth\\Middleware\\Authenticate->handle(Object(Illuminate\\Http\\Request), Object(Closure))
#17 D:\\Backend-game-topup\\web\\project\\vendor\\filament\\filament\\src\\Http\\Middleware\\SetUpPanel.php(19): Illuminate\\Pipeline\\Pipeline->{closure:{closure:Illuminate\\Pipeline\\Pipeline::carry():194}:195}(Object(Illuminate\\Http\\Request))
#18 D:\\Backend-game-topup\\web\\project\\vendor\\laravel\\framework\\src\\Illuminate\\Pipeline\\Pipeline.php(219): Filament\\Http\\Middleware\\SetUpPanel->handle(Object(Illuminate\\Http\\Request), Object(Closure), Object(Filament\\Panel))
#19 D:\\Backend-game-topup\\web\\project\\vendor\\laravel\\framework\\src\\Illuminate\\Pipeline\\Pipeline.php(137): Illuminate\\Pipeline\\Pipeline->{closure:{closure:Illuminate\\Pipeline\\Pipeline::carry():194}:195}(Object(Illuminate\\Http\\Request))
#20 D:\\Backend-game-topup\\web\\project\\vendor\\livewire\\livewire\\src\\Drawer\\Utils.php(182): Illuminate\\Pipeline\\Pipeline->then(Object(Closure))
#21 D:\\Backend-game-topup\\web\\project\\vendor\\livewire\\livewire\\src\\Mechanisms\\PersistentMiddleware\\PersistentMiddleware.php(98): Livewire\\Drawer\\Utils::applyMiddleware(Object(Illuminate\\Http\\Request), Array)
#22 D:\\Backend-game-topup\\web\\project\\vendor\\livewire\\livewire\\src\\Mechanisms\\PersistentMiddleware\\PersistentMiddleware.php(43): Livewire\\Mechanisms\\PersistentMiddleware\\PersistentMiddleware->applyPersistentMiddleware()
#23 D:\\Backend-game-topup\\web\\project\\vendor\\livewire\\livewire\\src\\EventBus.php(60): Livewire\\Mechanisms\\PersistentMiddleware\\PersistentMiddleware->{closure:Livewire\\Mechanisms\\PersistentMiddleware\\PersistentMiddleware::boot():37}(Array)
#24 D:\\Backend-game-topup\\web\\project\\vendor\\livewire\\livewire\\src\\helpers.php(98): Livewire\\EventBus->trigger('snapshot-verifi...', Array)
#25 D:\\Backend-game-topup\\web\\project\\vendor\\livewire\\livewire\\src\\Mechanisms\\HandleComponents\\HandleComponents.php(126): Livewire\\trigger('snapshot-verifi...', Array)
#26 D:\\Backend-game-topup\\web\\project\\vendor\\livewire\\livewire\\src\\Mechanisms\\HandleComponents\\HandleComponents.php(92): Livewire\\Mechanisms\\HandleComponents\\HandleComponents->fromSnapshot(Array)
#27 D:\\Backend-game-topup\\web\\project\\vendor\\livewire\\livewire\\src\\LivewireManager.php(102): Livewire\\Mechanisms\\HandleComponents\\HandleComponents->update(Array, Array, Array)
#28 D:\\Backend-game-topup\\web\\project\\vendor\\livewire\\livewire\\src\\Mechanisms\\HandleRequests\\HandleRequests.php(94): Livewire\\LivewireManager->update(Array, Array, Array)
#29 D:\\Backend-game-topup\\web\\project\\vendor\\laravel\\framework\\src\\Illuminate\\Routing\\ControllerDispatcher.php(46): Livewire\\Mechanisms\\HandleRequests\\HandleRequests->handleUpdate()
#30 D:\\Backend-game-topup\\web\\project\\vendor\\laravel\\framework\\src\\Illuminate\\Routing\\Route.php(265): Illuminate\\Routing\\ControllerDispatcher->dispatch(Object(Illuminate\\Routing\\Route), Object(Livewire\\Mechanisms\\HandleRequests\\HandleRequests), 'handleUpdate')
#31 D:\\Backend-game-topup\\web\\project\\vendor\\laravel\\framework\\src\\Illuminate\\Routing\\Route.php(211): Illuminate\\Routing\\Route->runController()
#32 D:\\Backend-game-topup\\web\\project\\vendor\\laravel\\framework\\src\\Illuminate\\Routing\\Router.php(822): Illuminate\\Routing\\Route->run()
#33 D:\\Backend-game-topup\\web\\project\\vendor\\laravel\\framework\\src\\Illuminate\\Pipeline\\Pipeline.php(180): Illuminate\\Routing\\Router->{closure:Illuminate\\Routing\\Router::runRouteWithinStack():821}(Object(Illuminate\\Http\\Request))
#34 D:\\Backend-game-topup\\web\\project\\app\\Http\\Middleware\\LanguageDetectMiddleware.php(24): Illuminate\\Pipeline\\Pipeline->{closure:Illuminate\\Pipeline\\Pipeline::prepareDestination():178}(Object(Illuminate\\Http\\Request))
#35 D:\\Backend-game-topup\\web\\project\\vendor\\laravel\\framework\\src\\Illuminate\\Pipeline\\Pipeline.php(219): App\\Http\\Middleware\\LanguageDetectMiddleware->handle(Object(Illuminate\\Http\\Request), Object(Closure))
#36 D:\\Backend-game-topup\\web\\project\\app\\Http\\Middleware\\TrackVisitors.php(33): Illuminate\\Pipeline\\Pipeline->{closure:{closure:Illuminate\\Pipeline\\Pipeline::carry():194}:195}(Object(Illuminate\\Http\\Request))
#37 D:\\Backend-game-topup\\web\\project\\vendor\\laravel\\framework\\src\\Illuminate\\Pipeline\\Pipeline.php(219): App\\Http\\Middleware\\TrackVisitors->handle(Object(Illuminate\\Http\\Request), Object(Closure))
#38 D:\\Backend-game-topup\\web\\project\\app\\Http\\Middleware\\AddExpirationDateToCookie.php(21): Illuminate\\Pipeline\\Pipeline->{closure:{closure:Illuminate\\Pipeline\\Pipeline::carry():194}:195}(Object(Illuminate\\Http\\Request))
#39 D:\\Backend-game-topup\\web\\project\\vendor\\laravel\\framework\\src\\Illuminate\\Pipeline\\Pipeline.php(219): App\\Http\\Middleware\\AddExpirationDateToCookie->handle(Object(Illuminate\\Http\\Request), Object(Closure))
#40 D:\\Backend-game-topup\\web\\project\\vendor\\laravel\\framework\\src\\Illuminate\\Routing\\Middleware\\SubstituteBindings.php(50): Illuminate\\Pipeline\\Pipeline->{closure:{closure:Illuminate\\Pipeline\\Pipeline::carry():194}:195}(Object(Illuminate\\Http\\Request))
#41 D:\\Backend-game-topup\\web\\project\\vendor\\laravel\\framework\\src\\Illuminate\\Pipeline\\Pipeline.php(219): Illuminate\\Routing\\Middleware\\SubstituteBindings->handle(Object(Illuminate\\Http\\Request), Object(Closure))
#42 D:\\Backend-game-topup\\web\\project\\app\\Http\\Middleware\\VerifyCsrfToken.php(31): Illuminate\\Pipeline\\Pipeline->{closure:{closure:Illuminate\\Pipeline\\Pipeline::carry():194}:195}(Object(Illuminate\\Http\\Request))
#43 D:\\Backend-game-topup\\web\\project\\vendor\\laravel\\framework\\src\\Illuminate\\Pipeline\\Pipeline.php(219): App\\Http\\Middleware\\VerifyCsrfToken->handle(Object(Illuminate\\Http\\Request), Object(Closure))
#44 D:\\Backend-game-topup\\web\\project\\vendor\\laravel\\framework\\src\\Illuminate\\View\\Middleware\\ShareErrorsFromSession.php(48): Illuminate\\Pipeline\\Pipeline->{closure:{closure:Illuminate\\Pipeline\\Pipeline::carry():194}:195}(Object(Illuminate\\Http\\Request))
#45 D:\\Backend-game-topup\\web\\project\\vendor\\laravel\\framework\\src\\Illuminate\\Pipeline\\Pipeline.php(219): Illuminate\\View\\Middleware\\ShareErrorsFromSession->handle(Object(Illuminate\\Http\\Request), Object(Closure))
#46 D:\\Backend-game-topup\\web\\project\\vendor\\laravel\\framework\\src\\Illuminate\\Session\\Middleware\\StartSession.php(120): Illuminate\\Pipeline\\Pipeline->{closure:{closure:Illuminate\\Pipeline\\Pipeline::carry():194}:195}(Object(Illuminate\\Http\\Request))
#47 D:\\Backend-game-topup\\web\\project\\vendor\\laravel\\framework\\src\\Illuminate\\Session\\Middleware\\StartSession.php(63): Illuminate\\Session\\Middleware\\StartSession->handleStatefulRequest(Object(Illuminate\\Http\\Request), Object(Illuminate\\Session\\EncryptedStore), Object(Closure))
#48 D:\\Backend-game-topup\\web\\project\\vendor\\laravel\\framework\\src\\Illuminate\\Pipeline\\Pipeline.php(219): Illuminate\\Session\\Middleware\\StartSession->handle(Object(Illuminate\\Http\\Request), Object(Closure))
#49 D:\\Backend-game-topup\\web\\project\\vendor\\laravel\\framework\\src\\Illuminate\\Cookie\\Middleware\\AddQueuedCookiesToResponse.php(36): Illuminate\\Pipeline\\Pipeline->{closure:{closure:Illuminate\\Pipeline\\Pipeline::carry():194}:195}(Object(Illuminate\\Http\\Request))
#50 D:\\Backend-game-topup\\web\\project\\vendor\\laravel\\framework\\src\\Illuminate\\Pipeline\\Pipeline.php(219): Illuminate\\Cookie\\Middleware\\AddQueuedCookiesToResponse->handle(Object(Illuminate\\Http\\Request), Object(Closure))
#51 D:\\Backend-game-topup\\web\\project\\vendor\\laravel\\framework\\src\\Illuminate\\Cookie\\Middleware\\EncryptCookies.php(74): Illuminate\\Pipeline\\Pipeline->{closure:{closure:Illuminate\\Pipeline\\Pipeline::carry():194}:195}(Object(Illuminate\\Http\\Request))
#52 D:\\Backend-game-topup\\web\\project\\vendor\\laravel\\framework\\src\\Illuminate\\Pipeline\\Pipeline.php(219): Illuminate\\Cookie\\Middleware\\EncryptCookies->handle(Object(Illuminate\\Http\\Request), Object(Closure))
#53 D:\\Backend-game-topup\\web\\project\\vendor\\laravel\\framework\\src\\Illuminate\\Pipeline\\Pipeline.php(137): Illuminate\\Pipeline\\Pipeline->{closure:{closure:Illuminate\\Pipeline\\Pipeline::carry():194}:195}(Object(Illuminate\\Http\\Request))
#54 D:\\Backend-game-topup\\web\\project\\vendor\\laravel\\framework\\src\\Illuminate\\Routing\\Router.php(821): Illuminate\\Pipeline\\Pipeline->then(Object(Closure))
#55 D:\\Backend-game-topup\\web\\project\\vendor\\laravel\\framework\\src\\Illuminate\\Routing\\Router.php(800): Illuminate\\Routing\\Router->runRouteWithinStack(Object(Illuminate\\Routing\\Route), Object(Illuminate\\Http\\Request))
#56 D:\\Backend-game-topup\\web\\project\\vendor\\laravel\\framework\\src\\Illuminate\\Routing\\Router.php(764): Illuminate\\Routing\\Router->runRoute(Object(Illuminate\\Http\\Request), Object(Illuminate\\Routing\\Route))
#57 D:\\Backend-game-topup\\web\\project\\vendor\\laravel\\framework\\src\\Illuminate\\Routing\\Router.php(753): Illuminate\\Routing\\Router->dispatchToRoute(Object(Illuminate\\Http\\Request))
#58 D:\\Backend-game-topup\\web\\project\\vendor\\laravel\\framework\\src\\Illuminate\\Foundation\\Http\\Kernel.php(200): Illuminate\\Routing\\Router->dispatch(Object(Illuminate\\Http\\Request))
#59 D:\\Backend-game-topup\\web\\project\\vendor\\laravel\\framework\\src\\Illuminate\\Pipeline\\Pipeline.php(180): Illuminate\\Foundation\\Http\\Kernel->{closure:Illuminate\\Foundation\\Http\\Kernel::dispatchToRouter():197}(Object(Illuminate\\Http\\Request))
#60 D:\\Backend-game-topup\\web\\project\\vendor\\livewire\\livewire\\src\\Features\\SupportDisablingBackButtonCache\\DisableBackButtonCacheMiddleware.php(19): Illuminate\\Pipeline\\Pipeline->{closure:Illuminate\\Pipeline\\Pipeline::prepareDestination():178}(Object(Illuminate\\Http\\Request))
#61 D:\\Backend-game-topup\\web\\project\\vendor\\laravel\\framework\\src\\Illuminate\\Pipeline\\Pipeline.php(219): Livewire\\Features\\SupportDisablingBackButtonCache\\DisableBackButtonCacheMiddleware->handle(Object(Illuminate\\Http\\Request), Object(Closure))
#62 D:\\Backend-game-topup\\web\\project\\vendor\\laravel\\framework\\src\\Illuminate\\Foundation\\Http\\Middleware\\ConvertEmptyStringsToNull.php(27): Illuminate\\Pipeline\\Pipeline->{closure:{closure:Illuminate\\Pipeline\\Pipeline::carry():194}:195}(Object(Illuminate\\Http\\Request))
#63 D:\\Backend-game-topup\\web\\project\\vendor\\laravel\\framework\\src\\Illuminate\\Pipeline\\Pipeline.php(219): Illuminate\\Foundation\\Http\\Middleware\\ConvertEmptyStringsToNull->handle(Object(Illuminate\\Http\\Request), Object(Closure))
#64 D:\\Backend-game-topup\\web\\project\\vendor\\laravel\\framework\\src\\Illuminate\\Foundation\\Http\\Middleware\\TrimStrings.php(47): Illuminate\\Pipeline\\Pipeline->{closure:{closure:Illuminate\\Pipeline\\Pipeline::carry():194}:195}(Object(Illuminate\\Http\\Request))
#65 D:\\Backend-game-topup\\web\\project\\vendor\\laravel\\framework\\src\\Illuminate\\Pipeline\\Pipeline.php(219): Illuminate\\Foundation\\Http\\Middleware\\TrimStrings->handle(Object(Illuminate\\Http\\Request), Object(Closure))
#66 D:\\Backend-game-topup\\web\\project\\vendor\\laravel\\framework\\src\\Illuminate\\Http\\Middleware\\ValidatePostSize.php(27): Illuminate\\Pipeline\\Pipeline->{closure:{closure:Illuminate\\Pipeline\\Pipeline::carry():194}:195}(Object(Illuminate\\Http\\Request))
#67 D:\\Backend-game-topup\\web\\project\\vendor\\laravel\\framework\\src\\Illuminate\\Pipeline\\Pipeline.php(219): Illuminate\\Http\\Middleware\\ValidatePostSize->handle(Object(Illuminate\\Http\\Request), Object(Closure))
#68 D:\\Backend-game-topup\\web\\project\\vendor\\laravel\\framework\\src\\Illuminate\\Foundation\\Http\\Middleware\\PreventRequestsDuringMaintenance.php(109): Illuminate\\Pipeline\\Pipeline->{closure:{closure:Illuminate\\Pipeline\\Pipeline::carry():194}:195}(Object(Illuminate\\Http\\Request))
#69 D:\\Backend-game-topup\\web\\project\\vendor\\laravel\\framework\\src\\Illuminate\\Pipeline\\Pipeline.php(219): Illuminate\\Foundation\\Http\\Middleware\\PreventRequestsDuringMaintenance->handle(Object(Illuminate\\Http\\Request), Object(Closure))
#70 D:\\Backend-game-topup\\web\\project\\vendor\\laravel\\framework\\src\\Illuminate\\Http\\Middleware\\HandleCors.php(48): Illuminate\\Pipeline\\Pipeline->{closure:{closure:Illuminate\\Pipeline\\Pipeline::carry():194}:195}(Object(Illuminate\\Http\\Request))
#71 D:\\Backend-game-topup\\web\\project\\vendor\\laravel\\framework\\src\\Illuminate\\Pipeline\\Pipeline.php(219): Illuminate\\Http\\Middleware\\HandleCors->handle(Object(Illuminate\\Http\\Request), Object(Closure))
#72 D:\\Backend-game-topup\\web\\project\\vendor\\laravel\\framework\\src\\Illuminate\\Http\\Middleware\\TrustProxies.php(58): Illuminate\\Pipeline\\Pipeline->{closure:{closure:Illuminate\\Pipeline\\Pipeline::carry():194}:195}(Object(Illuminate\\Http\\Request))
#73 D:\\Backend-game-topup\\web\\project\\vendor\\laravel\\framework\\src\\Illuminate\\Pipeline\\Pipeline.php(219): Illuminate\\Http\\Middleware\\TrustProxies->handle(Object(Illuminate\\Http\\Request), Object(Closure))
#74 D:\\Backend-game-topup\\web\\project\\vendor\\laravel\\framework\\src\\Illuminate\\Http\\Middleware\\TrustHosts.php(78): Illuminate\\Pipeline\\Pipeline->{closure:{closure:Illuminate\\Pipeline\\Pipeline::carry():194}:195}(Object(Illuminate\\Http\\Request))
#75 D:\\Backend-game-topup\\web\\project\\vendor\\laravel\\framework\\src\\Illuminate\\Pipeline\\Pipeline.php(219): Illuminate\\Http\\Middleware\\TrustHosts->handle(Object(Illuminate\\Http\\Request), Object(Closure))
#76 D:\\Backend-game-topup\\web\\project\\vendor\\laravel\\framework\\src\\Illuminate\\Pipeline\\Pipeline.php(137): Illuminate\\Pipeline\\Pipeline->{closure:{closure:Illuminate\\Pipeline\\Pipeline::carry():194}:195}(Object(Illuminate\\Http\\Request))
#77 D:\\Backend-game-topup\\web\\project\\vendor\\laravel\\framework\\src\\Illuminate\\Foundation\\Http\\Kernel.php(175): Illuminate\\Pipeline\\Pipeline->then(Object(Closure))
#78 D:\\Backend-game-topup\\web\\project\\vendor\\laravel\\framework\\src\\Illuminate\\Foundation\\Http\\Kernel.php(144): Illuminate\\Foundation\\Http\\Kernel->sendRequestThroughRouter(Object(Illuminate\\Http\\Request))
#79 D:\\Backend-game-topup\\web\\project\\public\\index.php(51): Illuminate\\Foundation\\Http\\Kernel->handle(Object(Illuminate\\Http\\Request))
#80 D:\\Backend-game-topup\\web\\project\\server.php(21): require_once('D:\\\\Backend-game...')
#81 {main}

[previous exception] [object] (PDOException(code: 2002): SQLSTATE[HY000] [2002] No connection could be made because the target machine actively refused it at D:\\Backend-game-topup\\web\\project\\vendor\\laravel\\framework\\src\\Illuminate\\Database\\Connectors\\Connector.php:67)
[stacktrace]
#0 D:\\Backend-game-topup\\web\\project\\vendor\\laravel\\framework\\src\\Illuminate\\Database\\Connectors\\Connector.php(67): PDO::connect('mysql:host=loca...', 'root', Object(SensitiveParameterValue), Array)
#1 D:\\Backend-game-topup\\web\\project\\vendor\\laravel\\framework\\src\\Illuminate\\Database\\Connectors\\Connector.php(85): Illuminate\\Database\\Connectors\\Connector->createPdoConnection('mysql:host=loca...', 'root', Object(SensitiveParameterValue), Array)
#2 D:\\Backend-game-topup\\web\\project\\vendor\\laravel\\framework\\src\\Illuminate\\Database\\Connectors\\Connector.php(48): Illuminate\\Database\\Connectors\\Connector->tryAgainIfCausedByLostConnection(Object(PDOException), 'mysql:host=loca...', 'root', Object(SensitiveParameterValue), Array)
#3 D:\\Backend-game-topup\\web\\project\\vendor\\laravel\\framework\\src\\Illuminate\\Database\\Connectors\\MySqlConnector.php(24): Illuminate\\Database\\Connectors\\Connector->createConnection('mysql:host=loca...', Array, Array)
#4 D:\\Backend-game-topup\\web\\project\\vendor\\laravel\\framework\\src\\Illuminate\\Database\\Connectors\\ConnectionFactory.php(184): Illuminate\\Database\\Connectors\\MySqlConnector->connect(Array)
#5 [internal function]: Illuminate\\Database\\Connectors\\ConnectionFactory->{closure:Illuminate\\Database\\Connectors\\ConnectionFactory::createPdoResolverWithHosts():179}()
#6 D:\\Backend-game-topup\\web\\project\\vendor\\laravel\\framework\\src\\Illuminate\\Database\\Connection.php(1230): call_user_func(Object(Closure))
#7 D:\\Backend-game-topup\\web\\project\\vendor\\laravel\\framework\\src\\Illuminate\\Database\\Connection.php(1266): Illuminate\\Database\\Connection->getPdo()
#8 D:\\Backend-game-topup\\web\\project\\vendor\\laravel\\framework\\src\\Illuminate\\Database\\Connection.php(511): Illuminate\\Database\\Connection->getReadPdo()
#9 D:\\Backend-game-topup\\web\\project\\vendor\\laravel\\framework\\src\\Illuminate\\Database\\Connection.php(406): Illuminate\\Database\\Connection->getPdoForSelect(true)
#10 D:\\Backend-game-topup\\web\\project\\vendor\\laravel\\framework\\src\\Illuminate\\Database\\Connection.php(811): Illuminate\\Database\\Connection->{closure:Illuminate\\Database\\Connection::select():397}('select * from `...', Array)
#11 D:\\Backend-game-topup\\web\\project\\vendor\\laravel\\framework\\src\\Illuminate\\Database\\Connection.php(978): Illuminate\\Database\\Connection->runQueryCallback('select * from `...', Array, Object(Closure))
#12 D:\\Backend-game-topup\\web\\project\\vendor\\laravel\\framework\\src\\Illuminate\\Database\\Connection.php(957): Illuminate\\Database\\Connection->tryAgainIfCausedByLostConnection(Object(Illuminate\\Database\\QueryException), 'select * from `...', Array, Object(Closure))
#13 D:\\Backend-game-topup\\web\\project\\vendor\\laravel\\framework\\src\\Illuminate\\Database\\Connection.php(780): Illuminate\\Database\\Connection->handleQueryException(Object(Illuminate\\Database\\QueryException), 'select * from `...', Array, Object(Closure))
#14 D:\\Backend-game-topup\\web\\project\\vendor\\laravel\\framework\\src\\Illuminate\\Database\\Connection.php(397): Illuminate\\Database\\Connection->run('select * from `...', Array, Object(Closure))
#15 D:\\Backend-game-topup\\web\\project\\vendor\\laravel\\framework\\src\\Illuminate\\Database\\Query\\Builder.php(3188): Illuminate\\Database\\Connection->select('select * from `...', Array, true)
#16 D:\\Backend-game-topup\\web\\project\\vendor\\laravel\\framework\\src\\Illuminate\\Database\\Query\\Builder.php(3173): Illuminate\\Database\\Query\\Builder->runSelect()
#17 D:\\Backend-game-topup\\web\\project\\vendor\\laravel\\framework\\src\\Illuminate\\Database\\Query\\Builder.php(3763): Illuminate\\Database\\Query\\Builder->{closure:Illuminate\\Database\\Query\\Builder::get():3172}()
#18 D:\\Backend-game-topup\\web\\project\\vendor\\laravel\\framework\\src\\Illuminate\\Database\\Query\\Builder.php(3172): Illuminate\\Database\\Query\\Builder->onceWithColumns(Array, Object(Closure))
#19 D:\\Backend-game-topup\\web\\project\\vendor\\laravel\\framework\\src\\Illuminate\\Database\\Eloquent\\Builder.php(902): Illuminate\\Database\\Query\\Builder->get(Array)
#20 D:\\Backend-game-topup\\web\\project\\vendor\\laravel\\framework\\src\\Illuminate\\Database\\Eloquent\\Builder.php(884): Illuminate\\Database\\Eloquent\\Builder->getModels(Array)
#21 D:\\Backend-game-topup\\web\\project\\vendor\\laravel\\framework\\src\\Illuminate\\Database\\Concerns\\BuildsQueries.php(366): Illuminate\\Database\\Eloquent\\Builder->get(Array)
#22 D:\\Backend-game-topup\\web\\project\\vendor\\laravel\\framework\\src\\Illuminate\\Auth\\EloquentUserProvider.php(58): Illuminate\\Database\\Eloquent\\Builder->first()
#23 D:\\Backend-game-topup\\web\\project\\vendor\\laravel\\framework\\src\\Illuminate\\Auth\\SessionGuard.php(179): Illuminate\\Auth\\EloquentUserProvider->retrieveById(350)
#24 D:\\Backend-game-topup\\web\\project\\vendor\\laravel\\framework\\src\\Illuminate\\Auth\\GuardHelpers.php(56): Illuminate\\Auth\\SessionGuard->user()
#25 D:\\Backend-game-topup\\web\\project\\vendor\\filament\\filament\\src\\Http\\Middleware\\Authenticate.php(19): Illuminate\\Auth\\SessionGuard->check()
#26 D:\\Backend-game-topup\\web\\project\\vendor\\laravel\\framework\\src\\Illuminate\\Auth\\Middleware\\Authenticate.php(61): Filament\\Http\\Middleware\\Authenticate->authenticate(Object(Illuminate\\Http\\Request), Array)
#27 D:\\Backend-game-topup\\web\\project\\vendor\\laravel\\framework\\src\\Illuminate\\Pipeline\\Pipeline.php(219): Illuminate\\Auth\\Middleware\\Authenticate->handle(Object(Illuminate\\Http\\Request), Object(Closure))
#28 D:\\Backend-game-topup\\web\\project\\vendor\\filament\\filament\\src\\Http\\Middleware\\SetUpPanel.php(19): Illuminate\\Pipeline\\Pipeline->{closure:{closure:Illuminate\\Pipeline\\Pipeline::carry():194}:195}(Object(Illuminate\\Http\\Request))
#29 D:\\Backend-game-topup\\web\\project\\vendor\\laravel\\framework\\src\\Illuminate\\Pipeline\\Pipeline.php(219): Filament\\Http\\Middleware\\SetUpPanel->handle(Object(Illuminate\\Http\\Request), Object(Closure), Object(Filament\\Panel))
#30 D:\\Backend-game-topup\\web\\project\\vendor\\laravel\\framework\\src\\Illuminate\\Pipeline\\Pipeline.php(137): Illuminate\\Pipeline\\Pipeline->{closure:{closure:Illuminate\\Pipeline\\Pipeline::carry():194}:195}(Object(Illuminate\\Http\\Request))
#31 D:\\Backend-game-topup\\web\\project\\vendor\\livewire\\livewire\\src\\Drawer\\Utils.php(182): Illuminate\\Pipeline\\Pipeline->then(Object(Closure))
#32 D:\\Backend-game-topup\\web\\project\\vendor\\livewire\\livewire\\src\\Mechanisms\\PersistentMiddleware\\PersistentMiddleware.php(98): Livewire\\Drawer\\Utils::applyMiddleware(Object(Illuminate\\Http\\Request), Array)
#33 D:\\Backend-game-topup\\web\\project\\vendor\\livewire\\livewire\\src\\Mechanisms\\PersistentMiddleware\\PersistentMiddleware.php(43): Livewire\\Mechanisms\\PersistentMiddleware\\PersistentMiddleware->applyPersistentMiddleware()
#34 D:\\Backend-game-topup\\web\\project\\vendor\\livewire\\livewire\\src\\EventBus.php(60): Livewire\\Mechanisms\\PersistentMiddleware\\PersistentMiddleware->{closure:Livewire\\Mechanisms\\PersistentMiddleware\\PersistentMiddleware::boot():37}(Array)
#35 D:\\Backend-game-topup\\web\\project\\vendor\\livewire\\livewire\\src\\helpers.php(98): Livewire\\EventBus->trigger('snapshot-verifi...', Array)
#36 D:\\Backend-game-topup\\web\\project\\vendor\\livewire\\livewire\\src\\Mechanisms\\HandleComponents\\HandleComponents.php(126): Livewire\\trigger('snapshot-verifi...', Array)
#37 D:\\Backend-game-topup\\web\\project\\vendor\\livewire\\livewire\\src\\Mechanisms\\HandleComponents\\HandleComponents.php(92): Livewire\\Mechanisms\\HandleComponents\\HandleComponents->fromSnapshot(Array)
#38 D:\\Backend-game-topup\\web\\project\\vendor\\livewire\\livewire\\src\\LivewireManager.php(102): Livewire\\Mechanisms\\HandleComponents\\HandleComponents->update(Array, Array, Array)
#39 D:\\Backend-game-topup\\web\\project\\vendor\\livewire\\livewire\\src\\Mechanisms\\HandleRequests\\HandleRequests.php(94): Livewire\\LivewireManager->update(Array, Array, Array)
#40 D:\\Backend-game-topup\\web\\project\\vendor\\laravel\\framework\\src\\Illuminate\\Routing\\ControllerDispatcher.php(46): Livewire\\Mechanisms\\HandleRequests\\HandleRequests->handleUpdate()
#41 D:\\Backend-game-topup\\web\\project\\vendor\\laravel\\framework\\src\\Illuminate\\Routing\\Route.php(265): Illuminate\\Routing\\ControllerDispatcher->dispatch(Object(Illuminate\\Routing\\Route), Object(Livewire\\Mechanisms\\HandleRequests\\HandleRequests), 'handleUpdate')
#42 D:\\Backend-game-topup\\web\\project\\vendor\\laravel\\framework\\src\\Illuminate\\Routing\\Route.php(211): Illuminate\\Routing\\Route->runController()
#43 D:\\Backend-game-topup\\web\\project\\vendor\\laravel\\framework\\src\\Illuminate\\Routing\\Router.php(822): Illuminate\\Routing\\Route->run()
#44 D:\\Backend-game-topup\\web\\project\\vendor\\laravel\\framework\\src\\Illuminate\\Pipeline\\Pipeline.php(180): Illuminate\\Routing\\Router->{closure:Illuminate\\Routing\\Router::runRouteWithinStack():821}(Object(Illuminate\\Http\\Request))
#45 D:\\Backend-game-topup\\web\\project\\app\\Http\\Middleware\\LanguageDetectMiddleware.php(24): Illuminate\\Pipeline\\Pipeline->{closure:Illuminate\\Pipeline\\Pipeline::prepareDestination():178}(Object(Illuminate\\Http\\Request))
#46 D:\\Backend-game-topup\\web\\project\\vendor\\laravel\\framework\\src\\Illuminate\\Pipeline\\Pipeline.php(219): App\\Http\\Middleware\\LanguageDetectMiddleware->handle(Object(Illuminate\\Http\\Request), Object(Closure))
#47 D:\\Backend-game-topup\\web\\project\\app\\Http\\Middleware\\TrackVisitors.php(33): Illuminate\\Pipeline\\Pipeline->{closure:{closure:Illuminate\\Pipeline\\Pipeline::carry():194}:195}(Object(Illuminate\\Http\\Request))
#48 D:\\Backend-game-topup\\web\\project\\vendor\\laravel\\framework\\src\\Illuminate\\Pipeline\\Pipeline.php(219): App\\Http\\Middleware\\TrackVisitors->handle(Object(Illuminate\\Http\\Request), Object(Closure))
#49 D:\\Backend-game-topup\\web\\project\\app\\Http\\Middleware\\AddExpirationDateToCookie.php(21): Illuminate\\Pipeline\\Pipeline->{closure:{closure:Illuminate\\Pipeline\\Pipeline::carry():194}:195}(Object(Illuminate\\Http\\Request))
#50 D:\\Backend-game-topup\\web\\project\\vendor\\laravel\\framework\\src\\Illuminate\\Pipeline\\Pipeline.php(219): App\\Http\\Middleware\\AddExpirationDateToCookie->handle(Object(Illuminate\\Http\\Request), Object(Closure))
#51 D:\\Backend-game-topup\\web\\project\\vendor\\laravel\\framework\\src\\Illuminate\\Routing\\Middleware\\SubstituteBindings.php(50): Illuminate\\Pipeline\\Pipeline->{closure:{closure:Illuminate\\Pipeline\\Pipeline::carry():194}:195}(Object(Illuminate\\Http\\Request))
#52 D:\\Backend-game-topup\\web\\project\\vendor\\laravel\\framework\\src\\Illuminate\\Pipeline\\Pipeline.php(219): Illuminate\\Routing\\Middleware\\SubstituteBindings->handle(Object(Illuminate\\Http\\Request), Object(Closure))
#53 D:\\Backend-game-topup\\web\\project\\app\\Http\\Middleware\\VerifyCsrfToken.php(31): Illuminate\\Pipeline\\Pipeline->{closure:{closure:Illuminate\\Pipeline\\Pipeline::carry():194}:195}(Object(Illuminate\\Http\\Request))
#54 D:\\Backend-game-topup\\web\\project\\vendor\\laravel\\framework\\src\\Illuminate\\Pipeline\\Pipeline.php(219): App\\Http\\Middleware\\VerifyCsrfToken->handle(Object(Illuminate\\Http\\Request), Object(Closure))
#55 D:\\Backend-game-topup\\web\\project\\vendor\\laravel\\framework\\src\\Illuminate\\View\\Middleware\\ShareErrorsFromSession.php(48): Illuminate\\Pipeline\\Pipeline->{closure:{closure:Illuminate\\Pipeline\\Pipeline::carry():194}:195}(Object(Illuminate\\Http\\Request))
#56 D:\\Backend-game-topup\\web\\project\\vendor\\laravel\\framework\\src\\Illuminate\\Pipeline\\Pipeline.php(219): Illuminate\\View\\Middleware\\ShareErrorsFromSession->handle(Object(Illuminate\\Http\\Request), Object(Closure))
#57 D:\\Backend-game-topup\\web\\project\\vendor\\laravel\\framework\\src\\Illuminate\\Session\\Middleware\\StartSession.php(120): Illuminate\\Pipeline\\Pipeline->{closure:{closure:Illuminate\\Pipeline\\Pipeline::carry():194}:195}(Object(Illuminate\\Http\\Request))
#58 D:\\Backend-game-topup\\web\\project\\vendor\\laravel\\framework\\src\\Illuminate\\Session\\Middleware\\StartSession.php(63): Illuminate\\Session\\Middleware\\StartSession->handleStatefulRequest(Object(Illuminate\\Http\\Request), Object(Illuminate\\Session\\EncryptedStore), Object(Closure))
#59 D:\\Backend-game-topup\\web\\project\\vendor\\laravel\\framework\\src\\Illuminate\\Pipeline\\Pipeline.php(219): Illuminate\\Session\\Middleware\\StartSession->handle(Object(Illuminate\\Http\\Request), Object(Closure))
#60 D:\\Backend-game-topup\\web\\project\\vendor\\laravel\\framework\\src\\Illuminate\\Cookie\\Middleware\\AddQueuedCookiesToResponse.php(36): Illuminate\\Pipeline\\Pipeline->{closure:{closure:Illuminate\\Pipeline\\Pipeline::carry():194}:195}(Object(Illuminate\\Http\\Request))
#61 D:\\Backend-game-topup\\web\\project\\vendor\\laravel\\framework\\src\\Illuminate\\Pipeline\\Pipeline.php(219): Illuminate\\Cookie\\Middleware\\AddQueuedCookiesToResponse->handle(Object(Illuminate\\Http\\Request), Object(Closure))
#62 D:\\Backend-game-topup\\web\\project\\vendor\\laravel\\framework\\src\\Illuminate\\Cookie\\Middleware\\EncryptCookies.php(74): Illuminate\\Pipeline\\Pipeline->{closure:{closure:Illuminate\\Pipeline\\Pipeline::carry():194}:195}(Object(Illuminate\\Http\\Request))
#63 D:\\Backend-game-topup\\web\\project\\vendor\\laravel\\framework\\src\\Illuminate\\Pipeline\\Pipeline.php(219): Illuminate\\Cookie\\Middleware\\EncryptCookies->handle(Object(Illuminate\\Http\\Request), Object(Closure))
#64 D:\\Backend-game-topup\\web\\project\\vendor\\laravel\\framework\\src\\Illuminate\\Pipeline\\Pipeline.php(137): Illuminate\\Pipeline\\Pipeline->{closure:{closure:Illuminate\\Pipeline\\Pipeline::carry():194}:195}(Object(Illuminate\\Http\\Request))
#65 D:\\Backend-game-topup\\web\\project\\vendor\\laravel\\framework\\src\\Illuminate\\Routing\\Router.php(821): Illuminate\\Pipeline\\Pipeline->then(Object(Closure))
#66 D:\\Backend-game-topup\\web\\project\\vendor\\laravel\\framework\\src\\Illuminate\\Routing\\Router.php(800): Illuminate\\Routing\\Router->runRouteWithinStack(Object(Illuminate\\Routing\\Route), Object(Illuminate\\Http\\Request))
#67 D:\\Backend-game-topup\\web\\project\\vendor\\laravel\\framework\\src\\Illuminate\\Routing\\Router.php(764): Illuminate\\Routing\\Router->runRoute(Object(Illuminate\\Http\\Request), Object(Illuminate\\Routing\\Route))
#68 D:\\Backend-game-topup\\web\\project\\vendor\\laravel\\framework\\src\\Illuminate\\Routing\\Router.php(753): Illuminate\\Routing\\Router->dispatchToRoute(Object(Illuminate\\Http\\Request))
#69 D:\\Backend-game-topup\\web\\project\\vendor\\laravel\\framework\\src\\Illuminate\\Foundation\\Http\\Kernel.php(200): Illuminate\\Routing\\Router->dispatch(Object(Illuminate\\Http\\Request))
#70 D:\\Backend-game-topup\\web\\project\\vendor\\laravel\\framework\\src\\Illuminate\\Pipeline\\Pipeline.php(180): Illuminate\\Foundation\\Http\\Kernel->{closure:Illuminate\\Foundation\\Http\\Kernel::dispatchToRouter():197}(Object(Illuminate\\Http\\Request))
#71 D:\\Backend-game-topup\\web\\project\\vendor\\livewire\\livewire\\src\\Features\\SupportDisablingBackButtonCache\\DisableBackButtonCacheMiddleware.php(19): Illuminate\\Pipeline\\Pipeline->{closure:Illuminate\\Pipeline\\Pipeline::prepareDestination():178}(Object(Illuminate\\Http\\Request))
#72 D:\\Backend-game-topup\\web\\project\\vendor\\laravel\\framework\\src\\Illuminate\\Pipeline\\Pipeline.php(219): Livewire\\Features\\SupportDisablingBackButtonCache\\DisableBackButtonCacheMiddleware->handle(Object(Illuminate\\Http\\Request), Object(Closure))
#73 D:\\Backend-game-topup\\web\\project\\vendor\\laravel\\framework\\src\\Illuminate\\Foundation\\Http\\Middleware\\ConvertEmptyStringsToNull.php(27): Illuminate\\Pipeline\\Pipeline->{closure:{closure:Illuminate\\Pipeline\\Pipeline::carry():194}:195}(Object(Illuminate\\Http\\Request))
#74 D:\\Backend-game-topup\\web\\project\\vendor\\laravel\\framework\\src\\Illuminate\\Pipeline\\Pipeline.php(219): Illuminate\\Foundation\\Http\\Middleware\\ConvertEmptyStringsToNull->handle(Object(Illuminate\\Http\\Request), Object(Closure))
#75 D:\\Backend-game-topup\\web\\project\\vendor\\laravel\\framework\\src\\Illuminate\\Foundation\\Http\\Middleware\\TrimStrings.php(47): Illuminate\\Pipeline\\Pipeline->{closure:{closure:Illuminate\\Pipeline\\Pipeline::carry():194}:195}(Object(Illuminate\\Http\\Request))
#76 D:\\Backend-game-topup\\web\\project\\vendor\\laravel\\framework\\src\\Illuminate\\Pipeline\\Pipeline.php(219): Illuminate\\Foundation\\Http\\Middleware\\TrimStrings->handle(Object(Illuminate\\Http\\Request), Object(Closure))
#77 D:\\Backend-game-topup\\web\\project\\vendor\\laravel\\framework\\src\\Illuminate\\Http\\Middleware\\ValidatePostSize.php(27): Illuminate\\Pipeline\\Pipeline->{closure:{closure:Illuminate\\Pipeline\\Pipeline::carry():194}:195}(Object(Illuminate\\Http\\Request))
#78 D:\\Backend-game-topup\\web\\project\\vendor\\laravel\\framework\\src\\Illuminate\\Pipeline\\Pipeline.php(219): Illuminate\\Http\\Middleware\\ValidatePostSize->handle(Object(Illuminate\\Http\\Request), Object(Closure))
#79 D:\\Backend-game-topup\\web\\project\\vendor\\laravel\\framework\\src\\Illuminate\\Foundation\\Http\\Middleware\\PreventRequestsDuringMaintenance.php(109): Illuminate\\Pipeline\\Pipeline->{closure:{closure:Illuminate\\Pipeline\\Pipeline::carry():194}:195}(Object(Illuminate\\Http\\Request))
#80 D:\\Backend-game-topup\\web\\project\\vendor\\laravel\\framework\\src\\Illuminate\\Pipeline\\Pipeline.php(219): Illuminate\\Foundation\\Http\\Middleware\\PreventRequestsDuringMaintenance->handle(Object(Illuminate\\Http\\Request), Object(Closure))
#81 D:\\Backend-game-topup\\web\\project\\vendor\\laravel\\framework\\src\\Illuminate\\Http\\Middleware\\HandleCors.php(48): Illuminate\\Pipeline\\Pipeline->{closure:{closure:Illuminate\\Pipeline\\Pipeline::carry():194}:195}(Object(Illuminate\\Http\\Request))
#82 D:\\Backend-game-topup\\web\\project\\vendor\\laravel\\framework\\src\\Illuminate\\Pipeline\\Pipeline.php(219): Illuminate\\Http\\Middleware\\HandleCors->handle(Object(Illuminate\\Http\\Request), Object(Closure))
#83 D:\\Backend-game-topup\\web\\project\\vendor\\laravel\\framework\\src\\Illuminate\\Http\\Middleware\\TrustProxies.php(58): Illuminate\\Pipeline\\Pipeline->{closure:{closure:Illuminate\\Pipeline\\Pipeline::carry():194}:195}(Object(Illuminate\\Http\\Request))
#84 D:\\Backend-game-topup\\web\\project\\vendor\\laravel\\framework\\src\\Illuminate\\Pipeline\\Pipeline.php(219): Illuminate\\Http\\Middleware\\TrustProxies->handle(Object(Illuminate\\Http\\Request), Object(Closure))
#85 D:\\Backend-game-topup\\web\\project\\vendor\\laravel\\framework\\src\\Illuminate\\Http\\Middleware\\TrustHosts.php(78): Illuminate\\Pipeline\\Pipeline->{closure:{closure:Illuminate\\Pipeline\\Pipeline::carry():194}:195}(Object(Illuminate\\Http\\Request))
#86 D:\\Backend-game-topup\\web\\project\\vendor\\laravel\\framework\\src\\Illuminate\\Pipeline\\Pipeline.php(219): Illuminate\\Http\\Middleware\\TrustHosts->handle(Object(Illuminate\\Http\\Request), Object(Closure))
#87 D:\\Backend-game-topup\\web\\project\\vendor\\laravel\\framework\\src\\Illuminate\\Pipeline\\Pipeline.php(137): Illuminate\\Pipeline\\Pipeline->{closure:{closure:Illuminate\\Pipeline\\Pipeline::carry():194}:195}(Object(Illuminate\\Http\\Request))
#88 D:\\Backend-game-topup\\web\\project\\vendor\\laravel\\framework\\src\\Illuminate\\Foundation\\Http\\Kernel.php(175): Illuminate\\Pipeline\\Pipeline->then(Object(Closure))
#89 D:\\Backend-game-topup\\web\\project\\vendor\\laravel\\framework\\src\\Illuminate\\Foundation\\Http\\Kernel.php(144): Illuminate\\Foundation\\Http\\Kernel->sendRequestThroughRouter(Object(Illuminate\\Http\\Request))
#90 D:\\Backend-game-topup\\web\\project\\public\\index.php(51): Illuminate\\Foundation\\Http\\Kernel->handle(Object(Illuminate\\Http\\Request))
#91 D:\\Backend-game-topup\\web\\project\\server.php(21): require_once('D:\\\\Backend-game...')
#92 {main}
"} 
[2025-10-17 16:16:18] local.ERROR: Exception occurred: SQLSTATE[HY000] [2002] No connection could be made because the target machine actively refused it (Connection: mysql, SQL: select * from `users` where `id` = 350 limit 1) {"exception":"[object] (Illuminate\\Database\\QueryException(code: 2002): SQLSTATE[HY000] [2002] No connection could be made because the target machine actively refused it (Connection: mysql, SQL: select * from `users` where `id` = 350 limit 1) at D:\\Backend-game-topup\\web\\project\\vendor\\laravel\\framework\\src\\Illuminate\\Database\\Connection.php:824)
[stacktrace]
#0 D:\\Backend-game-topup\\web\\project\\vendor\\laravel\\framework\\src\\Illuminate\\Database\\Connection.php(978): Illuminate\\Database\\Connection->runQueryCallback('select * from `...', Array, Object(Closure))
#1 D:\\Backend-game-topup\\web\\project\\vendor\\laravel\\framework\\src\\Illuminate\\Database\\Connection.php(957): Illuminate\\Database\\Connection->tryAgainIfCausedByLostConnection(Object(Illuminate\\Database\\QueryException), 'select * from `...', Array, Object(Closure))
#2 D:\\Backend-game-topup\\web\\project\\vendor\\laravel\\framework\\src\\Illuminate\\Database\\Connection.php(780): Illuminate\\Database\\Connection->handleQueryException(Object(Illuminate\\Database\\QueryException), 'select * from `...', Array, Object(Closure))
#3 D:\\Backend-game-topup\\web\\project\\vendor\\laravel\\framework\\src\\Illuminate\\Database\\Connection.php(397): Illuminate\\Database\\Connection->run('select * from `...', Array, Object(Closure))
#4 D:\\Backend-game-topup\\web\\project\\vendor\\laravel\\framework\\src\\Illuminate\\Database\\Query\\Builder.php(3188): Illuminate\\Database\\Connection->select('select * from `...', Array, true)
#5 D:\\Backend-game-topup\\web\\project\\vendor\\laravel\\framework\\src\\Illuminate\\Database\\Query\\Builder.php(3173): Illuminate\\Database\\Query\\Builder->runSelect()
#6 D:\\Backend-game-topup\\web\\project\\vendor\\laravel\\framework\\src\\Illuminate\\Database\\Query\\Builder.php(3763): Illuminate\\Database\\Query\\Builder->{closure:Illuminate\\Database\\Query\\Builder::get():3172}()
#7 D:\\Backend-game-topup\\web\\project\\vendor\\laravel\\framework\\src\\Illuminate\\Database\\Query\\Builder.php(3172): Illuminate\\Database\\Query\\Builder->onceWithColumns(Array, Object(Closure))
#8 D:\\Backend-game-topup\\web\\project\\vendor\\laravel\\framework\\src\\Illuminate\\Database\\Eloquent\\Builder.php(902): Illuminate\\Database\\Query\\Builder->get(Array)
#9 D:\\Backend-game-topup\\web\\project\\vendor\\laravel\\framework\\src\\Illuminate\\Database\\Eloquent\\Builder.php(884): Illuminate\\Database\\Eloquent\\Builder->getModels(Array)
#10 D:\\Backend-game-topup\\web\\project\\vendor\\laravel\\framework\\src\\Illuminate\\Database\\Concerns\\BuildsQueries.php(366): Illuminate\\Database\\Eloquent\\Builder->get(Array)
#11 D:\\Backend-game-topup\\web\\project\\vendor\\laravel\\framework\\src\\Illuminate\\Auth\\EloquentUserProvider.php(58): Illuminate\\Database\\Eloquent\\Builder->first()
#12 D:\\Backend-game-topup\\web\\project\\vendor\\laravel\\framework\\src\\Illuminate\\Auth\\SessionGuard.php(179): Illuminate\\Auth\\EloquentUserProvider->retrieveById(350)
#13 D:\\Backend-game-topup\\web\\project\\vendor\\laravel\\framework\\src\\Illuminate\\Auth\\GuardHelpers.php(56): Illuminate\\Auth\\SessionGuard->user()
#14 D:\\Backend-game-topup\\web\\project\\vendor\\filament\\filament\\src\\Http\\Middleware\\Authenticate.php(19): Illuminate\\Auth\\SessionGuard->check()
#15 D:\\Backend-game-topup\\web\\project\\vendor\\laravel\\framework\\src\\Illuminate\\Auth\\Middleware\\Authenticate.php(61): Filament\\Http\\Middleware\\Authenticate->authenticate(Object(Illuminate\\Http\\Request), Array)
#16 D:\\Backend-game-topup\\web\\project\\vendor\\laravel\\framework\\src\\Illuminate\\Pipeline\\Pipeline.php(219): Illuminate\\Auth\\Middleware\\Authenticate->handle(Object(Illuminate\\Http\\Request), Object(Closure))
#17 D:\\Backend-game-topup\\web\\project\\vendor\\filament\\filament\\src\\Http\\Middleware\\SetUpPanel.php(19): Illuminate\\Pipeline\\Pipeline->{closure:{closure:Illuminate\\Pipeline\\Pipeline::carry():194}:195}(Object(Illuminate\\Http\\Request))
#18 D:\\Backend-game-topup\\web\\project\\vendor\\laravel\\framework\\src\\Illuminate\\Pipeline\\Pipeline.php(219): Filament\\Http\\Middleware\\SetUpPanel->handle(Object(Illuminate\\Http\\Request), Object(Closure), Object(Filament\\Panel))
#19 D:\\Backend-game-topup\\web\\project\\vendor\\laravel\\framework\\src\\Illuminate\\Pipeline\\Pipeline.php(137): Illuminate\\Pipeline\\Pipeline->{closure:{closure:Illuminate\\Pipeline\\Pipeline::carry():194}:195}(Object(Illuminate\\Http\\Request))
#20 D:\\Backend-game-topup\\web\\project\\vendor\\livewire\\livewire\\src\\Drawer\\Utils.php(182): Illuminate\\Pipeline\\Pipeline->then(Object(Closure))
#21 D:\\Backend-game-topup\\web\\project\\vendor\\livewire\\livewire\\src\\Mechanisms\\PersistentMiddleware\\PersistentMiddleware.php(98): Livewire\\Drawer\\Utils::applyMiddleware(Object(Illuminate\\Http\\Request), Array)
#22 D:\\Backend-game-topup\\web\\project\\vendor\\livewire\\livewire\\src\\Mechanisms\\PersistentMiddleware\\PersistentMiddleware.php(43): Livewire\\Mechanisms\\PersistentMiddleware\\PersistentMiddleware->applyPersistentMiddleware()
#23 D:\\Backend-game-topup\\web\\project\\vendor\\livewire\\livewire\\src\\EventBus.php(60): Livewire\\Mechanisms\\PersistentMiddleware\\PersistentMiddleware->{closure:Livewire\\Mechanisms\\PersistentMiddleware\\PersistentMiddleware::boot():37}(Array)
#24 D:\\Backend-game-topup\\web\\project\\vendor\\livewire\\livewire\\src\\helpers.php(98): Livewire\\EventBus->trigger('snapshot-verifi...', Array)
#25 D:\\Backend-game-topup\\web\\project\\vendor\\livewire\\livewire\\src\\Mechanisms\\HandleComponents\\HandleComponents.php(126): Livewire\\trigger('snapshot-verifi...', Array)
#26 D:\\Backend-game-topup\\web\\project\\vendor\\livewire\\livewire\\src\\Mechanisms\\HandleComponents\\HandleComponents.php(92): Livewire\\Mechanisms\\HandleComponents\\HandleComponents->fromSnapshot(Array)
#27 D:\\Backend-game-topup\\web\\project\\vendor\\livewire\\livewire\\src\\LivewireManager.php(102): Livewire\\Mechanisms\\HandleComponents\\HandleComponents->update(Array, Array, Array)
#28 D:\\Backend-game-topup\\web\\project\\vendor\\livewire\\livewire\\src\\Mechanisms\\HandleRequests\\HandleRequests.php(94): Livewire\\LivewireManager->update(Array, Array, Array)
#29 D:\\Backend-game-topup\\web\\project\\vendor\\laravel\\framework\\src\\Illuminate\\Routing\\ControllerDispatcher.php(46): Livewire\\Mechanisms\\HandleRequests\\HandleRequests->handleUpdate()
#30 D:\\Backend-game-topup\\web\\project\\vendor\\laravel\\framework\\src\\Illuminate\\Routing\\Route.php(265): Illuminate\\Routing\\ControllerDispatcher->dispatch(Object(Illuminate\\Routing\\Route), Object(Livewire\\Mechanisms\\HandleRequests\\HandleRequests), 'handleUpdate')
#31 D:\\Backend-game-topup\\web\\project\\vendor\\laravel\\framework\\src\\Illuminate\\Routing\\Route.php(211): Illuminate\\Routing\\Route->runController()
#32 D:\\Backend-game-topup\\web\\project\\vendor\\laravel\\framework\\src\\Illuminate\\Routing\\Router.php(822): Illuminate\\Routing\\Route->run()
#33 D:\\Backend-game-topup\\web\\project\\vendor\\laravel\\framework\\src\\Illuminate\\Pipeline\\Pipeline.php(180): Illuminate\\Routing\\Router->{closure:Illuminate\\Routing\\Router::runRouteWithinStack():821}(Object(Illuminate\\Http\\Request))
#34 D:\\Backend-game-topup\\web\\project\\app\\Http\\Middleware\\LanguageDetectMiddleware.php(24): Illuminate\\Pipeline\\Pipeline->{closure:Illuminate\\Pipeline\\Pipeline::prepareDestination():178}(Object(Illuminate\\Http\\Request))
#35 D:\\Backend-game-topup\\web\\project\\vendor\\laravel\\framework\\src\\Illuminate\\Pipeline\\Pipeline.php(219): App\\Http\\Middleware\\LanguageDetectMiddleware->handle(Object(Illuminate\\Http\\Request), Object(Closure))
#36 D:\\Backend-game-topup\\web\\project\\app\\Http\\Middleware\\TrackVisitors.php(33): Illuminate\\Pipeline\\Pipeline->{closure:{closure:Illuminate\\Pipeline\\Pipeline::carry():194}:195}(Object(Illuminate\\Http\\Request))
#37 D:\\Backend-game-topup\\web\\project\\vendor\\laravel\\framework\\src\\Illuminate\\Pipeline\\Pipeline.php(219): App\\Http\\Middleware\\TrackVisitors->handle(Object(Illuminate\\Http\\Request), Object(Closure))
#38 D:\\Backend-game-topup\\web\\project\\app\\Http\\Middleware\\AddExpirationDateToCookie.php(21): Illuminate\\Pipeline\\Pipeline->{closure:{closure:Illuminate\\Pipeline\\Pipeline::carry():194}:195}(Object(Illuminate\\Http\\Request))
#39 D:\\Backend-game-topup\\web\\project\\vendor\\laravel\\framework\\src\\Illuminate\\Pipeline\\Pipeline.php(219): App\\Http\\Middleware\\AddExpirationDateToCookie->handle(Object(Illuminate\\Http\\Request), Object(Closure))
#40 D:\\Backend-game-topup\\web\\project\\vendor\\laravel\\framework\\src\\Illuminate\\Routing\\Middleware\\SubstituteBindings.php(50): Illuminate\\Pipeline\\Pipeline->{closure:{closure:Illuminate\\Pipeline\\Pipeline::carry():194}:195}(Object(Illuminate\\Http\\Request))
#41 D:\\Backend-game-topup\\web\\project\\vendor\\laravel\\framework\\src\\Illuminate\\Pipeline\\Pipeline.php(219): Illuminate\\Routing\\Middleware\\SubstituteBindings->handle(Object(Illuminate\\Http\\Request), Object(Closure))
#42 D:\\Backend-game-topup\\web\\project\\app\\Http\\Middleware\\VerifyCsrfToken.php(31): Illuminate\\Pipeline\\Pipeline->{closure:{closure:Illuminate\\Pipeline\\Pipeline::carry():194}:195}(Object(Illuminate\\Http\\Request))
#43 D:\\Backend-game-topup\\web\\project\\vendor\\laravel\\framework\\src\\Illuminate\\Pipeline\\Pipeline.php(219): App\\Http\\Middleware\\VerifyCsrfToken->handle(Object(Illuminate\\Http\\Request), Object(Closure))
#44 D:\\Backend-game-topup\\web\\project\\vendor\\laravel\\framework\\src\\Illuminate\\View\\Middleware\\ShareErrorsFromSession.php(48): Illuminate\\Pipeline\\Pipeline->{closure:{closure:Illuminate\\Pipeline\\Pipeline::carry():194}:195}(Object(Illuminate\\Http\\Request))
#45 D:\\Backend-game-topup\\web\\project\\vendor\\laravel\\framework\\src\\Illuminate\\Pipeline\\Pipeline.php(219): Illuminate\\View\\Middleware\\ShareErrorsFromSession->handle(Object(Illuminate\\Http\\Request), Object(Closure))
#46 D:\\Backend-game-topup\\web\\project\\vendor\\laravel\\framework\\src\\Illuminate\\Session\\Middleware\\StartSession.php(120): Illuminate\\Pipeline\\Pipeline->{closure:{closure:Illuminate\\Pipeline\\Pipeline::carry():194}:195}(Object(Illuminate\\Http\\Request))
#47 D:\\Backend-game-topup\\web\\project\\vendor\\laravel\\framework\\src\\Illuminate\\Session\\Middleware\\StartSession.php(63): Illuminate\\Session\\Middleware\\StartSession->handleStatefulRequest(Object(Illuminate\\Http\\Request), Object(Illuminate\\Session\\EncryptedStore), Object(Closure))
#48 D:\\Backend-game-topup\\web\\project\\vendor\\laravel\\framework\\src\\Illuminate\\Pipeline\\Pipeline.php(219): Illuminate\\Session\\Middleware\\StartSession->handle(Object(Illuminate\\Http\\Request), Object(Closure))
#49 D:\\Backend-game-topup\\web\\project\\vendor\\laravel\\framework\\src\\Illuminate\\Cookie\\Middleware\\AddQueuedCookiesToResponse.php(36): Illuminate\\Pipeline\\Pipeline->{closure:{closure:Illuminate\\Pipeline\\Pipeline::carry():194}:195}(Object(Illuminate\\Http\\Request))
#50 D:\\Backend-game-topup\\web\\project\\vendor\\laravel\\framework\\src\\Illuminate\\Pipeline\\Pipeline.php(219): Illuminate\\Cookie\\Middleware\\AddQueuedCookiesToResponse->handle(Object(Illuminate\\Http\\Request), Object(Closure))
#51 D:\\Backend-game-topup\\web\\project\\vendor\\laravel\\framework\\src\\Illuminate\\Cookie\\Middleware\\EncryptCookies.php(74): Illuminate\\Pipeline\\Pipeline->{closure:{closure:Illuminate\\Pipeline\\Pipeline::carry():194}:195}(Object(Illuminate\\Http\\Request))
#52 D:\\Backend-game-topup\\web\\project\\vendor\\laravel\\framework\\src\\Illuminate\\Pipeline\\Pipeline.php(219): Illuminate\\Cookie\\Middleware\\EncryptCookies->handle(Object(Illuminate\\Http\\Request), Object(Closure))
#53 D:\\Backend-game-topup\\web\\project\\vendor\\laravel\\framework\\src\\Illuminate\\Pipeline\\Pipeline.php(137): Illuminate\\Pipeline\\Pipeline->{closure:{closure:Illuminate\\Pipeline\\Pipeline::carry():194}:195}(Object(Illuminate\\Http\\Request))
#54 D:\\Backend-game-topup\\web\\project\\vendor\\laravel\\framework\\src\\Illuminate\\Routing\\Router.php(821): Illuminate\\Pipeline\\Pipeline->then(Object(Closure))
#55 D:\\Backend-game-topup\\web\\project\\vendor\\laravel\\framework\\src\\Illuminate\\Routing\\Router.php(800): Illuminate\\Routing\\Router->runRouteWithinStack(Object(Illuminate\\Routing\\Route), Object(Illuminate\\Http\\Request))
#56 D:\\Backend-game-topup\\web\\project\\vendor\\laravel\\framework\\src\\Illuminate\\Routing\\Router.php(764): Illuminate\\Routing\\Router->runRoute(Object(Illuminate\\Http\\Request), Object(Illuminate\\Routing\\Route))
#57 D:\\Backend-game-topup\\web\\project\\vendor\\laravel\\framework\\src\\Illuminate\\Routing\\Router.php(753): Illuminate\\Routing\\Router->dispatchToRoute(Object(Illuminate\\Http\\Request))
#58 D:\\Backend-game-topup\\web\\project\\vendor\\laravel\\framework\\src\\Illuminate\\Foundation\\Http\\Kernel.php(200): Illuminate\\Routing\\Router->dispatch(Object(Illuminate\\Http\\Request))
#59 D:\\Backend-game-topup\\web\\project\\vendor\\laravel\\framework\\src\\Illuminate\\Pipeline\\Pipeline.php(180): Illuminate\\Foundation\\Http\\Kernel->{closure:Illuminate\\Foundation\\Http\\Kernel::dispatchToRouter():197}(Object(Illuminate\\Http\\Request))
#60 D:\\Backend-game-topup\\web\\project\\vendor\\livewire\\livewire\\src\\Features\\SupportDisablingBackButtonCache\\DisableBackButtonCacheMiddleware.php(19): Illuminate\\Pipeline\\Pipeline->{closure:Illuminate\\Pipeline\\Pipeline::prepareDestination():178}(Object(Illuminate\\Http\\Request))
#61 D:\\Backend-game-topup\\web\\project\\vendor\\laravel\\framework\\src\\Illuminate\\Pipeline\\Pipeline.php(219): Livewire\\Features\\SupportDisablingBackButtonCache\\DisableBackButtonCacheMiddleware->handle(Object(Illuminate\\Http\\Request), Object(Closure))
#62 D:\\Backend-game-topup\\web\\project\\vendor\\laravel\\framework\\src\\Illuminate\\Foundation\\Http\\Middleware\\ConvertEmptyStringsToNull.php(27): Illuminate\\Pipeline\\Pipeline->{closure:{closure:Illuminate\\Pipeline\\Pipeline::carry():194}:195}(Object(Illuminate\\Http\\Request))
#63 D:\\Backend-game-topup\\web\\project\\vendor\\laravel\\framework\\src\\Illuminate\\Pipeline\\Pipeline.php(219): Illuminate\\Foundation\\Http\\Middleware\\ConvertEmptyStringsToNull->handle(Object(Illuminate\\Http\\Request), Object(Closure))
#64 D:\\Backend-game-topup\\web\\project\\vendor\\laravel\\framework\\src\\Illuminate\\Foundation\\Http\\Middleware\\TrimStrings.php(47): Illuminate\\Pipeline\\Pipeline->{closure:{closure:Illuminate\\Pipeline\\Pipeline::carry():194}:195}(Object(Illuminate\\Http\\Request))
#65 D:\\Backend-game-topup\\web\\project\\vendor\\laravel\\framework\\src\\Illuminate\\Pipeline\\Pipeline.php(219): Illuminate\\Foundation\\Http\\Middleware\\TrimStrings->handle(Object(Illuminate\\Http\\Request), Object(Closure))
#66 D:\\Backend-game-topup\\web\\project\\vendor\\laravel\\framework\\src\\Illuminate\\Http\\Middleware\\ValidatePostSize.php(27): Illuminate\\Pipeline\\Pipeline->{closure:{closure:Illuminate\\Pipeline\\Pipeline::carry():194}:195}(Object(Illuminate\\Http\\Request))
#67 D:\\Backend-game-topup\\web\\project\\vendor\\laravel\\framework\\src\\Illuminate\\Pipeline\\Pipeline.php(219): Illuminate\\Http\\Middleware\\ValidatePostSize->handle(Object(Illuminate\\Http\\Request), Object(Closure))
#68 D:\\Backend-game-topup\\web\\project\\vendor\\laravel\\framework\\src\\Illuminate\\Foundation\\Http\\Middleware\\PreventRequestsDuringMaintenance.php(109): Illuminate\\Pipeline\\Pipeline->{closure:{closure:Illuminate\\Pipeline\\Pipeline::carry():194}:195}(Object(Illuminate\\Http\\Request))
#69 D:\\Backend-game-topup\\web\\project\\vendor\\laravel\\framework\\src\\Illuminate\\Pipeline\\Pipeline.php(219): Illuminate\\Foundation\\Http\\Middleware\\PreventRequestsDuringMaintenance->handle(Object(Illuminate\\Http\\Request), Object(Closure))
#70 D:\\Backend-game-topup\\web\\project\\vendor\\laravel\\framework\\src\\Illuminate\\Http\\Middleware\\HandleCors.php(48): Illuminate\\Pipeline\\Pipeline->{closure:{closure:Illuminate\\Pipeline\\Pipeline::carry():194}:195}(Object(Illuminate\\Http\\Request))
#71 D:\\Backend-game-topup\\web\\project\\vendor\\laravel\\framework\\src\\Illuminate\\Pipeline\\Pipeline.php(219): Illuminate\\Http\\Middleware\\HandleCors->handle(Object(Illuminate\\Http\\Request), Object(Closure))
#72 D:\\Backend-game-topup\\web\\project\\vendor\\laravel\\framework\\src\\Illuminate\\Http\\Middleware\\TrustProxies.php(58): Illuminate\\Pipeline\\Pipeline->{closure:{closure:Illuminate\\Pipeline\\Pipeline::carry():194}:195}(Object(Illuminate\\Http\\Request))
#73 D:\\Backend-game-topup\\web\\project\\vendor\\laravel\\framework\\src\\Illuminate\\Pipeline\\Pipeline.php(219): Illuminate\\Http\\Middleware\\TrustProxies->handle(Object(Illuminate\\Http\\Request), Object(Closure))
#74 D:\\Backend-game-topup\\web\\project\\vendor\\laravel\\framework\\src\\Illuminate\\Http\\Middleware\\TrustHosts.php(78): Illuminate\\Pipeline\\Pipeline->{closure:{closure:Illuminate\\Pipeline\\Pipeline::carry():194}:195}(Object(Illuminate\\Http\\Request))
#75 D:\\Backend-game-topup\\web\\project\\vendor\\laravel\\framework\\src\\Illuminate\\Pipeline\\Pipeline.php(219): Illuminate\\Http\\Middleware\\TrustHosts->handle(Object(Illuminate\\Http\\Request), Object(Closure))
#76 D:\\Backend-game-topup\\web\\project\\vendor\\laravel\\framework\\src\\Illuminate\\Pipeline\\Pipeline.php(137): Illuminate\\Pipeline\\Pipeline->{closure:{closure:Illuminate\\Pipeline\\Pipeline::carry():194}:195}(Object(Illuminate\\Http\\Request))
#77 D:\\Backend-game-topup\\web\\project\\vendor\\laravel\\framework\\src\\Illuminate\\Foundation\\Http\\Kernel.php(175): Illuminate\\Pipeline\\Pipeline->then(Object(Closure))
#78 D:\\Backend-game-topup\\web\\project\\vendor\\laravel\\framework\\src\\Illuminate\\Foundation\\Http\\Kernel.php(144): Illuminate\\Foundation\\Http\\Kernel->sendRequestThroughRouter(Object(Illuminate\\Http\\Request))
#79 D:\\Backend-game-topup\\web\\project\\public\\index.php(51): Illuminate\\Foundation\\Http\\Kernel->handle(Object(Illuminate\\Http\\Request))
#80 D:\\Backend-game-topup\\web\\project\\server.php(21): require_once('D:\\\\Backend-game...')
#81 {main}

[previous exception] [object] (PDOException(code: 2002): SQLSTATE[HY000] [2002] No connection could be made because the target machine actively refused it at D:\\Backend-game-topup\\web\\project\\vendor\\laravel\\framework\\src\\Illuminate\\Database\\Connectors\\Connector.php:67)
[stacktrace]
#0 D:\\Backend-game-topup\\web\\project\\vendor\\laravel\\framework\\src\\Illuminate\\Database\\Connectors\\Connector.php(67): PDO::connect('mysql:host=loca...', 'root', Object(SensitiveParameterValue), Array)
#1 D:\\Backend-game-topup\\web\\project\\vendor\\laravel\\framework\\src\\Illuminate\\Database\\Connectors\\Connector.php(85): Illuminate\\Database\\Connectors\\Connector->createPdoConnection('mysql:host=loca...', 'root', Object(SensitiveParameterValue), Array)
#2 D:\\Backend-game-topup\\web\\project\\vendor\\laravel\\framework\\src\\Illuminate\\Database\\Connectors\\Connector.php(48): Illuminate\\Database\\Connectors\\Connector->tryAgainIfCausedByLostConnection(Object(PDOException), 'mysql:host=loca...', 'root', Object(SensitiveParameterValue), Array)
#3 D:\\Backend-game-topup\\web\\project\\vendor\\laravel\\framework\\src\\Illuminate\\Database\\Connectors\\MySqlConnector.php(24): Illuminate\\Database\\Connectors\\Connector->createConnection('mysql:host=loca...', Array, Array)
#4 D:\\Backend-game-topup\\web\\project\\vendor\\laravel\\framework\\src\\Illuminate\\Database\\Connectors\\ConnectionFactory.php(184): Illuminate\\Database\\Connectors\\MySqlConnector->connect(Array)
#5 [internal function]: Illuminate\\Database\\Connectors\\ConnectionFactory->{closure:Illuminate\\Database\\Connectors\\ConnectionFactory::createPdoResolverWithHosts():179}()
#6 D:\\Backend-game-topup\\web\\project\\vendor\\laravel\\framework\\src\\Illuminate\\Database\\Connection.php(1230): call_user_func(Object(Closure))
#7 D:\\Backend-game-topup\\web\\project\\vendor\\laravel\\framework\\src\\Illuminate\\Database\\Connection.php(1266): Illuminate\\Database\\Connection->getPdo()
#8 D:\\Backend-game-topup\\web\\project\\vendor\\laravel\\framework\\src\\Illuminate\\Database\\Connection.php(511): Illuminate\\Database\\Connection->getReadPdo()
#9 D:\\Backend-game-topup\\web\\project\\vendor\\laravel\\framework\\src\\Illuminate\\Database\\Connection.php(406): Illuminate\\Database\\Connection->getPdoForSelect(true)
#10 D:\\Backend-game-topup\\web\\project\\vendor\\laravel\\framework\\src\\Illuminate\\Database\\Connection.php(811): Illuminate\\Database\\Connection->{closure:Illuminate\\Database\\Connection::select():397}('select * from `...', Array)
#11 D:\\Backend-game-topup\\web\\project\\vendor\\laravel\\framework\\src\\Illuminate\\Database\\Connection.php(978): Illuminate\\Database\\Connection->runQueryCallback('select * from `...', Array, Object(Closure))
#12 D:\\Backend-game-topup\\web\\project\\vendor\\laravel\\framework\\src\\Illuminate\\Database\\Connection.php(957): Illuminate\\Database\\Connection->tryAgainIfCausedByLostConnection(Object(Illuminate\\Database\\QueryException), 'select * from `...', Array, Object(Closure))
#13 D:\\Backend-game-topup\\web\\project\\vendor\\laravel\\framework\\src\\Illuminate\\Database\\Connection.php(780): Illuminate\\Database\\Connection->handleQueryException(Object(Illuminate\\Database\\QueryException), 'select * from `...', Array, Object(Closure))
#14 D:\\Backend-game-topup\\web\\project\\vendor\\laravel\\framework\\src\\Illuminate\\Database\\Connection.php(397): Illuminate\\Database\\Connection->run('select * from `...', Array, Object(Closure))
#15 D:\\Backend-game-topup\\web\\project\\vendor\\laravel\\framework\\src\\Illuminate\\Database\\Query\\Builder.php(3188): Illuminate\\Database\\Connection->select('select * from `...', Array, true)
#16 D:\\Backend-game-topup\\web\\project\\vendor\\laravel\\framework\\src\\Illuminate\\Database\\Query\\Builder.php(3173): Illuminate\\Database\\Query\\Builder->runSelect()
#17 D:\\Backend-game-topup\\web\\project\\vendor\\laravel\\framework\\src\\Illuminate\\Database\\Query\\Builder.php(3763): Illuminate\\Database\\Query\\Builder->{closure:Illuminate\\Database\\Query\\Builder::get():3172}()
#18 D:\\Backend-game-topup\\web\\project\\vendor\\laravel\\framework\\src\\Illuminate\\Database\\Query\\Builder.php(3172): Illuminate\\Database\\Query\\Builder->onceWithColumns(Array, Object(Closure))
#19 D:\\Backend-game-topup\\web\\project\\vendor\\laravel\\framework\\src\\Illuminate\\Database\\Eloquent\\Builder.php(902): Illuminate\\Database\\Query\\Builder->get(Array)
#20 D:\\Backend-game-topup\\web\\project\\vendor\\laravel\\framework\\src\\Illuminate\\Database\\Eloquent\\Builder.php(884): Illuminate\\Database\\Eloquent\\Builder->getModels(Array)
#21 D:\\Backend-game-topup\\web\\project\\vendor\\laravel\\framework\\src\\Illuminate\\Database\\Concerns\\BuildsQueries.php(366): Illuminate\\Database\\Eloquent\\Builder->get(Array)
#22 D:\\Backend-game-topup\\web\\project\\vendor\\laravel\\framework\\src\\Illuminate\\Auth\\EloquentUserProvider.php(58): Illuminate\\Database\\Eloquent\\Builder->first()
#23 D:\\Backend-game-topup\\web\\project\\vendor\\laravel\\framework\\src\\Illuminate\\Auth\\SessionGuard.php(179): Illuminate\\Auth\\EloquentUserProvider->retrieveById(350)
#24 D:\\Backend-game-topup\\web\\project\\vendor\\laravel\\framework\\src\\Illuminate\\Auth\\GuardHelpers.php(56): Illuminate\\Auth\\SessionGuard->user()
#25 D:\\Backend-game-topup\\web\\project\\vendor\\filament\\filament\\src\\Http\\Middleware\\Authenticate.php(19): Illuminate\\Auth\\SessionGuard->check()
#26 D:\\Backend-game-topup\\web\\project\\vendor\\laravel\\framework\\src\\Illuminate\\Auth\\Middleware\\Authenticate.php(61): Filament\\Http\\Middleware\\Authenticate->authenticate(Object(Illuminate\\Http\\Request), Array)
#27 D:\\Backend-game-topup\\web\\project\\vendor\\laravel\\framework\\src\\Illuminate\\Pipeline\\Pipeline.php(219): Illuminate\\Auth\\Middleware\\Authenticate->handle(Object(Illuminate\\Http\\Request), Object(Closure))
#28 D:\\Backend-game-topup\\web\\project\\vendor\\filament\\filament\\src\\Http\\Middleware\\SetUpPanel.php(19): Illuminate\\Pipeline\\Pipeline->{closure:{closure:Illuminate\\Pipeline\\Pipeline::carry():194}:195}(Object(Illuminate\\Http\\Request))
#29 D:\\Backend-game-topup\\web\\project\\vendor\\laravel\\framework\\src\\Illuminate\\Pipeline\\Pipeline.php(219): Filament\\Http\\Middleware\\SetUpPanel->handle(Object(Illuminate\\Http\\Request), Object(Closure), Object(Filament\\Panel))
#30 D:\\Backend-game-topup\\web\\project\\vendor\\laravel\\framework\\src\\Illuminate\\Pipeline\\Pipeline.php(137): Illuminate\\Pipeline\\Pipeline->{closure:{closure:Illuminate\\Pipeline\\Pipeline::carry():194}:195}(Object(Illuminate\\Http\\Request))
#31 D:\\Backend-game-topup\\web\\project\\vendor\\livewire\\livewire\\src\\Drawer\\Utils.php(182): Illuminate\\Pipeline\\Pipeline->then(Object(Closure))
#32 D:\\Backend-game-topup\\web\\project\\vendor\\livewire\\livewire\\src\\Mechanisms\\PersistentMiddleware\\PersistentMiddleware.php(98): Livewire\\Drawer\\Utils::applyMiddleware(Object(Illuminate\\Http\\Request), Array)
#33 D:\\Backend-game-topup\\web\\project\\vendor\\livewire\\livewire\\src\\Mechanisms\\PersistentMiddleware\\PersistentMiddleware.php(43): Livewire\\Mechanisms\\PersistentMiddleware\\PersistentMiddleware->applyPersistentMiddleware()
#34 D:\\Backend-game-topup\\web\\project\\vendor\\livewire\\livewire\\src\\EventBus.php(60): Livewire\\Mechanisms\\PersistentMiddleware\\PersistentMiddleware->{closure:Livewire\\Mechanisms\\PersistentMiddleware\\PersistentMiddleware::boot():37}(Array)
#35 D:\\Backend-game-topup\\web\\project\\vendor\\livewire\\livewire\\src\\helpers.php(98): Livewire\\EventBus->trigger('snapshot-verifi...', Array)
#36 D:\\Backend-game-topup\\web\\project\\vendor\\livewire\\livewire\\src\\Mechanisms\\HandleComponents\\HandleComponents.php(126): Livewire\\trigger('snapshot-verifi...', Array)
#37 D:\\Backend-game-topup\\web\\project\\vendor\\livewire\\livewire\\src\\Mechanisms\\HandleComponents\\HandleComponents.php(92): Livewire\\Mechanisms\\HandleComponents\\HandleComponents->fromSnapshot(Array)
#38 D:\\Backend-game-topup\\web\\project\\vendor\\livewire\\livewire\\src\\LivewireManager.php(102): Livewire\\Mechanisms\\HandleComponents\\HandleComponents->update(Array, Array, Array)
#39 D:\\Backend-game-topup\\web\\project\\vendor\\livewire\\livewire\\src\\Mechanisms\\HandleRequests\\HandleRequests.php(94): Livewire\\LivewireManager->update(Array, Array, Array)
#40 D:\\Backend-game-topup\\web\\project\\vendor\\laravel\\framework\\src\\Illuminate\\Routing\\ControllerDispatcher.php(46): Livewire\\Mechanisms\\HandleRequests\\HandleRequests->handleUpdate()
#41 D:\\Backend-game-topup\\web\\project\\vendor\\laravel\\framework\\src\\Illuminate\\Routing\\Route.php(265): Illuminate\\Routing\\ControllerDispatcher->dispatch(Object(Illuminate\\Routing\\Route), Object(Livewire\\Mechanisms\\HandleRequests\\HandleRequests), 'handleUpdate')
#42 D:\\Backend-game-topup\\web\\project\\vendor\\laravel\\framework\\src\\Illuminate\\Routing\\Route.php(211): Illuminate\\Routing\\Route->runController()
#43 D:\\Backend-game-topup\\web\\project\\vendor\\laravel\\framework\\src\\Illuminate\\Routing\\Router.php(822): Illuminate\\Routing\\Route->run()
#44 D:\\Backend-game-topup\\web\\project\\vendor\\laravel\\framework\\src\\Illuminate\\Pipeline\\Pipeline.php(180): Illuminate\\Routing\\Router->{closure:Illuminate\\Routing\\Router::runRouteWithinStack():821}(Object(Illuminate\\Http\\Request))
#45 D:\\Backend-game-topup\\web\\project\\app\\Http\\Middleware\\LanguageDetectMiddleware.php(24): Illuminate\\Pipeline\\Pipeline->{closure:Illuminate\\Pipeline\\Pipeline::prepareDestination():178}(Object(Illuminate\\Http\\Request))
#46 D:\\Backend-game-topup\\web\\project\\vendor\\laravel\\framework\\src\\Illuminate\\Pipeline\\Pipeline.php(219): App\\Http\\Middleware\\LanguageDetectMiddleware->handle(Object(Illuminate\\Http\\Request), Object(Closure))
#47 D:\\Backend-game-topup\\web\\project\\app\\Http\\Middleware\\TrackVisitors.php(33): Illuminate\\Pipeline\\Pipeline->{closure:{closure:Illuminate\\Pipeline\\Pipeline::carry():194}:195}(Object(Illuminate\\Http\\Request))
#48 D:\\Backend-game-topup\\web\\project\\vendor\\laravel\\framework\\src\\Illuminate\\Pipeline\\Pipeline.php(219): App\\Http\\Middleware\\TrackVisitors->handle(Object(Illuminate\\Http\\Request), Object(Closure))
#49 D:\\Backend-game-topup\\web\\project\\app\\Http\\Middleware\\AddExpirationDateToCookie.php(21): Illuminate\\Pipeline\\Pipeline->{closure:{closure:Illuminate\\Pipeline\\Pipeline::carry():194}:195}(Object(Illuminate\\Http\\Request))
#50 D:\\Backend-game-topup\\web\\project\\vendor\\laravel\\framework\\src\\Illuminate\\Pipeline\\Pipeline.php(219): App\\Http\\Middleware\\AddExpirationDateToCookie->handle(Object(Illuminate\\Http\\Request), Object(Closure))
#51 D:\\Backend-game-topup\\web\\project\\vendor\\laravel\\framework\\src\\Illuminate\\Routing\\Middleware\\SubstituteBindings.php(50): Illuminate\\Pipeline\\Pipeline->{closure:{closure:Illuminate\\Pipeline\\Pipeline::carry():194}:195}(Object(Illuminate\\Http\\Request))
#52 D:\\Backend-game-topup\\web\\project\\vendor\\laravel\\framework\\src\\Illuminate\\Pipeline\\Pipeline.php(219): Illuminate\\Routing\\Middleware\\SubstituteBindings->handle(Object(Illuminate\\Http\\Request), Object(Closure))
#53 D:\\Backend-game-topup\\web\\project\\app\\Http\\Middleware\\VerifyCsrfToken.php(31): Illuminate\\Pipeline\\Pipeline->{closure:{closure:Illuminate\\Pipeline\\Pipeline::carry():194}:195}(Object(Illuminate\\Http\\Request))
#54 D:\\Backend-game-topup\\web\\project\\vendor\\laravel\\framework\\src\\Illuminate\\Pipeline\\Pipeline.php(219): App\\Http\\Middleware\\VerifyCsrfToken->handle(Object(Illuminate\\Http\\Request), Object(Closure))
#55 D:\\Backend-game-topup\\web\\project\\vendor\\laravel\\framework\\src\\Illuminate\\View\\Middleware\\ShareErrorsFromSession.php(48): Illuminate\\Pipeline\\Pipeline->{closure:{closure:Illuminate\\Pipeline\\Pipeline::carry():194}:195}(Object(Illuminate\\Http\\Request))
#56 D:\\Backend-game-topup\\web\\project\\vendor\\laravel\\framework\\src\\Illuminate\\Pipeline\\Pipeline.php(219): Illuminate\\View\\Middleware\\ShareErrorsFromSession->handle(Object(Illuminate\\Http\\Request), Object(Closure))
#57 D:\\Backend-game-topup\\web\\project\\vendor\\laravel\\framework\\src\\Illuminate\\Session\\Middleware\\StartSession.php(120): Illuminate\\Pipeline\\Pipeline->{closure:{closure:Illuminate\\Pipeline\\Pipeline::carry():194}:195}(Object(Illuminate\\Http\\Request))
#58 D:\\Backend-game-topup\\web\\project\\vendor\\laravel\\framework\\src\\Illuminate\\Session\\Middleware\\StartSession.php(63): Illuminate\\Session\\Middleware\\StartSession->handleStatefulRequest(Object(Illuminate\\Http\\Request), Object(Illuminate\\Session\\EncryptedStore), Object(Closure))
#59 D:\\Backend-game-topup\\web\\project\\vendor\\laravel\\framework\\src\\Illuminate\\Pipeline\\Pipeline.php(219): Illuminate\\Session\\Middleware\\StartSession->handle(Object(Illuminate\\Http\\Request), Object(Closure))
#60 D:\\Backend-game-topup\\web\\project\\vendor\\laravel\\framework\\src\\Illuminate\\Cookie\\Middleware\\AddQueuedCookiesToResponse.php(36): Illuminate\\Pipeline\\Pipeline->{closure:{closure:Illuminate\\Pipeline\\Pipeline::carry():194}:195}(Object(Illuminate\\Http\\Request))
#61 D:\\Backend-game-topup\\web\\project\\vendor\\laravel\\framework\\src\\Illuminate\\Pipeline\\Pipeline.php(219): Illuminate\\Cookie\\Middleware\\AddQueuedCookiesToResponse->handle(Object(Illuminate\\Http\\Request), Object(Closure))
#62 D:\\Backend-game-topup\\web\\project\\vendor\\laravel\\framework\\src\\Illuminate\\Cookie\\Middleware\\EncryptCookies.php(74): Illuminate\\Pipeline\\Pipeline->{closure:{closure:Illuminate\\Pipeline\\Pipeline::carry():194}:195}(Object(Illuminate\\Http\\Request))
#63 D:\\Backend-game-topup\\web\\project\\vendor\\laravel\\framework\\src\\Illuminate\\Pipeline\\Pipeline.php(219): Illuminate\\Cookie\\Middleware\\EncryptCookies->handle(Object(Illuminate\\Http\\Request), Object(Closure))
#64 D:\\Backend-game-topup\\web\\project\\vendor\\laravel\\framework\\src\\Illuminate\\Pipeline\\Pipeline.php(137): Illuminate\\Pipeline\\Pipeline->{closure:{closure:Illuminate\\Pipeline\\Pipeline::carry():194}:195}(Object(Illuminate\\Http\\Request))
#65 D:\\Backend-game-topup\\web\\project\\vendor\\laravel\\framework\\src\\Illuminate\\Routing\\Router.php(821): Illuminate\\Pipeline\\Pipeline->then(Object(Closure))
#66 D:\\Backend-game-topup\\web\\project\\vendor\\laravel\\framework\\src\\Illuminate\\Routing\\Router.php(800): Illuminate\\Routing\\Router->runRouteWithinStack(Object(Illuminate\\Routing\\Route), Object(Illuminate\\Http\\Request))
#67 D:\\Backend-game-topup\\web\\project\\vendor\\laravel\\framework\\src\\Illuminate\\Routing\\Router.php(764): Illuminate\\Routing\\Router->runRoute(Object(Illuminate\\Http\\Request), Object(Illuminate\\Routing\\Route))
#68 D:\\Backend-game-topup\\web\\project\\vendor\\laravel\\framework\\src\\Illuminate\\Routing\\Router.php(753): Illuminate\\Routing\\Router->dispatchToRoute(Object(Illuminate\\Http\\Request))
#69 D:\\Backend-game-topup\\web\\project\\vendor\\laravel\\framework\\src\\Illuminate\\Foundation\\Http\\Kernel.php(200): Illuminate\\Routing\\Router->dispatch(Object(Illuminate\\Http\\Request))
#70 D:\\Backend-game-topup\\web\\project\\vendor\\laravel\\framework\\src\\Illuminate\\Pipeline\\Pipeline.php(180): Illuminate\\Foundation\\Http\\Kernel->{closure:Illuminate\\Foundation\\Http\\Kernel::dispatchToRouter():197}(Object(Illuminate\\Http\\Request))
#71 D:\\Backend-game-topup\\web\\project\\vendor\\livewire\\livewire\\src\\Features\\SupportDisablingBackButtonCache\\DisableBackButtonCacheMiddleware.php(19): Illuminate\\Pipeline\\Pipeline->{closure:Illuminate\\Pipeline\\Pipeline::prepareDestination():178}(Object(Illuminate\\Http\\Request))
#72 D:\\Backend-game-topup\\web\\project\\vendor\\laravel\\framework\\src\\Illuminate\\Pipeline\\Pipeline.php(219): Livewire\\Features\\SupportDisablingBackButtonCache\\DisableBackButtonCacheMiddleware->handle(Object(Illuminate\\Http\\Request), Object(Closure))
#73 D:\\Backend-game-topup\\web\\project\\vendor\\laravel\\framework\\src\\Illuminate\\Foundation\\Http\\Middleware\\ConvertEmptyStringsToNull.php(27): Illuminate\\Pipeline\\Pipeline->{closure:{closure:Illuminate\\Pipeline\\Pipeline::carry():194}:195}(Object(Illuminate\\Http\\Request))
#74 D:\\Backend-game-topup\\web\\project\\vendor\\laravel\\framework\\src\\Illuminate\\Pipeline\\Pipeline.php(219): Illuminate\\Foundation\\Http\\Middleware\\ConvertEmptyStringsToNull->handle(Object(Illuminate\\Http\\Request), Object(Closure))
#75 D:\\Backend-game-topup\\web\\project\\vendor\\laravel\\framework\\src\\Illuminate\\Foundation\\Http\\Middleware\\TrimStrings.php(47): Illuminate\\Pipeline\\Pipeline->{closure:{closure:Illuminate\\Pipeline\\Pipeline::carry():194}:195}(Object(Illuminate\\Http\\Request))
#76 D:\\Backend-game-topup\\web\\project\\vendor\\laravel\\framework\\src\\Illuminate\\Pipeline\\Pipeline.php(219): Illuminate\\Foundation\\Http\\Middleware\\TrimStrings->handle(Object(Illuminate\\Http\\Request), Object(Closure))
#77 D:\\Backend-game-topup\\web\\project\\vendor\\laravel\\framework\\src\\Illuminate\\Http\\Middleware\\ValidatePostSize.php(27): Illuminate\\Pipeline\\Pipeline->{closure:{closure:Illuminate\\Pipeline\\Pipeline::carry():194}:195}(Object(Illuminate\\Http\\Request))
#78 D:\\Backend-game-topup\\web\\project\\vendor\\laravel\\framework\\src\\Illuminate\\Pipeline\\Pipeline.php(219): Illuminate\\Http\\Middleware\\ValidatePostSize->handle(Object(Illuminate\\Http\\Request), Object(Closure))
#79 D:\\Backend-game-topup\\web\\project\\vendor\\laravel\\framework\\src\\Illuminate\\Foundation\\Http\\Middleware\\PreventRequestsDuringMaintenance.php(109): Illuminate\\Pipeline\\Pipeline->{closure:{closure:Illuminate\\Pipeline\\Pipeline::carry():194}:195}(Object(Illuminate\\Http\\Request))
#80 D:\\Backend-game-topup\\web\\project\\vendor\\laravel\\framework\\src\\Illuminate\\Pipeline\\Pipeline.php(219): Illuminate\\Foundation\\Http\\Middleware\\PreventRequestsDuringMaintenance->handle(Object(Illuminate\\Http\\Request), Object(Closure))
#81 D:\\Backend-game-topup\\web\\project\\vendor\\laravel\\framework\\src\\Illuminate\\Http\\Middleware\\HandleCors.php(48): Illuminate\\Pipeline\\Pipeline->{closure:{closure:Illuminate\\Pipeline\\Pipeline::carry():194}:195}(Object(Illuminate\\Http\\Request))
#82 D:\\Backend-game-topup\\web\\project\\vendor\\laravel\\framework\\src\\Illuminate\\Pipeline\\Pipeline.php(219): Illuminate\\Http\\Middleware\\HandleCors->handle(Object(Illuminate\\Http\\Request), Object(Closure))
#83 D:\\Backend-game-topup\\web\\project\\vendor\\laravel\\framework\\src\\Illuminate\\Http\\Middleware\\TrustProxies.php(58): Illuminate\\Pipeline\\Pipeline->{closure:{closure:Illuminate\\Pipeline\\Pipeline::carry():194}:195}(Object(Illuminate\\Http\\Request))
#84 D:\\Backend-game-topup\\web\\project\\vendor\\laravel\\framework\\src\\Illuminate\\Pipeline\\Pipeline.php(219): Illuminate\\Http\\Middleware\\TrustProxies->handle(Object(Illuminate\\Http\\Request), Object(Closure))
#85 D:\\Backend-game-topup\\web\\project\\vendor\\laravel\\framework\\src\\Illuminate\\Http\\Middleware\\TrustHosts.php(78): Illuminate\\Pipeline\\Pipeline->{closure:{closure:Illuminate\\Pipeline\\Pipeline::carry():194}:195}(Object(Illuminate\\Http\\Request))
#86 D:\\Backend-game-topup\\web\\project\\vendor\\laravel\\framework\\src\\Illuminate\\Pipeline\\Pipeline.php(219): Illuminate\\Http\\Middleware\\TrustHosts->handle(Object(Illuminate\\Http\\Request), Object(Closure))
#87 D:\\Backend-game-topup\\web\\project\\vendor\\laravel\\framework\\src\\Illuminate\\Pipeline\\Pipeline.php(137): Illuminate\\Pipeline\\Pipeline->{closure:{closure:Illuminate\\Pipeline\\Pipeline::carry():194}:195}(Object(Illuminate\\Http\\Request))
#88 D:\\Backend-game-topup\\web\\project\\vendor\\laravel\\framework\\src\\Illuminate\\Foundation\\Http\\Kernel.php(175): Illuminate\\Pipeline\\Pipeline->then(Object(Closure))
#89 D:\\Backend-game-topup\\web\\project\\vendor\\laravel\\framework\\src\\Illuminate\\Foundation\\Http\\Kernel.php(144): Illuminate\\Foundation\\Http\\Kernel->sendRequestThroughRouter(Object(Illuminate\\Http\\Request))
#90 D:\\Backend-game-topup\\web\\project\\public\\index.php(51): Illuminate\\Foundation\\Http\\Kernel->handle(Object(Illuminate\\Http\\Request))
#91 D:\\Backend-game-topup\\web\\project\\server.php(21): require_once('D:\\\\Backend-game...')
#92 {main}
"} 
[2025-10-17 16:16:34] local.ERROR: SQLSTATE[HY000] [2002] No connection could be made because the target machine actively refused it (Connection: mysql, SQL: select * from `users` where `id` = 350 limit 1) {"exception":"[object] (Illuminate\\Database\\QueryException(code: 2002): SQLSTATE[HY000] [2002] No connection could be made because the target machine actively refused it (Connection: mysql, SQL: select * from `users` where `id` = 350 limit 1) at D:\\Backend-game-topup\\web\\project\\vendor\\laravel\\framework\\src\\Illuminate\\Database\\Connection.php:824)
[stacktrace]
#0 D:\\Backend-game-topup\\web\\project\\vendor\\laravel\\framework\\src\\Illuminate\\Database\\Connection.php(978): Illuminate\\Database\\Connection->runQueryCallback('select * from `...', Array, Object(Closure))
#1 D:\\Backend-game-topup\\web\\project\\vendor\\laravel\\framework\\src\\Illuminate\\Database\\Connection.php(957): Illuminate\\Database\\Connection->tryAgainIfCausedByLostConnection(Object(Illuminate\\Database\\QueryException), 'select * from `...', Array, Object(Closure))
#2 D:\\Backend-game-topup\\web\\project\\vendor\\laravel\\framework\\src\\Illuminate\\Database\\Connection.php(780): Illuminate\\Database\\Connection->handleQueryException(Object(Illuminate\\Database\\QueryException), 'select * from `...', Array, Object(Closure))
#3 D:\\Backend-game-topup\\web\\project\\vendor\\laravel\\framework\\src\\Illuminate\\Database\\Connection.php(397): Illuminate\\Database\\Connection->run('select * from `...', Array, Object(Closure))
#4 D:\\Backend-game-topup\\web\\project\\vendor\\laravel\\framework\\src\\Illuminate\\Database\\Query\\Builder.php(3188): Illuminate\\Database\\Connection->select('select * from `...', Array, true)
#5 D:\\Backend-game-topup\\web\\project\\vendor\\laravel\\framework\\src\\Illuminate\\Database\\Query\\Builder.php(3173): Illuminate\\Database\\Query\\Builder->runSelect()
#6 D:\\Backend-game-topup\\web\\project\\vendor\\laravel\\framework\\src\\Illuminate\\Database\\Query\\Builder.php(3763): Illuminate\\Database\\Query\\Builder->{closure:Illuminate\\Database\\Query\\Builder::get():3172}()
#7 D:\\Backend-game-topup\\web\\project\\vendor\\laravel\\framework\\src\\Illuminate\\Database\\Query\\Builder.php(3172): Illuminate\\Database\\Query\\Builder->onceWithColumns(Array, Object(Closure))
#8 D:\\Backend-game-topup\\web\\project\\vendor\\laravel\\framework\\src\\Illuminate\\Database\\Eloquent\\Builder.php(902): Illuminate\\Database\\Query\\Builder->get(Array)
#9 D:\\Backend-game-topup\\web\\project\\vendor\\laravel\\framework\\src\\Illuminate\\Database\\Eloquent\\Builder.php(884): Illuminate\\Database\\Eloquent\\Builder->getModels(Array)
#10 D:\\Backend-game-topup\\web\\project\\vendor\\laravel\\framework\\src\\Illuminate\\Database\\Concerns\\BuildsQueries.php(366): Illuminate\\Database\\Eloquent\\Builder->get(Array)
#11 D:\\Backend-game-topup\\web\\project\\vendor\\laravel\\framework\\src\\Illuminate\\Auth\\EloquentUserProvider.php(58): Illuminate\\Database\\Eloquent\\Builder->first()
#12 D:\\Backend-game-topup\\web\\project\\vendor\\laravel\\framework\\src\\Illuminate\\Auth\\SessionGuard.php(179): Illuminate\\Auth\\EloquentUserProvider->retrieveById(350)
#13 D:\\Backend-game-topup\\web\\project\\vendor\\laravel\\framework\\src\\Illuminate\\Auth\\GuardHelpers.php(56): Illuminate\\Auth\\SessionGuard->user()
#14 D:\\Backend-game-topup\\web\\project\\vendor\\filament\\filament\\src\\Http\\Middleware\\Authenticate.php(19): Illuminate\\Auth\\SessionGuard->check()
#15 D:\\Backend-game-topup\\web\\project\\vendor\\laravel\\framework\\src\\Illuminate\\Auth\\Middleware\\Authenticate.php(61): Filament\\Http\\Middleware\\Authenticate->authenticate(Object(Illuminate\\Http\\Request), Array)
#16 D:\\Backend-game-topup\\web\\project\\vendor\\laravel\\framework\\src\\Illuminate\\Pipeline\\Pipeline.php(219): Illuminate\\Auth\\Middleware\\Authenticate->handle(Object(Illuminate\\Http\\Request), Object(Closure))
#17 D:\\Backend-game-topup\\web\\project\\vendor\\filament\\filament\\src\\Http\\Middleware\\SetUpPanel.php(19): Illuminate\\Pipeline\\Pipeline->{closure:{closure:Illuminate\\Pipeline\\Pipeline::carry():194}:195}(Object(Illuminate\\Http\\Request))
#18 D:\\Backend-game-topup\\web\\project\\vendor\\laravel\\framework\\src\\Illuminate\\Pipeline\\Pipeline.php(219): Filament\\Http\\Middleware\\SetUpPanel->handle(Object(Illuminate\\Http\\Request), Object(Closure), Object(Filament\\Panel))
#19 D:\\Backend-game-topup\\web\\project\\vendor\\laravel\\framework\\src\\Illuminate\\Pipeline\\Pipeline.php(137): Illuminate\\Pipeline\\Pipeline->{closure:{closure:Illuminate\\Pipeline\\Pipeline::carry():194}:195}(Object(Illuminate\\Http\\Request))
#20 D:\\Backend-game-topup\\web\\project\\vendor\\livewire\\livewire\\src\\Drawer\\Utils.php(182): Illuminate\\Pipeline\\Pipeline->then(Object(Closure))
#21 D:\\Backend-game-topup\\web\\project\\vendor\\livewire\\livewire\\src\\Mechanisms\\PersistentMiddleware\\PersistentMiddleware.php(98): Livewire\\Drawer\\Utils::applyMiddleware(Object(Illuminate\\Http\\Request), Array)
#22 D:\\Backend-game-topup\\web\\project\\vendor\\livewire\\livewire\\src\\Mechanisms\\PersistentMiddleware\\PersistentMiddleware.php(43): Livewire\\Mechanisms\\PersistentMiddleware\\PersistentMiddleware->applyPersistentMiddleware()
#23 D:\\Backend-game-topup\\web\\project\\vendor\\livewire\\livewire\\src\\EventBus.php(60): Livewire\\Mechanisms\\PersistentMiddleware\\PersistentMiddleware->{closure:Livewire\\Mechanisms\\PersistentMiddleware\\PersistentMiddleware::boot():37}(Array)
#24 D:\\Backend-game-topup\\web\\project\\vendor\\livewire\\livewire\\src\\helpers.php(98): Livewire\\EventBus->trigger('snapshot-verifi...', Array)
#25 D:\\Backend-game-topup\\web\\project\\vendor\\livewire\\livewire\\src\\Mechanisms\\HandleComponents\\HandleComponents.php(126): Livewire\\trigger('snapshot-verifi...', Array)
#26 D:\\Backend-game-topup\\web\\project\\vendor\\livewire\\livewire\\src\\Mechanisms\\HandleComponents\\HandleComponents.php(92): Livewire\\Mechanisms\\HandleComponents\\HandleComponents->fromSnapshot(Array)
#27 D:\\Backend-game-topup\\web\\project\\vendor\\livewire\\livewire\\src\\LivewireManager.php(102): Livewire\\Mechanisms\\HandleComponents\\HandleComponents->update(Array, Array, Array)
#28 D:\\Backend-game-topup\\web\\project\\vendor\\livewire\\livewire\\src\\Mechanisms\\HandleRequests\\HandleRequests.php(94): Livewire\\LivewireManager->update(Array, Array, Array)
#29 D:\\Backend-game-topup\\web\\project\\vendor\\laravel\\framework\\src\\Illuminate\\Routing\\ControllerDispatcher.php(46): Livewire\\Mechanisms\\HandleRequests\\HandleRequests->handleUpdate()
#30 D:\\Backend-game-topup\\web\\project\\vendor\\laravel\\framework\\src\\Illuminate\\Routing\\Route.php(265): Illuminate\\Routing\\ControllerDispatcher->dispatch(Object(Illuminate\\Routing\\Route), Object(Livewire\\Mechanisms\\HandleRequests\\HandleRequests), 'handleUpdate')
#31 D:\\Backend-game-topup\\web\\project\\vendor\\laravel\\framework\\src\\Illuminate\\Routing\\Route.php(211): Illuminate\\Routing\\Route->runController()
#32 D:\\Backend-game-topup\\web\\project\\vendor\\laravel\\framework\\src\\Illuminate\\Routing\\Router.php(822): Illuminate\\Routing\\Route->run()
#33 D:\\Backend-game-topup\\web\\project\\vendor\\laravel\\framework\\src\\Illuminate\\Pipeline\\Pipeline.php(180): Illuminate\\Routing\\Router->{closure:Illuminate\\Routing\\Router::runRouteWithinStack():821}(Object(Illuminate\\Http\\Request))
#34 D:\\Backend-game-topup\\web\\project\\app\\Http\\Middleware\\LanguageDetectMiddleware.php(24): Illuminate\\Pipeline\\Pipeline->{closure:Illuminate\\Pipeline\\Pipeline::prepareDestination():178}(Object(Illuminate\\Http\\Request))
#35 D:\\Backend-game-topup\\web\\project\\vendor\\laravel\\framework\\src\\Illuminate\\Pipeline\\Pipeline.php(219): App\\Http\\Middleware\\LanguageDetectMiddleware->handle(Object(Illuminate\\Http\\Request), Object(Closure))
#36 D:\\Backend-game-topup\\web\\project\\app\\Http\\Middleware\\TrackVisitors.php(33): Illuminate\\Pipeline\\Pipeline->{closure:{closure:Illuminate\\Pipeline\\Pipeline::carry():194}:195}(Object(Illuminate\\Http\\Request))
#37 D:\\Backend-game-topup\\web\\project\\vendor\\laravel\\framework\\src\\Illuminate\\Pipeline\\Pipeline.php(219): App\\Http\\Middleware\\TrackVisitors->handle(Object(Illuminate\\Http\\Request), Object(Closure))
#38 D:\\Backend-game-topup\\web\\project\\app\\Http\\Middleware\\AddExpirationDateToCookie.php(21): Illuminate\\Pipeline\\Pipeline->{closure:{closure:Illuminate\\Pipeline\\Pipeline::carry():194}:195}(Object(Illuminate\\Http\\Request))
#39 D:\\Backend-game-topup\\web\\project\\vendor\\laravel\\framework\\src\\Illuminate\\Pipeline\\Pipeline.php(219): App\\Http\\Middleware\\AddExpirationDateToCookie->handle(Object(Illuminate\\Http\\Request), Object(Closure))
#40 D:\\Backend-game-topup\\web\\project\\vendor\\laravel\\framework\\src\\Illuminate\\Routing\\Middleware\\SubstituteBindings.php(50): Illuminate\\Pipeline\\Pipeline->{closure:{closure:Illuminate\\Pipeline\\Pipeline::carry():194}:195}(Object(Illuminate\\Http\\Request))
#41 D:\\Backend-game-topup\\web\\project\\vendor\\laravel\\framework\\src\\Illuminate\\Pipeline\\Pipeline.php(219): Illuminate\\Routing\\Middleware\\SubstituteBindings->handle(Object(Illuminate\\Http\\Request), Object(Closure))
#42 D:\\Backend-game-topup\\web\\project\\app\\Http\\Middleware\\VerifyCsrfToken.php(31): Illuminate\\Pipeline\\Pipeline->{closure:{closure:Illuminate\\Pipeline\\Pipeline::carry():194}:195}(Object(Illuminate\\Http\\Request))
#43 D:\\Backend-game-topup\\web\\project\\vendor\\laravel\\framework\\src\\Illuminate\\Pipeline\\Pipeline.php(219): App\\Http\\Middleware\\VerifyCsrfToken->handle(Object(Illuminate\\Http\\Request), Object(Closure))
#44 D:\\Backend-game-topup\\web\\project\\vendor\\laravel\\framework\\src\\Illuminate\\View\\Middleware\\ShareErrorsFromSession.php(48): Illuminate\\Pipeline\\Pipeline->{closure:{closure:Illuminate\\Pipeline\\Pipeline::carry():194}:195}(Object(Illuminate\\Http\\Request))
#45 D:\\Backend-game-topup\\web\\project\\vendor\\laravel\\framework\\src\\Illuminate\\Pipeline\\Pipeline.php(219): Illuminate\\View\\Middleware\\ShareErrorsFromSession->handle(Object(Illuminate\\Http\\Request), Object(Closure))
#46 D:\\Backend-game-topup\\web\\project\\vendor\\laravel\\framework\\src\\Illuminate\\Session\\Middleware\\StartSession.php(120): Illuminate\\Pipeline\\Pipeline->{closure:{closure:Illuminate\\Pipeline\\Pipeline::carry():194}:195}(Object(Illuminate\\Http\\Request))
#47 D:\\Backend-game-topup\\web\\project\\vendor\\laravel\\framework\\src\\Illuminate\\Session\\Middleware\\StartSession.php(63): Illuminate\\Session\\Middleware\\StartSession->handleStatefulRequest(Object(Illuminate\\Http\\Request), Object(Illuminate\\Session\\EncryptedStore), Object(Closure))
#48 D:\\Backend-game-topup\\web\\project\\vendor\\laravel\\framework\\src\\Illuminate\\Pipeline\\Pipeline.php(219): Illuminate\\Session\\Middleware\\StartSession->handle(Object(Illuminate\\Http\\Request), Object(Closure))
#49 D:\\Backend-game-topup\\web\\project\\vendor\\laravel\\framework\\src\\Illuminate\\Cookie\\Middleware\\AddQueuedCookiesToResponse.php(36): Illuminate\\Pipeline\\Pipeline->{closure:{closure:Illuminate\\Pipeline\\Pipeline::carry():194}:195}(Object(Illuminate\\Http\\Request))
#50 D:\\Backend-game-topup\\web\\project\\vendor\\laravel\\framework\\src\\Illuminate\\Pipeline\\Pipeline.php(219): Illuminate\\Cookie\\Middleware\\AddQueuedCookiesToResponse->handle(Object(Illuminate\\Http\\Request), Object(Closure))
#51 D:\\Backend-game-topup\\web\\project\\vendor\\laravel\\framework\\src\\Illuminate\\Cookie\\Middleware\\EncryptCookies.php(74): Illuminate\\Pipeline\\Pipeline->{closure:{closure:Illuminate\\Pipeline\\Pipeline::carry():194}:195}(Object(Illuminate\\Http\\Request))
#52 D:\\Backend-game-topup\\web\\project\\vendor\\laravel\\framework\\src\\Illuminate\\Pipeline\\Pipeline.php(219): Illuminate\\Cookie\\Middleware\\EncryptCookies->handle(Object(Illuminate\\Http\\Request), Object(Closure))
#53 D:\\Backend-game-topup\\web\\project\\vendor\\laravel\\framework\\src\\Illuminate\\Pipeline\\Pipeline.php(137): Illuminate\\Pipeline\\Pipeline->{closure:{closure:Illuminate\\Pipeline\\Pipeline::carry():194}:195}(Object(Illuminate\\Http\\Request))
#54 D:\\Backend-game-topup\\web\\project\\vendor\\laravel\\framework\\src\\Illuminate\\Routing\\Router.php(821): Illuminate\\Pipeline\\Pipeline->then(Object(Closure))
#55 D:\\Backend-game-topup\\web\\project\\vendor\\laravel\\framework\\src\\Illuminate\\Routing\\Router.php(800): Illuminate\\Routing\\Router->runRouteWithinStack(Object(Illuminate\\Routing\\Route), Object(Illuminate\\Http\\Request))
#56 D:\\Backend-game-topup\\web\\project\\vendor\\laravel\\framework\\src\\Illuminate\\Routing\\Router.php(764): Illuminate\\Routing\\Router->runRoute(Object(Illuminate\\Http\\Request), Object(Illuminate\\Routing\\Route))
#57 D:\\Backend-game-topup\\web\\project\\vendor\\laravel\\framework\\src\\Illuminate\\Routing\\Router.php(753): Illuminate\\Routing\\Router->dispatchToRoute(Object(Illuminate\\Http\\Request))
#58 D:\\Backend-game-topup\\web\\project\\vendor\\laravel\\framework\\src\\Illuminate\\Foundation\\Http\\Kernel.php(200): Illuminate\\Routing\\Router->dispatch(Object(Illuminate\\Http\\Request))
#59 D:\\Backend-game-topup\\web\\project\\vendor\\laravel\\framework\\src\\Illuminate\\Pipeline\\Pipeline.php(180): Illuminate\\Foundation\\Http\\Kernel->{closure:Illuminate\\Foundation\\Http\\Kernel::dispatchToRouter():197}(Object(Illuminate\\Http\\Request))
#60 D:\\Backend-game-topup\\web\\project\\vendor\\livewire\\livewire\\src\\Features\\SupportDisablingBackButtonCache\\DisableBackButtonCacheMiddleware.php(19): Illuminate\\Pipeline\\Pipeline->{closure:Illuminate\\Pipeline\\Pipeline::prepareDestination():178}(Object(Illuminate\\Http\\Request))
#61 D:\\Backend-game-topup\\web\\project\\vendor\\laravel\\framework\\src\\Illuminate\\Pipeline\\Pipeline.php(219): Livewire\\Features\\SupportDisablingBackButtonCache\\DisableBackButtonCacheMiddleware->handle(Object(Illuminate\\Http\\Request), Object(Closure))
#62 D:\\Backend-game-topup\\web\\project\\vendor\\laravel\\framework\\src\\Illuminate\\Foundation\\Http\\Middleware\\ConvertEmptyStringsToNull.php(27): Illuminate\\Pipeline\\Pipeline->{closure:{closure:Illuminate\\Pipeline\\Pipeline::carry():194}:195}(Object(Illuminate\\Http\\Request))
#63 D:\\Backend-game-topup\\web\\project\\vendor\\laravel\\framework\\src\\Illuminate\\Pipeline\\Pipeline.php(219): Illuminate\\Foundation\\Http\\Middleware\\ConvertEmptyStringsToNull->handle(Object(Illuminate\\Http\\Request), Object(Closure))
#64 D:\\Backend-game-topup\\web\\project\\vendor\\laravel\\framework\\src\\Illuminate\\Foundation\\Http\\Middleware\\TrimStrings.php(47): Illuminate\\Pipeline\\Pipeline->{closure:{closure:Illuminate\\Pipeline\\Pipeline::carry():194}:195}(Object(Illuminate\\Http\\Request))
#65 D:\\Backend-game-topup\\web\\project\\vendor\\laravel\\framework\\src\\Illuminate\\Pipeline\\Pipeline.php(219): Illuminate\\Foundation\\Http\\Middleware\\TrimStrings->handle(Object(Illuminate\\Http\\Request), Object(Closure))
#66 D:\\Backend-game-topup\\web\\project\\vendor\\laravel\\framework\\src\\Illuminate\\Http\\Middleware\\ValidatePostSize.php(27): Illuminate\\Pipeline\\Pipeline->{closure:{closure:Illuminate\\Pipeline\\Pipeline::carry():194}:195}(Object(Illuminate\\Http\\Request))
#67 D:\\Backend-game-topup\\web\\project\\vendor\\laravel\\framework\\src\\Illuminate\\Pipeline\\Pipeline.php(219): Illuminate\\Http\\Middleware\\ValidatePostSize->handle(Object(Illuminate\\Http\\Request), Object(Closure))
#68 D:\\Backend-game-topup\\web\\project\\vendor\\laravel\\framework\\src\\Illuminate\\Foundation\\Http\\Middleware\\PreventRequestsDuringMaintenance.php(109): Illuminate\\Pipeline\\Pipeline->{closure:{closure:Illuminate\\Pipeline\\Pipeline::carry():194}:195}(Object(Illuminate\\Http\\Request))
#69 D:\\Backend-game-topup\\web\\project\\vendor\\laravel\\framework\\src\\Illuminate\\Pipeline\\Pipeline.php(219): Illuminate\\Foundation\\Http\\Middleware\\PreventRequestsDuringMaintenance->handle(Object(Illuminate\\Http\\Request), Object(Closure))
#70 D:\\Backend-game-topup\\web\\project\\vendor\\laravel\\framework\\src\\Illuminate\\Http\\Middleware\\HandleCors.php(48): Illuminate\\Pipeline\\Pipeline->{closure:{closure:Illuminate\\Pipeline\\Pipeline::carry():194}:195}(Object(Illuminate\\Http\\Request))
#71 D:\\Backend-game-topup\\web\\project\\vendor\\laravel\\framework\\src\\Illuminate\\Pipeline\\Pipeline.php(219): Illuminate\\Http\\Middleware\\HandleCors->handle(Object(Illuminate\\Http\\Request), Object(Closure))
#72 D:\\Backend-game-topup\\web\\project\\vendor\\laravel\\framework\\src\\Illuminate\\Http\\Middleware\\TrustProxies.php(58): Illuminate\\Pipeline\\Pipeline->{closure:{closure:Illuminate\\Pipeline\\Pipeline::carry():194}:195}(Object(Illuminate\\Http\\Request))
#73 D:\\Backend-game-topup\\web\\project\\vendor\\laravel\\framework\\src\\Illuminate\\Pipeline\\Pipeline.php(219): Illuminate\\Http\\Middleware\\TrustProxies->handle(Object(Illuminate\\Http\\Request), Object(Closure))
#74 D:\\Backend-game-topup\\web\\project\\vendor\\laravel\\framework\\src\\Illuminate\\Http\\Middleware\\TrustHosts.php(78): Illuminate\\Pipeline\\Pipeline->{closure:{closure:Illuminate\\Pipeline\\Pipeline::carry():194}:195}(Object(Illuminate\\Http\\Request))
#75 D:\\Backend-game-topup\\web\\project\\vendor\\laravel\\framework\\src\\Illuminate\\Pipeline\\Pipeline.php(219): Illuminate\\Http\\Middleware\\TrustHosts->handle(Object(Illuminate\\Http\\Request), Object(Closure))
#76 D:\\Backend-game-topup\\web\\project\\vendor\\laravel\\framework\\src\\Illuminate\\Pipeline\\Pipeline.php(137): Illuminate\\Pipeline\\Pipeline->{closure:{closure:Illuminate\\Pipeline\\Pipeline::carry():194}:195}(Object(Illuminate\\Http\\Request))
#77 D:\\Backend-game-topup\\web\\project\\vendor\\laravel\\framework\\src\\Illuminate\\Foundation\\Http\\Kernel.php(175): Illuminate\\Pipeline\\Pipeline->then(Object(Closure))
#78 D:\\Backend-game-topup\\web\\project\\vendor\\laravel\\framework\\src\\Illuminate\\Foundation\\Http\\Kernel.php(144): Illuminate\\Foundation\\Http\\Kernel->sendRequestThroughRouter(Object(Illuminate\\Http\\Request))
#79 D:\\Backend-game-topup\\web\\project\\public\\index.php(51): Illuminate\\Foundation\\Http\\Kernel->handle(Object(Illuminate\\Http\\Request))
#80 D:\\Backend-game-topup\\web\\project\\server.php(21): require_once('D:\\\\Backend-game...')
#81 {main}

[previous exception] [object] (PDOException(code: 2002): SQLSTATE[HY000] [2002] No connection could be made because the target machine actively refused it at D:\\Backend-game-topup\\web\\project\\vendor\\laravel\\framework\\src\\Illuminate\\Database\\Connectors\\Connector.php:67)
[stacktrace]
#0 D:\\Backend-game-topup\\web\\project\\vendor\\laravel\\framework\\src\\Illuminate\\Database\\Connectors\\Connector.php(67): PDO::connect('mysql:host=loca...', 'root', Object(SensitiveParameterValue), Array)
#1 D:\\Backend-game-topup\\web\\project\\vendor\\laravel\\framework\\src\\Illuminate\\Database\\Connectors\\Connector.php(85): Illuminate\\Database\\Connectors\\Connector->createPdoConnection('mysql:host=loca...', 'root', Object(SensitiveParameterValue), Array)
#2 D:\\Backend-game-topup\\web\\project\\vendor\\laravel\\framework\\src\\Illuminate\\Database\\Connectors\\Connector.php(48): Illuminate\\Database\\Connectors\\Connector->tryAgainIfCausedByLostConnection(Object(PDOException), 'mysql:host=loca...', 'root', Object(SensitiveParameterValue), Array)
#3 D:\\Backend-game-topup\\web\\project\\vendor\\laravel\\framework\\src\\Illuminate\\Database\\Connectors\\MySqlConnector.php(24): Illuminate\\Database\\Connectors\\Connector->createConnection('mysql:host=loca...', Array, Array)
#4 D:\\Backend-game-topup\\web\\project\\vendor\\laravel\\framework\\src\\Illuminate\\Database\\Connectors\\ConnectionFactory.php(184): Illuminate\\Database\\Connectors\\MySqlConnector->connect(Array)
#5 [internal function]: Illuminate\\Database\\Connectors\\ConnectionFactory->{closure:Illuminate\\Database\\Connectors\\ConnectionFactory::createPdoResolverWithHosts():179}()
#6 D:\\Backend-game-topup\\web\\project\\vendor\\laravel\\framework\\src\\Illuminate\\Database\\Connection.php(1230): call_user_func(Object(Closure))
#7 D:\\Backend-game-topup\\web\\project\\vendor\\laravel\\framework\\src\\Illuminate\\Database\\Connection.php(1266): Illuminate\\Database\\Connection->getPdo()
#8 D:\\Backend-game-topup\\web\\project\\vendor\\laravel\\framework\\src\\Illuminate\\Database\\Connection.php(511): Illuminate\\Database\\Connection->getReadPdo()
#9 D:\\Backend-game-topup\\web\\project\\vendor\\laravel\\framework\\src\\Illuminate\\Database\\Connection.php(406): Illuminate\\Database\\Connection->getPdoForSelect(true)
#10 D:\\Backend-game-topup\\web\\project\\vendor\\laravel\\framework\\src\\Illuminate\\Database\\Connection.php(811): Illuminate\\Database\\Connection->{closure:Illuminate\\Database\\Connection::select():397}('select * from `...', Array)
#11 D:\\Backend-game-topup\\web\\project\\vendor\\laravel\\framework\\src\\Illuminate\\Database\\Connection.php(978): Illuminate\\Database\\Connection->runQueryCallback('select * from `...', Array, Object(Closure))
#12 D:\\Backend-game-topup\\web\\project\\vendor\\laravel\\framework\\src\\Illuminate\\Database\\Connection.php(957): Illuminate\\Database\\Connection->tryAgainIfCausedByLostConnection(Object(Illuminate\\Database\\QueryException), 'select * from `...', Array, Object(Closure))
#13 D:\\Backend-game-topup\\web\\project\\vendor\\laravel\\framework\\src\\Illuminate\\Database\\Connection.php(780): Illuminate\\Database\\Connection->handleQueryException(Object(Illuminate\\Database\\QueryException), 'select * from `...', Array, Object(Closure))
#14 D:\\Backend-game-topup\\web\\project\\vendor\\laravel\\framework\\src\\Illuminate\\Database\\Connection.php(397): Illuminate\\Database\\Connection->run('select * from `...', Array, Object(Closure))
#15 D:\\Backend-game-topup\\web\\project\\vendor\\laravel\\framework\\src\\Illuminate\\Database\\Query\\Builder.php(3188): Illuminate\\Database\\Connection->select('select * from `...', Array, true)
#16 D:\\Backend-game-topup\\web\\project\\vendor\\laravel\\framework\\src\\Illuminate\\Database\\Query\\Builder.php(3173): Illuminate\\Database\\Query\\Builder->runSelect()
#17 D:\\Backend-game-topup\\web\\project\\vendor\\laravel\\framework\\src\\Illuminate\\Database\\Query\\Builder.php(3763): Illuminate\\Database\\Query\\Builder->{closure:Illuminate\\Database\\Query\\Builder::get():3172}()
#18 D:\\Backend-game-topup\\web\\project\\vendor\\laravel\\framework\\src\\Illuminate\\Database\\Query\\Builder.php(3172): Illuminate\\Database\\Query\\Builder->onceWithColumns(Array, Object(Closure))
#19 D:\\Backend-game-topup\\web\\project\\vendor\\laravel\\framework\\src\\Illuminate\\Database\\Eloquent\\Builder.php(902): Illuminate\\Database\\Query\\Builder->get(Array)
#20 D:\\Backend-game-topup\\web\\project\\vendor\\laravel\\framework\\src\\Illuminate\\Database\\Eloquent\\Builder.php(884): Illuminate\\Database\\Eloquent\\Builder->getModels(Array)
#21 D:\\Backend-game-topup\\web\\project\\vendor\\laravel\\framework\\src\\Illuminate\\Database\\Concerns\\BuildsQueries.php(366): Illuminate\\Database\\Eloquent\\Builder->get(Array)
#22 D:\\Backend-game-topup\\web\\project\\vendor\\laravel\\framework\\src\\Illuminate\\Auth\\EloquentUserProvider.php(58): Illuminate\\Database\\Eloquent\\Builder->first()
#23 D:\\Backend-game-topup\\web\\project\\vendor\\laravel\\framework\\src\\Illuminate\\Auth\\SessionGuard.php(179): Illuminate\\Auth\\EloquentUserProvider->retrieveById(350)
#24 D:\\Backend-game-topup\\web\\project\\vendor\\laravel\\framework\\src\\Illuminate\\Auth\\GuardHelpers.php(56): Illuminate\\Auth\\SessionGuard->user()
#25 D:\\Backend-game-topup\\web\\project\\vendor\\filament\\filament\\src\\Http\\Middleware\\Authenticate.php(19): Illuminate\\Auth\\SessionGuard->check()
#26 D:\\Backend-game-topup\\web\\project\\vendor\\laravel\\framework\\src\\Illuminate\\Auth\\Middleware\\Authenticate.php(61): Filament\\Http\\Middleware\\Authenticate->authenticate(Object(Illuminate\\Http\\Request), Array)
#27 D:\\Backend-game-topup\\web\\project\\vendor\\laravel\\framework\\src\\Illuminate\\Pipeline\\Pipeline.php(219): Illuminate\\Auth\\Middleware\\Authenticate->handle(Object(Illuminate\\Http\\Request), Object(Closure))
#28 D:\\Backend-game-topup\\web\\project\\vendor\\filament\\filament\\src\\Http\\Middleware\\SetUpPanel.php(19): Illuminate\\Pipeline\\Pipeline->{closure:{closure:Illuminate\\Pipeline\\Pipeline::carry():194}:195}(Object(Illuminate\\Http\\Request))
#29 D:\\Backend-game-topup\\web\\project\\vendor\\laravel\\framework\\src\\Illuminate\\Pipeline\\Pipeline.php(219): Filament\\Http\\Middleware\\SetUpPanel->handle(Object(Illuminate\\Http\\Request), Object(Closure), Object(Filament\\Panel))
#30 D:\\Backend-game-topup\\web\\project\\vendor\\laravel\\framework\\src\\Illuminate\\Pipeline\\Pipeline.php(137): Illuminate\\Pipeline\\Pipeline->{closure:{closure:Illuminate\\Pipeline\\Pipeline::carry():194}:195}(Object(Illuminate\\Http\\Request))
#31 D:\\Backend-game-topup\\web\\project\\vendor\\livewire\\livewire\\src\\Drawer\\Utils.php(182): Illuminate\\Pipeline\\Pipeline->then(Object(Closure))
#32 D:\\Backend-game-topup\\web\\project\\vendor\\livewire\\livewire\\src\\Mechanisms\\PersistentMiddleware\\PersistentMiddleware.php(98): Livewire\\Drawer\\Utils::applyMiddleware(Object(Illuminate\\Http\\Request), Array)
#33 D:\\Backend-game-topup\\web\\project\\vendor\\livewire\\livewire\\src\\Mechanisms\\PersistentMiddleware\\PersistentMiddleware.php(43): Livewire\\Mechanisms\\PersistentMiddleware\\PersistentMiddleware->applyPersistentMiddleware()
#34 D:\\Backend-game-topup\\web\\project\\vendor\\livewire\\livewire\\src\\EventBus.php(60): Livewire\\Mechanisms\\PersistentMiddleware\\PersistentMiddleware->{closure:Livewire\\Mechanisms\\PersistentMiddleware\\PersistentMiddleware::boot():37}(Array)
#35 D:\\Backend-game-topup\\web\\project\\vendor\\livewire\\livewire\\src\\helpers.php(98): Livewire\\EventBus->trigger('snapshot-verifi...', Array)
#36 D:\\Backend-game-topup\\web\\project\\vendor\\livewire\\livewire\\src\\Mechanisms\\HandleComponents\\HandleComponents.php(126): Livewire\\trigger('snapshot-verifi...', Array)
#37 D:\\Backend-game-topup\\web\\project\\vendor\\livewire\\livewire\\src\\Mechanisms\\HandleComponents\\HandleComponents.php(92): Livewire\\Mechanisms\\HandleComponents\\HandleComponents->fromSnapshot(Array)
#38 D:\\Backend-game-topup\\web\\project\\vendor\\livewire\\livewire\\src\\LivewireManager.php(102): Livewire\\Mechanisms\\HandleComponents\\HandleComponents->update(Array, Array, Array)
#39 D:\\Backend-game-topup\\web\\project\\vendor\\livewire\\livewire\\src\\Mechanisms\\HandleRequests\\HandleRequests.php(94): Livewire\\LivewireManager->update(Array, Array, Array)
#40 D:\\Backend-game-topup\\web\\project\\vendor\\laravel\\framework\\src\\Illuminate\\Routing\\ControllerDispatcher.php(46): Livewire\\Mechanisms\\HandleRequests\\HandleRequests->handleUpdate()
#41 D:\\Backend-game-topup\\web\\project\\vendor\\laravel\\framework\\src\\Illuminate\\Routing\\Route.php(265): Illuminate\\Routing\\ControllerDispatcher->dispatch(Object(Illuminate\\Routing\\Route), Object(Livewire\\Mechanisms\\HandleRequests\\HandleRequests), 'handleUpdate')
#42 D:\\Backend-game-topup\\web\\project\\vendor\\laravel\\framework\\src\\Illuminate\\Routing\\Route.php(211): Illuminate\\Routing\\Route->runController()
#43 D:\\Backend-game-topup\\web\\project\\vendor\\laravel\\framework\\src\\Illuminate\\Routing\\Router.php(822): Illuminate\\Routing\\Route->run()
#44 D:\\Backend-game-topup\\web\\project\\vendor\\laravel\\framework\\src\\Illuminate\\Pipeline\\Pipeline.php(180): Illuminate\\Routing\\Router->{closure:Illuminate\\Routing\\Router::runRouteWithinStack():821}(Object(Illuminate\\Http\\Request))
#45 D:\\Backend-game-topup\\web\\project\\app\\Http\\Middleware\\LanguageDetectMiddleware.php(24): Illuminate\\Pipeline\\Pipeline->{closure:Illuminate\\Pipeline\\Pipeline::prepareDestination():178}(Object(Illuminate\\Http\\Request))
#46 D:\\Backend-game-topup\\web\\project\\vendor\\laravel\\framework\\src\\Illuminate\\Pipeline\\Pipeline.php(219): App\\Http\\Middleware\\LanguageDetectMiddleware->handle(Object(Illuminate\\Http\\Request), Object(Closure))
#47 D:\\Backend-game-topup\\web\\project\\app\\Http\\Middleware\\TrackVisitors.php(33): Illuminate\\Pipeline\\Pipeline->{closure:{closure:Illuminate\\Pipeline\\Pipeline::carry():194}:195}(Object(Illuminate\\Http\\Request))
#48 D:\\Backend-game-topup\\web\\project\\vendor\\laravel\\framework\\src\\Illuminate\\Pipeline\\Pipeline.php(219): App\\Http\\Middleware\\TrackVisitors->handle(Object(Illuminate\\Http\\Request), Object(Closure))
#49 D:\\Backend-game-topup\\web\\project\\app\\Http\\Middleware\\AddExpirationDateToCookie.php(21): Illuminate\\Pipeline\\Pipeline->{closure:{closure:Illuminate\\Pipeline\\Pipeline::carry():194}:195}(Object(Illuminate\\Http\\Request))
#50 D:\\Backend-game-topup\\web\\project\\vendor\\laravel\\framework\\src\\Illuminate\\Pipeline\\Pipeline.php(219): App\\Http\\Middleware\\AddExpirationDateToCookie->handle(Object(Illuminate\\Http\\Request), Object(Closure))
#51 D:\\Backend-game-topup\\web\\project\\vendor\\laravel\\framework\\src\\Illuminate\\Routing\\Middleware\\SubstituteBindings.php(50): Illuminate\\Pipeline\\Pipeline->{closure:{closure:Illuminate\\Pipeline\\Pipeline::carry():194}:195}(Object(Illuminate\\Http\\Request))
#52 D:\\Backend-game-topup\\web\\project\\vendor\\laravel\\framework\\src\\Illuminate\\Pipeline\\Pipeline.php(219): Illuminate\\Routing\\Middleware\\SubstituteBindings->handle(Object(Illuminate\\Http\\Request), Object(Closure))
#53 D:\\Backend-game-topup\\web\\project\\app\\Http\\Middleware\\VerifyCsrfToken.php(31): Illuminate\\Pipeline\\Pipeline->{closure:{closure:Illuminate\\Pipeline\\Pipeline::carry():194}:195}(Object(Illuminate\\Http\\Request))
#54 D:\\Backend-game-topup\\web\\project\\vendor\\laravel\\framework\\src\\Illuminate\\Pipeline\\Pipeline.php(219): App\\Http\\Middleware\\VerifyCsrfToken->handle(Object(Illuminate\\Http\\Request), Object(Closure))
#55 D:\\Backend-game-topup\\web\\project\\vendor\\laravel\\framework\\src\\Illuminate\\View\\Middleware\\ShareErrorsFromSession.php(48): Illuminate\\Pipeline\\Pipeline->{closure:{closure:Illuminate\\Pipeline\\Pipeline::carry():194}:195}(Object(Illuminate\\Http\\Request))
#56 D:\\Backend-game-topup\\web\\project\\vendor\\laravel\\framework\\src\\Illuminate\\Pipeline\\Pipeline.php(219): Illuminate\\View\\Middleware\\ShareErrorsFromSession->handle(Object(Illuminate\\Http\\Request), Object(Closure))
#57 D:\\Backend-game-topup\\web\\project\\vendor\\laravel\\framework\\src\\Illuminate\\Session\\Middleware\\StartSession.php(120): Illuminate\\Pipeline\\Pipeline->{closure:{closure:Illuminate\\Pipeline\\Pipeline::carry():194}:195}(Object(Illuminate\\Http\\Request))
#58 D:\\Backend-game-topup\\web\\project\\vendor\\laravel\\framework\\src\\Illuminate\\Session\\Middleware\\StartSession.php(63): Illuminate\\Session\\Middleware\\StartSession->handleStatefulRequest(Object(Illuminate\\Http\\Request), Object(Illuminate\\Session\\EncryptedStore), Object(Closure))
#59 D:\\Backend-game-topup\\web\\project\\vendor\\laravel\\framework\\src\\Illuminate\\Pipeline\\Pipeline.php(219): Illuminate\\Session\\Middleware\\StartSession->handle(Object(Illuminate\\Http\\Request), Object(Closure))
#60 D:\\Backend-game-topup\\web\\project\\vendor\\laravel\\framework\\src\\Illuminate\\Cookie\\Middleware\\AddQueuedCookiesToResponse.php(36): Illuminate\\Pipeline\\Pipeline->{closure:{closure:Illuminate\\Pipeline\\Pipeline::carry():194}:195}(Object(Illuminate\\Http\\Request))
#61 D:\\Backend-game-topup\\web\\project\\vendor\\laravel\\framework\\src\\Illuminate\\Pipeline\\Pipeline.php(219): Illuminate\\Cookie\\Middleware\\AddQueuedCookiesToResponse->handle(Object(Illuminate\\Http\\Request), Object(Closure))
#62 D:\\Backend-game-topup\\web\\project\\vendor\\laravel\\framework\\src\\Illuminate\\Cookie\\Middleware\\EncryptCookies.php(74): Illuminate\\Pipeline\\Pipeline->{closure:{closure:Illuminate\\Pipeline\\Pipeline::carry():194}:195}(Object(Illuminate\\Http\\Request))
#63 D:\\Backend-game-topup\\web\\project\\vendor\\laravel\\framework\\src\\Illuminate\\Pipeline\\Pipeline.php(219): Illuminate\\Cookie\\Middleware\\EncryptCookies->handle(Object(Illuminate\\Http\\Request), Object(Closure))
#64 D:\\Backend-game-topup\\web\\project\\vendor\\laravel\\framework\\src\\Illuminate\\Pipeline\\Pipeline.php(137): Illuminate\\Pipeline\\Pipeline->{closure:{closure:Illuminate\\Pipeline\\Pipeline::carry():194}:195}(Object(Illuminate\\Http\\Request))
#65 D:\\Backend-game-topup\\web\\project\\vendor\\laravel\\framework\\src\\Illuminate\\Routing\\Router.php(821): Illuminate\\Pipeline\\Pipeline->then(Object(Closure))
#66 D:\\Backend-game-topup\\web\\project\\vendor\\laravel\\framework\\src\\Illuminate\\Routing\\Router.php(800): Illuminate\\Routing\\Router->runRouteWithinStack(Object(Illuminate\\Routing\\Route), Object(Illuminate\\Http\\Request))
#67 D:\\Backend-game-topup\\web\\project\\vendor\\laravel\\framework\\src\\Illuminate\\Routing\\Router.php(764): Illuminate\\Routing\\Router->runRoute(Object(Illuminate\\Http\\Request), Object(Illuminate\\Routing\\Route))
#68 D:\\Backend-game-topup\\web\\project\\vendor\\laravel\\framework\\src\\Illuminate\\Routing\\Router.php(753): Illuminate\\Routing\\Router->dispatchToRoute(Object(Illuminate\\Http\\Request))
#69 D:\\Backend-game-topup\\web\\project\\vendor\\laravel\\framework\\src\\Illuminate\\Foundation\\Http\\Kernel.php(200): Illuminate\\Routing\\Router->dispatch(Object(Illuminate\\Http\\Request))
#70 D:\\Backend-game-topup\\web\\project\\vendor\\laravel\\framework\\src\\Illuminate\\Pipeline\\Pipeline.php(180): Illuminate\\Foundation\\Http\\Kernel->{closure:Illuminate\\Foundation\\Http\\Kernel::dispatchToRouter():197}(Object(Illuminate\\Http\\Request))
#71 D:\\Backend-game-topup\\web\\project\\vendor\\livewire\\livewire\\src\\Features\\SupportDisablingBackButtonCache\\DisableBackButtonCacheMiddleware.php(19): Illuminate\\Pipeline\\Pipeline->{closure:Illuminate\\Pipeline\\Pipeline::prepareDestination():178}(Object(Illuminate\\Http\\Request))
#72 D:\\Backend-game-topup\\web\\project\\vendor\\laravel\\framework\\src\\Illuminate\\Pipeline\\Pipeline.php(219): Livewire\\Features\\SupportDisablingBackButtonCache\\DisableBackButtonCacheMiddleware->handle(Object(Illuminate\\Http\\Request), Object(Closure))
#73 D:\\Backend-game-topup\\web\\project\\vendor\\laravel\\framework\\src\\Illuminate\\Foundation\\Http\\Middleware\\ConvertEmptyStringsToNull.php(27): Illuminate\\Pipeline\\Pipeline->{closure:{closure:Illuminate\\Pipeline\\Pipeline::carry():194}:195}(Object(Illuminate\\Http\\Request))
#74 D:\\Backend-game-topup\\web\\project\\vendor\\laravel\\framework\\src\\Illuminate\\Pipeline\\Pipeline.php(219): Illuminate\\Foundation\\Http\\Middleware\\ConvertEmptyStringsToNull->handle(Object(Illuminate\\Http\\Request), Object(Closure))
#75 D:\\Backend-game-topup\\web\\project\\vendor\\laravel\\framework\\src\\Illuminate\\Foundation\\Http\\Middleware\\TrimStrings.php(47): Illuminate\\Pipeline\\Pipeline->{closure:{closure:Illuminate\\Pipeline\\Pipeline::carry():194}:195}(Object(Illuminate\\Http\\Request))
#76 D:\\Backend-game-topup\\web\\project\\vendor\\laravel\\framework\\src\\Illuminate\\Pipeline\\Pipeline.php(219): Illuminate\\Foundation\\Http\\Middleware\\TrimStrings->handle(Object(Illuminate\\Http\\Request), Object(Closure))
#77 D:\\Backend-game-topup\\web\\project\\vendor\\laravel\\framework\\src\\Illuminate\\Http\\Middleware\\ValidatePostSize.php(27): Illuminate\\Pipeline\\Pipeline->{closure:{closure:Illuminate\\Pipeline\\Pipeline::carry():194}:195}(Object(Illuminate\\Http\\Request))
#78 D:\\Backend-game-topup\\web\\project\\vendor\\laravel\\framework\\src\\Illuminate\\Pipeline\\Pipeline.php(219): Illuminate\\Http\\Middleware\\ValidatePostSize->handle(Object(Illuminate\\Http\\Request), Object(Closure))
#79 D:\\Backend-game-topup\\web\\project\\vendor\\laravel\\framework\\src\\Illuminate\\Foundation\\Http\\Middleware\\PreventRequestsDuringMaintenance.php(109): Illuminate\\Pipeline\\Pipeline->{closure:{closure:Illuminate\\Pipeline\\Pipeline::carry():194}:195}(Object(Illuminate\\Http\\Request))
#80 D:\\Backend-game-topup\\web\\project\\vendor\\laravel\\framework\\src\\Illuminate\\Pipeline\\Pipeline.php(219): Illuminate\\Foundation\\Http\\Middleware\\PreventRequestsDuringMaintenance->handle(Object(Illuminate\\Http\\Request), Object(Closure))
#81 D:\\Backend-game-topup\\web\\project\\vendor\\laravel\\framework\\src\\Illuminate\\Http\\Middleware\\HandleCors.php(48): Illuminate\\Pipeline\\Pipeline->{closure:{closure:Illuminate\\Pipeline\\Pipeline::carry():194}:195}(Object(Illuminate\\Http\\Request))
#82 D:\\Backend-game-topup\\web\\project\\vendor\\laravel\\framework\\src\\Illuminate\\Pipeline\\Pipeline.php(219): Illuminate\\Http\\Middleware\\HandleCors->handle(Object(Illuminate\\Http\\Request), Object(Closure))
#83 D:\\Backend-game-topup\\web\\project\\vendor\\laravel\\framework\\src\\Illuminate\\Http\\Middleware\\TrustProxies.php(58): Illuminate\\Pipeline\\Pipeline->{closure:{closure:Illuminate\\Pipeline\\Pipeline::carry():194}:195}(Object(Illuminate\\Http\\Request))
#84 D:\\Backend-game-topup\\web\\project\\vendor\\laravel\\framework\\src\\Illuminate\\Pipeline\\Pipeline.php(219): Illuminate\\Http\\Middleware\\TrustProxies->handle(Object(Illuminate\\Http\\Request), Object(Closure))
#85 D:\\Backend-game-topup\\web\\project\\vendor\\laravel\\framework\\src\\Illuminate\\Http\\Middleware\\TrustHosts.php(78): Illuminate\\Pipeline\\Pipeline->{closure:{closure:Illuminate\\Pipeline\\Pipeline::carry():194}:195}(Object(Illuminate\\Http\\Request))
#86 D:\\Backend-game-topup\\web\\project\\vendor\\laravel\\framework\\src\\Illuminate\\Pipeline\\Pipeline.php(219): Illuminate\\Http\\Middleware\\TrustHosts->handle(Object(Illuminate\\Http\\Request), Object(Closure))
#87 D:\\Backend-game-topup\\web\\project\\vendor\\laravel\\framework\\src\\Illuminate\\Pipeline\\Pipeline.php(137): Illuminate\\Pipeline\\Pipeline->{closure:{closure:Illuminate\\Pipeline\\Pipeline::carry():194}:195}(Object(Illuminate\\Http\\Request))
#88 D:\\Backend-game-topup\\web\\project\\vendor\\laravel\\framework\\src\\Illuminate\\Foundation\\Http\\Kernel.php(175): Illuminate\\Pipeline\\Pipeline->then(Object(Closure))
#89 D:\\Backend-game-topup\\web\\project\\vendor\\laravel\\framework\\src\\Illuminate\\Foundation\\Http\\Kernel.php(144): Illuminate\\Foundation\\Http\\Kernel->sendRequestThroughRouter(Object(Illuminate\\Http\\Request))
#90 D:\\Backend-game-topup\\web\\project\\public\\index.php(51): Illuminate\\Foundation\\Http\\Kernel->handle(Object(Illuminate\\Http\\Request))
#91 D:\\Backend-game-topup\\web\\project\\server.php(21): require_once('D:\\\\Backend-game...')
#92 {main}
"} 
[2025-10-17 16:17:10] local.ERROR: Exception occurred: SQLSTATE[HY000] [2002] No connection could be made because the target machine actively refused it (Connection: mysql, SQL: select * from `users` where `id` = 350 limit 1) {"exception":"[object] (Illuminate\\Database\\QueryException(code: 2002): SQLSTATE[HY000] [2002] No connection could be made because the target machine actively refused it (Connection: mysql, SQL: select * from `users` where `id` = 350 limit 1) at D:\\Backend-game-topup\\web\\project\\vendor\\laravel\\framework\\src\\Illuminate\\Database\\Connection.php:824)
[stacktrace]
#0 D:\\Backend-game-topup\\web\\project\\vendor\\laravel\\framework\\src\\Illuminate\\Database\\Connection.php(978): Illuminate\\Database\\Connection->runQueryCallback('select * from `...', Array, Object(Closure))
#1 D:\\Backend-game-topup\\web\\project\\vendor\\laravel\\framework\\src\\Illuminate\\Database\\Connection.php(957): Illuminate\\Database\\Connection->tryAgainIfCausedByLostConnection(Object(Illuminate\\Database\\QueryException), 'select * from `...', Array, Object(Closure))
#2 D:\\Backend-game-topup\\web\\project\\vendor\\laravel\\framework\\src\\Illuminate\\Database\\Connection.php(780): Illuminate\\Database\\Connection->handleQueryException(Object(Illuminate\\Database\\QueryException), 'select * from `...', Array, Object(Closure))
#3 D:\\Backend-game-topup\\web\\project\\vendor\\laravel\\framework\\src\\Illuminate\\Database\\Connection.php(397): Illuminate\\Database\\Connection->run('select * from `...', Array, Object(Closure))
#4 D:\\Backend-game-topup\\web\\project\\vendor\\laravel\\framework\\src\\Illuminate\\Database\\Query\\Builder.php(3188): Illuminate\\Database\\Connection->select('select * from `...', Array, true)
#5 D:\\Backend-game-topup\\web\\project\\vendor\\laravel\\framework\\src\\Illuminate\\Database\\Query\\Builder.php(3173): Illuminate\\Database\\Query\\Builder->runSelect()
#6 D:\\Backend-game-topup\\web\\project\\vendor\\laravel\\framework\\src\\Illuminate\\Database\\Query\\Builder.php(3763): Illuminate\\Database\\Query\\Builder->{closure:Illuminate\\Database\\Query\\Builder::get():3172}()
#7 D:\\Backend-game-topup\\web\\project\\vendor\\laravel\\framework\\src\\Illuminate\\Database\\Query\\Builder.php(3172): Illuminate\\Database\\Query\\Builder->onceWithColumns(Array, Object(Closure))
#8 D:\\Backend-game-topup\\web\\project\\vendor\\laravel\\framework\\src\\Illuminate\\Database\\Eloquent\\Builder.php(902): Illuminate\\Database\\Query\\Builder->get(Array)
#9 D:\\Backend-game-topup\\web\\project\\vendor\\laravel\\framework\\src\\Illuminate\\Database\\Eloquent\\Builder.php(884): Illuminate\\Database\\Eloquent\\Builder->getModels(Array)
#10 D:\\Backend-game-topup\\web\\project\\vendor\\laravel\\framework\\src\\Illuminate\\Database\\Concerns\\BuildsQueries.php(366): Illuminate\\Database\\Eloquent\\Builder->get(Array)
#11 D:\\Backend-game-topup\\web\\project\\vendor\\laravel\\framework\\src\\Illuminate\\Auth\\EloquentUserProvider.php(58): Illuminate\\Database\\Eloquent\\Builder->first()
#12 D:\\Backend-game-topup\\web\\project\\vendor\\laravel\\framework\\src\\Illuminate\\Auth\\SessionGuard.php(179): Illuminate\\Auth\\EloquentUserProvider->retrieveById(350)
#13 D:\\Backend-game-topup\\web\\project\\vendor\\laravel\\framework\\src\\Illuminate\\Auth\\GuardHelpers.php(56): Illuminate\\Auth\\SessionGuard->user()
#14 D:\\Backend-game-topup\\web\\project\\vendor\\filament\\filament\\src\\Http\\Middleware\\Authenticate.php(19): Illuminate\\Auth\\SessionGuard->check()
#15 D:\\Backend-game-topup\\web\\project\\vendor\\laravel\\framework\\src\\Illuminate\\Auth\\Middleware\\Authenticate.php(61): Filament\\Http\\Middleware\\Authenticate->authenticate(Object(Illuminate\\Http\\Request), Array)
#16 D:\\Backend-game-topup\\web\\project\\vendor\\laravel\\framework\\src\\Illuminate\\Pipeline\\Pipeline.php(219): Illuminate\\Auth\\Middleware\\Authenticate->handle(Object(Illuminate\\Http\\Request), Object(Closure))
#17 D:\\Backend-game-topup\\web\\project\\vendor\\filament\\filament\\src\\Http\\Middleware\\SetUpPanel.php(19): Illuminate\\Pipeline\\Pipeline->{closure:{closure:Illuminate\\Pipeline\\Pipeline::carry():194}:195}(Object(Illuminate\\Http\\Request))
#18 D:\\Backend-game-topup\\web\\project\\vendor\\laravel\\framework\\src\\Illuminate\\Pipeline\\Pipeline.php(219): Filament\\Http\\Middleware\\SetUpPanel->handle(Object(Illuminate\\Http\\Request), Object(Closure), Object(Filament\\Panel))
#19 D:\\Backend-game-topup\\web\\project\\vendor\\laravel\\framework\\src\\Illuminate\\Pipeline\\Pipeline.php(137): Illuminate\\Pipeline\\Pipeline->{closure:{closure:Illuminate\\Pipeline\\Pipeline::carry():194}:195}(Object(Illuminate\\Http\\Request))
#20 D:\\Backend-game-topup\\web\\project\\vendor\\livewire\\livewire\\src\\Drawer\\Utils.php(182): Illuminate\\Pipeline\\Pipeline->then(Object(Closure))
#21 D:\\Backend-game-topup\\web\\project\\vendor\\livewire\\livewire\\src\\Mechanisms\\PersistentMiddleware\\PersistentMiddleware.php(98): Livewire\\Drawer\\Utils::applyMiddleware(Object(Illuminate\\Http\\Request), Array)
#22 D:\\Backend-game-topup\\web\\project\\vendor\\livewire\\livewire\\src\\Mechanisms\\PersistentMiddleware\\PersistentMiddleware.php(43): Livewire\\Mechanisms\\PersistentMiddleware\\PersistentMiddleware->applyPersistentMiddleware()
#23 D:\\Backend-game-topup\\web\\project\\vendor\\livewire\\livewire\\src\\EventBus.php(60): Livewire\\Mechanisms\\PersistentMiddleware\\PersistentMiddleware->{closure:Livewire\\Mechanisms\\PersistentMiddleware\\PersistentMiddleware::boot():37}(Array)
#24 D:\\Backend-game-topup\\web\\project\\vendor\\livewire\\livewire\\src\\helpers.php(98): Livewire\\EventBus->trigger('snapshot-verifi...', Array)
#25 D:\\Backend-game-topup\\web\\project\\vendor\\livewire\\livewire\\src\\Mechanisms\\HandleComponents\\HandleComponents.php(126): Livewire\\trigger('snapshot-verifi...', Array)
#26 D:\\Backend-game-topup\\web\\project\\vendor\\livewire\\livewire\\src\\Mechanisms\\HandleComponents\\HandleComponents.php(92): Livewire\\Mechanisms\\HandleComponents\\HandleComponents->fromSnapshot(Array)
#27 D:\\Backend-game-topup\\web\\project\\vendor\\livewire\\livewire\\src\\LivewireManager.php(102): Livewire\\Mechanisms\\HandleComponents\\HandleComponents->update(Array, Array, Array)
#28 D:\\Backend-game-topup\\web\\project\\vendor\\livewire\\livewire\\src\\Mechanisms\\HandleRequests\\HandleRequests.php(94): Livewire\\LivewireManager->update(Array, Array, Array)
#29 D:\\Backend-game-topup\\web\\project\\vendor\\laravel\\framework\\src\\Illuminate\\Routing\\ControllerDispatcher.php(46): Livewire\\Mechanisms\\HandleRequests\\HandleRequests->handleUpdate()
#30 D:\\Backend-game-topup\\web\\project\\vendor\\laravel\\framework\\src\\Illuminate\\Routing\\Route.php(265): Illuminate\\Routing\\ControllerDispatcher->dispatch(Object(Illuminate\\Routing\\Route), Object(Livewire\\Mechanisms\\HandleRequests\\HandleRequests), 'handleUpdate')
#31 D:\\Backend-game-topup\\web\\project\\vendor\\laravel\\framework\\src\\Illuminate\\Routing\\Route.php(211): Illuminate\\Routing\\Route->runController()
#32 D:\\Backend-game-topup\\web\\project\\vendor\\laravel\\framework\\src\\Illuminate\\Routing\\Router.php(822): Illuminate\\Routing\\Route->run()
#33 D:\\Backend-game-topup\\web\\project\\vendor\\laravel\\framework\\src\\Illuminate\\Pipeline\\Pipeline.php(180): Illuminate\\Routing\\Router->{closure:Illuminate\\Routing\\Router::runRouteWithinStack():821}(Object(Illuminate\\Http\\Request))
#34 D:\\Backend-game-topup\\web\\project\\app\\Http\\Middleware\\LanguageDetectMiddleware.php(24): Illuminate\\Pipeline\\Pipeline->{closure:Illuminate\\Pipeline\\Pipeline::prepareDestination():178}(Object(Illuminate\\Http\\Request))
#35 D:\\Backend-game-topup\\web\\project\\vendor\\laravel\\framework\\src\\Illuminate\\Pipeline\\Pipeline.php(219): App\\Http\\Middleware\\LanguageDetectMiddleware->handle(Object(Illuminate\\Http\\Request), Object(Closure))
#36 D:\\Backend-game-topup\\web\\project\\app\\Http\\Middleware\\TrackVisitors.php(33): Illuminate\\Pipeline\\Pipeline->{closure:{closure:Illuminate\\Pipeline\\Pipeline::carry():194}:195}(Object(Illuminate\\Http\\Request))
#37 D:\\Backend-game-topup\\web\\project\\vendor\\laravel\\framework\\src\\Illuminate\\Pipeline\\Pipeline.php(219): App\\Http\\Middleware\\TrackVisitors->handle(Object(Illuminate\\Http\\Request), Object(Closure))
#38 D:\\Backend-game-topup\\web\\project\\app\\Http\\Middleware\\AddExpirationDateToCookie.php(21): Illuminate\\Pipeline\\Pipeline->{closure:{closure:Illuminate\\Pipeline\\Pipeline::carry():194}:195}(Object(Illuminate\\Http\\Request))
#39 D:\\Backend-game-topup\\web\\project\\vendor\\laravel\\framework\\src\\Illuminate\\Pipeline\\Pipeline.php(219): App\\Http\\Middleware\\AddExpirationDateToCookie->handle(Object(Illuminate\\Http\\Request), Object(Closure))
#40 D:\\Backend-game-topup\\web\\project\\vendor\\laravel\\framework\\src\\Illuminate\\Routing\\Middleware\\SubstituteBindings.php(50): Illuminate\\Pipeline\\Pipeline->{closure:{closure:Illuminate\\Pipeline\\Pipeline::carry():194}:195}(Object(Illuminate\\Http\\Request))
#41 D:\\Backend-game-topup\\web\\project\\vendor\\laravel\\framework\\src\\Illuminate\\Pipeline\\Pipeline.php(219): Illuminate\\Routing\\Middleware\\SubstituteBindings->handle(Object(Illuminate\\Http\\Request), Object(Closure))
#42 D:\\Backend-game-topup\\web\\project\\app\\Http\\Middleware\\VerifyCsrfToken.php(31): Illuminate\\Pipeline\\Pipeline->{closure:{closure:Illuminate\\Pipeline\\Pipeline::carry():194}:195}(Object(Illuminate\\Http\\Request))
#43 D:\\Backend-game-topup\\web\\project\\vendor\\laravel\\framework\\src\\Illuminate\\Pipeline\\Pipeline.php(219): App\\Http\\Middleware\\VerifyCsrfToken->handle(Object(Illuminate\\Http\\Request), Object(Closure))
#44 D:\\Backend-game-topup\\web\\project\\vendor\\laravel\\framework\\src\\Illuminate\\View\\Middleware\\ShareErrorsFromSession.php(48): Illuminate\\Pipeline\\Pipeline->{closure:{closure:Illuminate\\Pipeline\\Pipeline::carry():194}:195}(Object(Illuminate\\Http\\Request))
#45 D:\\Backend-game-topup\\web\\project\\vendor\\laravel\\framework\\src\\Illuminate\\Pipeline\\Pipeline.php(219): Illuminate\\View\\Middleware\\ShareErrorsFromSession->handle(Object(Illuminate\\Http\\Request), Object(Closure))
#46 D:\\Backend-game-topup\\web\\project\\vendor\\laravel\\framework\\src\\Illuminate\\Session\\Middleware\\StartSession.php(120): Illuminate\\Pipeline\\Pipeline->{closure:{closure:Illuminate\\Pipeline\\Pipeline::carry():194}:195}(Object(Illuminate\\Http\\Request))
#47 D:\\Backend-game-topup\\web\\project\\vendor\\laravel\\framework\\src\\Illuminate\\Session\\Middleware\\StartSession.php(63): Illuminate\\Session\\Middleware\\StartSession->handleStatefulRequest(Object(Illuminate\\Http\\Request), Object(Illuminate\\Session\\EncryptedStore), Object(Closure))
#48 D:\\Backend-game-topup\\web\\project\\vendor\\laravel\\framework\\src\\Illuminate\\Pipeline\\Pipeline.php(219): Illuminate\\Session\\Middleware\\StartSession->handle(Object(Illuminate\\Http\\Request), Object(Closure))
#49 D:\\Backend-game-topup\\web\\project\\vendor\\laravel\\framework\\src\\Illuminate\\Cookie\\Middleware\\AddQueuedCookiesToResponse.php(36): Illuminate\\Pipeline\\Pipeline->{closure:{closure:Illuminate\\Pipeline\\Pipeline::carry():194}:195}(Object(Illuminate\\Http\\Request))
#50 D:\\Backend-game-topup\\web\\project\\vendor\\laravel\\framework\\src\\Illuminate\\Pipeline\\Pipeline.php(219): Illuminate\\Cookie\\Middleware\\AddQueuedCookiesToResponse->handle(Object(Illuminate\\Http\\Request), Object(Closure))
#51 D:\\Backend-game-topup\\web\\project\\vendor\\laravel\\framework\\src\\Illuminate\\Cookie\\Middleware\\EncryptCookies.php(74): Illuminate\\Pipeline\\Pipeline->{closure:{closure:Illuminate\\Pipeline\\Pipeline::carry():194}:195}(Object(Illuminate\\Http\\Request))
#52 D:\\Backend-game-topup\\web\\project\\vendor\\laravel\\framework\\src\\Illuminate\\Pipeline\\Pipeline.php(219): Illuminate\\Cookie\\Middleware\\EncryptCookies->handle(Object(Illuminate\\Http\\Request), Object(Closure))
#53 D:\\Backend-game-topup\\web\\project\\vendor\\laravel\\framework\\src\\Illuminate\\Pipeline\\Pipeline.php(137): Illuminate\\Pipeline\\Pipeline->{closure:{closure:Illuminate\\Pipeline\\Pipeline::carry():194}:195}(Object(Illuminate\\Http\\Request))
#54 D:\\Backend-game-topup\\web\\project\\vendor\\laravel\\framework\\src\\Illuminate\\Routing\\Router.php(821): Illuminate\\Pipeline\\Pipeline->then(Object(Closure))
#55 D:\\Backend-game-topup\\web\\project\\vendor\\laravel\\framework\\src\\Illuminate\\Routing\\Router.php(800): Illuminate\\Routing\\Router->runRouteWithinStack(Object(Illuminate\\Routing\\Route), Object(Illuminate\\Http\\Request))
#56 D:\\Backend-game-topup\\web\\project\\vendor\\laravel\\framework\\src\\Illuminate\\Routing\\Router.php(764): Illuminate\\Routing\\Router->runRoute(Object(Illuminate\\Http\\Request), Object(Illuminate\\Routing\\Route))
#57 D:\\Backend-game-topup\\web\\project\\vendor\\laravel\\framework\\src\\Illuminate\\Routing\\Router.php(753): Illuminate\\Routing\\Router->dispatchToRoute(Object(Illuminate\\Http\\Request))
#58 D:\\Backend-game-topup\\web\\project\\vendor\\laravel\\framework\\src\\Illuminate\\Foundation\\Http\\Kernel.php(200): Illuminate\\Routing\\Router->dispatch(Object(Illuminate\\Http\\Request))
#59 D:\\Backend-game-topup\\web\\project\\vendor\\laravel\\framework\\src\\Illuminate\\Pipeline\\Pipeline.php(180): Illuminate\\Foundation\\Http\\Kernel->{closure:Illuminate\\Foundation\\Http\\Kernel::dispatchToRouter():197}(Object(Illuminate\\Http\\Request))
#60 D:\\Backend-game-topup\\web\\project\\vendor\\livewire\\livewire\\src\\Features\\SupportDisablingBackButtonCache\\DisableBackButtonCacheMiddleware.php(19): Illuminate\\Pipeline\\Pipeline->{closure:Illuminate\\Pipeline\\Pipeline::prepareDestination():178}(Object(Illuminate\\Http\\Request))
#61 D:\\Backend-game-topup\\web\\project\\vendor\\laravel\\framework\\src\\Illuminate\\Pipeline\\Pipeline.php(219): Livewire\\Features\\SupportDisablingBackButtonCache\\DisableBackButtonCacheMiddleware->handle(Object(Illuminate\\Http\\Request), Object(Closure))
#62 D:\\Backend-game-topup\\web\\project\\vendor\\laravel\\framework\\src\\Illuminate\\Foundation\\Http\\Middleware\\ConvertEmptyStringsToNull.php(27): Illuminate\\Pipeline\\Pipeline->{closure:{closure:Illuminate\\Pipeline\\Pipeline::carry():194}:195}(Object(Illuminate\\Http\\Request))
#63 D:\\Backend-game-topup\\web\\project\\vendor\\laravel\\framework\\src\\Illuminate\\Pipeline\\Pipeline.php(219): Illuminate\\Foundation\\Http\\Middleware\\ConvertEmptyStringsToNull->handle(Object(Illuminate\\Http\\Request), Object(Closure))
#64 D:\\Backend-game-topup\\web\\project\\vendor\\laravel\\framework\\src\\Illuminate\\Foundation\\Http\\Middleware\\TrimStrings.php(47): Illuminate\\Pipeline\\Pipeline->{closure:{closure:Illuminate\\Pipeline\\Pipeline::carry():194}:195}(Object(Illuminate\\Http\\Request))
#65 D:\\Backend-game-topup\\web\\project\\vendor\\laravel\\framework\\src\\Illuminate\\Pipeline\\Pipeline.php(219): Illuminate\\Foundation\\Http\\Middleware\\TrimStrings->handle(Object(Illuminate\\Http\\Request), Object(Closure))
#66 D:\\Backend-game-topup\\web\\project\\vendor\\laravel\\framework\\src\\Illuminate\\Http\\Middleware\\ValidatePostSize.php(27): Illuminate\\Pipeline\\Pipeline->{closure:{closure:Illuminate\\Pipeline\\Pipeline::carry():194}:195}(Object(Illuminate\\Http\\Request))
#67 D:\\Backend-game-topup\\web\\project\\vendor\\laravel\\framework\\src\\Illuminate\\Pipeline\\Pipeline.php(219): Illuminate\\Http\\Middleware\\ValidatePostSize->handle(Object(Illuminate\\Http\\Request), Object(Closure))
#68 D:\\Backend-game-topup\\web\\project\\vendor\\laravel\\framework\\src\\Illuminate\\Foundation\\Http\\Middleware\\PreventRequestsDuringMaintenance.php(109): Illuminate\\Pipeline\\Pipeline->{closure:{closure:Illuminate\\Pipeline\\Pipeline::carry():194}:195}(Object(Illuminate\\Http\\Request))
#69 D:\\Backend-game-topup\\web\\project\\vendor\\laravel\\framework\\src\\Illuminate\\Pipeline\\Pipeline.php(219): Illuminate\\Foundation\\Http\\Middleware\\PreventRequestsDuringMaintenance->handle(Object(Illuminate\\Http\\Request), Object(Closure))
#70 D:\\Backend-game-topup\\web\\project\\vendor\\laravel\\framework\\src\\Illuminate\\Http\\Middleware\\HandleCors.php(48): Illuminate\\Pipeline\\Pipeline->{closure:{closure:Illuminate\\Pipeline\\Pipeline::carry():194}:195}(Object(Illuminate\\Http\\Request))
#71 D:\\Backend-game-topup\\web\\project\\vendor\\laravel\\framework\\src\\Illuminate\\Pipeline\\Pipeline.php(219): Illuminate\\Http\\Middleware\\HandleCors->handle(Object(Illuminate\\Http\\Request), Object(Closure))
#72 D:\\Backend-game-topup\\web\\project\\vendor\\laravel\\framework\\src\\Illuminate\\Http\\Middleware\\TrustProxies.php(58): Illuminate\\Pipeline\\Pipeline->{closure:{closure:Illuminate\\Pipeline\\Pipeline::carry():194}:195}(Object(Illuminate\\Http\\Request))
#73 D:\\Backend-game-topup\\web\\project\\vendor\\laravel\\framework\\src\\Illuminate\\Pipeline\\Pipeline.php(219): Illuminate\\Http\\Middleware\\TrustProxies->handle(Object(Illuminate\\Http\\Request), Object(Closure))
#74 D:\\Backend-game-topup\\web\\project\\vendor\\laravel\\framework\\src\\Illuminate\\Http\\Middleware\\TrustHosts.php(78): Illuminate\\Pipeline\\Pipeline->{closure:{closure:Illuminate\\Pipeline\\Pipeline::carry():194}:195}(Object(Illuminate\\Http\\Request))
#75 D:\\Backend-game-topup\\web\\project\\vendor\\laravel\\framework\\src\\Illuminate\\Pipeline\\Pipeline.php(219): Illuminate\\Http\\Middleware\\TrustHosts->handle(Object(Illuminate\\Http\\Request), Object(Closure))
#76 D:\\Backend-game-topup\\web\\project\\vendor\\laravel\\framework\\src\\Illuminate\\Pipeline\\Pipeline.php(137): Illuminate\\Pipeline\\Pipeline->{closure:{closure:Illuminate\\Pipeline\\Pipeline::carry():194}:195}(Object(Illuminate\\Http\\Request))
#77 D:\\Backend-game-topup\\web\\project\\vendor\\laravel\\framework\\src\\Illuminate\\Foundation\\Http\\Kernel.php(175): Illuminate\\Pipeline\\Pipeline->then(Object(Closure))
#78 D:\\Backend-game-topup\\web\\project\\vendor\\laravel\\framework\\src\\Illuminate\\Foundation\\Http\\Kernel.php(144): Illuminate\\Foundation\\Http\\Kernel->sendRequestThroughRouter(Object(Illuminate\\Http\\Request))
#79 D:\\Backend-game-topup\\web\\project\\public\\index.php(51): Illuminate\\Foundation\\Http\\Kernel->handle(Object(Illuminate\\Http\\Request))
#80 D:\\Backend-game-topup\\web\\project\\server.php(21): require_once('D:\\\\Backend-game...')
#81 {main}

[previous exception] [object] (PDOException(code: 2002): SQLSTATE[HY000] [2002] No connection could be made because the target machine actively refused it at D:\\Backend-game-topup\\web\\project\\vendor\\laravel\\framework\\src\\Illuminate\\Database\\Connectors\\Connector.php:67)
[stacktrace]
#0 D:\\Backend-game-topup\\web\\project\\vendor\\laravel\\framework\\src\\Illuminate\\Database\\Connectors\\Connector.php(67): PDO::connect('mysql:host=loca...', 'root', Object(SensitiveParameterValue), Array)
#1 D:\\Backend-game-topup\\web\\project\\vendor\\laravel\\framework\\src\\Illuminate\\Database\\Connectors\\Connector.php(85): Illuminate\\Database\\Connectors\\Connector->createPdoConnection('mysql:host=loca...', 'root', Object(SensitiveParameterValue), Array)
#2 D:\\Backend-game-topup\\web\\project\\vendor\\laravel\\framework\\src\\Illuminate\\Database\\Connectors\\Connector.php(48): Illuminate\\Database\\Connectors\\Connector->tryAgainIfCausedByLostConnection(Object(PDOException), 'mysql:host=loca...', 'root', Object(SensitiveParameterValue), Array)
#3 D:\\Backend-game-topup\\web\\project\\vendor\\laravel\\framework\\src\\Illuminate\\Database\\Connectors\\MySqlConnector.php(24): Illuminate\\Database\\Connectors\\Connector->createConnection('mysql:host=loca...', Array, Array)
#4 D:\\Backend-game-topup\\web\\project\\vendor\\laravel\\framework\\src\\Illuminate\\Database\\Connectors\\ConnectionFactory.php(184): Illuminate\\Database\\Connectors\\MySqlConnector->connect(Array)
#5 [internal function]: Illuminate\\Database\\Connectors\\ConnectionFactory->{closure:Illuminate\\Database\\Connectors\\ConnectionFactory::createPdoResolverWithHosts():179}()
#6 D:\\Backend-game-topup\\web\\project\\vendor\\laravel\\framework\\src\\Illuminate\\Database\\Connection.php(1230): call_user_func(Object(Closure))
#7 D:\\Backend-game-topup\\web\\project\\vendor\\laravel\\framework\\src\\Illuminate\\Database\\Connection.php(1266): Illuminate\\Database\\Connection->getPdo()
#8 D:\\Backend-game-topup\\web\\project\\vendor\\laravel\\framework\\src\\Illuminate\\Database\\Connection.php(511): Illuminate\\Database\\Connection->getReadPdo()
#9 D:\\Backend-game-topup\\web\\project\\vendor\\laravel\\framework\\src\\Illuminate\\Database\\Connection.php(406): Illuminate\\Database\\Connection->getPdoForSelect(true)
#10 D:\\Backend-game-topup\\web\\project\\vendor\\laravel\\framework\\src\\Illuminate\\Database\\Connection.php(811): Illuminate\\Database\\Connection->{closure:Illuminate\\Database\\Connection::select():397}('select * from `...', Array)
#11 D:\\Backend-game-topup\\web\\project\\vendor\\laravel\\framework\\src\\Illuminate\\Database\\Connection.php(978): Illuminate\\Database\\Connection->runQueryCallback('select * from `...', Array, Object(Closure))
#12 D:\\Backend-game-topup\\web\\project\\vendor\\laravel\\framework\\src\\Illuminate\\Database\\Connection.php(957): Illuminate\\Database\\Connection->tryAgainIfCausedByLostConnection(Object(Illuminate\\Database\\QueryException), 'select * from `...', Array, Object(Closure))
#13 D:\\Backend-game-topup\\web\\project\\vendor\\laravel\\framework\\src\\Illuminate\\Database\\Connection.php(780): Illuminate\\Database\\Connection->handleQueryException(Object(Illuminate\\Database\\QueryException), 'select * from `...', Array, Object(Closure))
#14 D:\\Backend-game-topup\\web\\project\\vendor\\laravel\\framework\\src\\Illuminate\\Database\\Connection.php(397): Illuminate\\Database\\Connection->run('select * from `...', Array, Object(Closure))
#15 D:\\Backend-game-topup\\web\\project\\vendor\\laravel\\framework\\src\\Illuminate\\Database\\Query\\Builder.php(3188): Illuminate\\Database\\Connection->select('select * from `...', Array, true)
#16 D:\\Backend-game-topup\\web\\project\\vendor\\laravel\\framework\\src\\Illuminate\\Database\\Query\\Builder.php(3173): Illuminate\\Database\\Query\\Builder->runSelect()
#17 D:\\Backend-game-topup\\web\\project\\vendor\\laravel\\framework\\src\\Illuminate\\Database\\Query\\Builder.php(3763): Illuminate\\Database\\Query\\Builder->{closure:Illuminate\\Database\\Query\\Builder::get():3172}()
#18 D:\\Backend-game-topup\\web\\project\\vendor\\laravel\\framework\\src\\Illuminate\\Database\\Query\\Builder.php(3172): Illuminate\\Database\\Query\\Builder->onceWithColumns(Array, Object(Closure))
#19 D:\\Backend-game-topup\\web\\project\\vendor\\laravel\\framework\\src\\Illuminate\\Database\\Eloquent\\Builder.php(902): Illuminate\\Database\\Query\\Builder->get(Array)
#20 D:\\Backend-game-topup\\web\\project\\vendor\\laravel\\framework\\src\\Illuminate\\Database\\Eloquent\\Builder.php(884): Illuminate\\Database\\Eloquent\\Builder->getModels(Array)
#21 D:\\Backend-game-topup\\web\\project\\vendor\\laravel\\framework\\src\\Illuminate\\Database\\Concerns\\BuildsQueries.php(366): Illuminate\\Database\\Eloquent\\Builder->get(Array)
#22 D:\\Backend-game-topup\\web\\project\\vendor\\laravel\\framework\\src\\Illuminate\\Auth\\EloquentUserProvider.php(58): Illuminate\\Database\\Eloquent\\Builder->first()
#23 D:\\Backend-game-topup\\web\\project\\vendor\\laravel\\framework\\src\\Illuminate\\Auth\\SessionGuard.php(179): Illuminate\\Auth\\EloquentUserProvider->retrieveById(350)
#24 D:\\Backend-game-topup\\web\\project\\vendor\\laravel\\framework\\src\\Illuminate\\Auth\\GuardHelpers.php(56): Illuminate\\Auth\\SessionGuard->user()
#25 D:\\Backend-game-topup\\web\\project\\vendor\\filament\\filament\\src\\Http\\Middleware\\Authenticate.php(19): Illuminate\\Auth\\SessionGuard->check()
#26 D:\\Backend-game-topup\\web\\project\\vendor\\laravel\\framework\\src\\Illuminate\\Auth\\Middleware\\Authenticate.php(61): Filament\\Http\\Middleware\\Authenticate->authenticate(Object(Illuminate\\Http\\Request), Array)
#27 D:\\Backend-game-topup\\web\\project\\vendor\\laravel\\framework\\src\\Illuminate\\Pipeline\\Pipeline.php(219): Illuminate\\Auth\\Middleware\\Authenticate->handle(Object(Illuminate\\Http\\Request), Object(Closure))
#28 D:\\Backend-game-topup\\web\\project\\vendor\\filament\\filament\\src\\Http\\Middleware\\SetUpPanel.php(19): Illuminate\\Pipeline\\Pipeline->{closure:{closure:Illuminate\\Pipeline\\Pipeline::carry():194}:195}(Object(Illuminate\\Http\\Request))
#29 D:\\Backend-game-topup\\web\\project\\vendor\\laravel\\framework\\src\\Illuminate\\Pipeline\\Pipeline.php(219): Filament\\Http\\Middleware\\SetUpPanel->handle(Object(Illuminate\\Http\\Request), Object(Closure), Object(Filament\\Panel))
#30 D:\\Backend-game-topup\\web\\project\\vendor\\laravel\\framework\\src\\Illuminate\\Pipeline\\Pipeline.php(137): Illuminate\\Pipeline\\Pipeline->{closure:{closure:Illuminate\\Pipeline\\Pipeline::carry():194}:195}(Object(Illuminate\\Http\\Request))
#31 D:\\Backend-game-topup\\web\\project\\vendor\\livewire\\livewire\\src\\Drawer\\Utils.php(182): Illuminate\\Pipeline\\Pipeline->then(Object(Closure))
#32 D:\\Backend-game-topup\\web\\project\\vendor\\livewire\\livewire\\src\\Mechanisms\\PersistentMiddleware\\PersistentMiddleware.php(98): Livewire\\Drawer\\Utils::applyMiddleware(Object(Illuminate\\Http\\Request), Array)
#33 D:\\Backend-game-topup\\web\\project\\vendor\\livewire\\livewire\\src\\Mechanisms\\PersistentMiddleware\\PersistentMiddleware.php(43): Livewire\\Mechanisms\\PersistentMiddleware\\PersistentMiddleware->applyPersistentMiddleware()
#34 D:\\Backend-game-topup\\web\\project\\vendor\\livewire\\livewire\\src\\EventBus.php(60): Livewire\\Mechanisms\\PersistentMiddleware\\PersistentMiddleware->{closure:Livewire\\Mechanisms\\PersistentMiddleware\\PersistentMiddleware::boot():37}(Array)
#35 D:\\Backend-game-topup\\web\\project\\vendor\\livewire\\livewire\\src\\helpers.php(98): Livewire\\EventBus->trigger('snapshot-verifi...', Array)
#36 D:\\Backend-game-topup\\web\\project\\vendor\\livewire\\livewire\\src\\Mechanisms\\HandleComponents\\HandleComponents.php(126): Livewire\\trigger('snapshot-verifi...', Array)
#37 D:\\Backend-game-topup\\web\\project\\vendor\\livewire\\livewire\\src\\Mechanisms\\HandleComponents\\HandleComponents.php(92): Livewire\\Mechanisms\\HandleComponents\\HandleComponents->fromSnapshot(Array)
#38 D:\\Backend-game-topup\\web\\project\\vendor\\livewire\\livewire\\src\\LivewireManager.php(102): Livewire\\Mechanisms\\HandleComponents\\HandleComponents->update(Array, Array, Array)
#39 D:\\Backend-game-topup\\web\\project\\vendor\\livewire\\livewire\\src\\Mechanisms\\HandleRequests\\HandleRequests.php(94): Livewire\\LivewireManager->update(Array, Array, Array)
#40 D:\\Backend-game-topup\\web\\project\\vendor\\laravel\\framework\\src\\Illuminate\\Routing\\ControllerDispatcher.php(46): Livewire\\Mechanisms\\HandleRequests\\HandleRequests->handleUpdate()
#41 D:\\Backend-game-topup\\web\\project\\vendor\\laravel\\framework\\src\\Illuminate\\Routing\\Route.php(265): Illuminate\\Routing\\ControllerDispatcher->dispatch(Object(Illuminate\\Routing\\Route), Object(Livewire\\Mechanisms\\HandleRequests\\HandleRequests), 'handleUpdate')
#42 D:\\Backend-game-topup\\web\\project\\vendor\\laravel\\framework\\src\\Illuminate\\Routing\\Route.php(211): Illuminate\\Routing\\Route->runController()
#43 D:\\Backend-game-topup\\web\\project\\vendor\\laravel\\framework\\src\\Illuminate\\Routing\\Router.php(822): Illuminate\\Routing\\Route->run()
#44 D:\\Backend-game-topup\\web\\project\\vendor\\laravel\\framework\\src\\Illuminate\\Pipeline\\Pipeline.php(180): Illuminate\\Routing\\Router->{closure:Illuminate\\Routing\\Router::runRouteWithinStack():821}(Object(Illuminate\\Http\\Request))
#45 D:\\Backend-game-topup\\web\\project\\app\\Http\\Middleware\\LanguageDetectMiddleware.php(24): Illuminate\\Pipeline\\Pipeline->{closure:Illuminate\\Pipeline\\Pipeline::prepareDestination():178}(Object(Illuminate\\Http\\Request))
#46 D:\\Backend-game-topup\\web\\project\\vendor\\laravel\\framework\\src\\Illuminate\\Pipeline\\Pipeline.php(219): App\\Http\\Middleware\\LanguageDetectMiddleware->handle(Object(Illuminate\\Http\\Request), Object(Closure))
#47 D:\\Backend-game-topup\\web\\project\\app\\Http\\Middleware\\TrackVisitors.php(33): Illuminate\\Pipeline\\Pipeline->{closure:{closure:Illuminate\\Pipeline\\Pipeline::carry():194}:195}(Object(Illuminate\\Http\\Request))
#48 D:\\Backend-game-topup\\web\\project\\vendor\\laravel\\framework\\src\\Illuminate\\Pipeline\\Pipeline.php(219): App\\Http\\Middleware\\TrackVisitors->handle(Object(Illuminate\\Http\\Request), Object(Closure))
#49 D:\\Backend-game-topup\\web\\project\\app\\Http\\Middleware\\AddExpirationDateToCookie.php(21): Illuminate\\Pipeline\\Pipeline->{closure:{closure:Illuminate\\Pipeline\\Pipeline::carry():194}:195}(Object(Illuminate\\Http\\Request))
#50 D:\\Backend-game-topup\\web\\project\\vendor\\laravel\\framework\\src\\Illuminate\\Pipeline\\Pipeline.php(219): App\\Http\\Middleware\\AddExpirationDateToCookie->handle(Object(Illuminate\\Http\\Request), Object(Closure))
#51 D:\\Backend-game-topup\\web\\project\\vendor\\laravel\\framework\\src\\Illuminate\\Routing\\Middleware\\SubstituteBindings.php(50): Illuminate\\Pipeline\\Pipeline->{closure:{closure:Illuminate\\Pipeline\\Pipeline::carry():194}:195}(Object(Illuminate\\Http\\Request))
#52 D:\\Backend-game-topup\\web\\project\\vendor\\laravel\\framework\\src\\Illuminate\\Pipeline\\Pipeline.php(219): Illuminate\\Routing\\Middleware\\SubstituteBindings->handle(Object(Illuminate\\Http\\Request), Object(Closure))
#53 D:\\Backend-game-topup\\web\\project\\app\\Http\\Middleware\\VerifyCsrfToken.php(31): Illuminate\\Pipeline\\Pipeline->{closure:{closure:Illuminate\\Pipeline\\Pipeline::carry():194}:195}(Object(Illuminate\\Http\\Request))
#54 D:\\Backend-game-topup\\web\\project\\vendor\\laravel\\framework\\src\\Illuminate\\Pipeline\\Pipeline.php(219): App\\Http\\Middleware\\VerifyCsrfToken->handle(Object(Illuminate\\Http\\Request), Object(Closure))
#55 D:\\Backend-game-topup\\web\\project\\vendor\\laravel\\framework\\src\\Illuminate\\View\\Middleware\\ShareErrorsFromSession.php(48): Illuminate\\Pipeline\\Pipeline->{closure:{closure:Illuminate\\Pipeline\\Pipeline::carry():194}:195}(Object(Illuminate\\Http\\Request))
#56 D:\\Backend-game-topup\\web\\project\\vendor\\laravel\\framework\\src\\Illuminate\\Pipeline\\Pipeline.php(219): Illuminate\\View\\Middleware\\ShareErrorsFromSession->handle(Object(Illuminate\\Http\\Request), Object(Closure))
#57 D:\\Backend-game-topup\\web\\project\\vendor\\laravel\\framework\\src\\Illuminate\\Session\\Middleware\\StartSession.php(120): Illuminate\\Pipeline\\Pipeline->{closure:{closure:Illuminate\\Pipeline\\Pipeline::carry():194}:195}(Object(Illuminate\\Http\\Request))
#58 D:\\Backend-game-topup\\web\\project\\vendor\\laravel\\framework\\src\\Illuminate\\Session\\Middleware\\StartSession.php(63): Illuminate\\Session\\Middleware\\StartSession->handleStatefulRequest(Object(Illuminate\\Http\\Request), Object(Illuminate\\Session\\EncryptedStore), Object(Closure))
#59 D:\\Backend-game-topup\\web\\project\\vendor\\laravel\\framework\\src\\Illuminate\\Pipeline\\Pipeline.php(219): Illuminate\\Session\\Middleware\\StartSession->handle(Object(Illuminate\\Http\\Request), Object(Closure))
#60 D:\\Backend-game-topup\\web\\project\\vendor\\laravel\\framework\\src\\Illuminate\\Cookie\\Middleware\\AddQueuedCookiesToResponse.php(36): Illuminate\\Pipeline\\Pipeline->{closure:{closure:Illuminate\\Pipeline\\Pipeline::carry():194}:195}(Object(Illuminate\\Http\\Request))
#61 D:\\Backend-game-topup\\web\\project\\vendor\\laravel\\framework\\src\\Illuminate\\Pipeline\\Pipeline.php(219): Illuminate\\Cookie\\Middleware\\AddQueuedCookiesToResponse->handle(Object(Illuminate\\Http\\Request), Object(Closure))
#62 D:\\Backend-game-topup\\web\\project\\vendor\\laravel\\framework\\src\\Illuminate\\Cookie\\Middleware\\EncryptCookies.php(74): Illuminate\\Pipeline\\Pipeline->{closure:{closure:Illuminate\\Pipeline\\Pipeline::carry():194}:195}(Object(Illuminate\\Http\\Request))
#63 D:\\Backend-game-topup\\web\\project\\vendor\\laravel\\framework\\src\\Illuminate\\Pipeline\\Pipeline.php(219): Illuminate\\Cookie\\Middleware\\EncryptCookies->handle(Object(Illuminate\\Http\\Request), Object(Closure))
#64 D:\\Backend-game-topup\\web\\project\\vendor\\laravel\\framework\\src\\Illuminate\\Pipeline\\Pipeline.php(137): Illuminate\\Pipeline\\Pipeline->{closure:{closure:Illuminate\\Pipeline\\Pipeline::carry():194}:195}(Object(Illuminate\\Http\\Request))
#65 D:\\Backend-game-topup\\web\\project\\vendor\\laravel\\framework\\src\\Illuminate\\Routing\\Router.php(821): Illuminate\\Pipeline\\Pipeline->then(Object(Closure))
#66 D:\\Backend-game-topup\\web\\project\\vendor\\laravel\\framework\\src\\Illuminate\\Routing\\Router.php(800): Illuminate\\Routing\\Router->runRouteWithinStack(Object(Illuminate\\Routing\\Route), Object(Illuminate\\Http\\Request))
#67 D:\\Backend-game-topup\\web\\project\\vendor\\laravel\\framework\\src\\Illuminate\\Routing\\Router.php(764): Illuminate\\Routing\\Router->runRoute(Object(Illuminate\\Http\\Request), Object(Illuminate\\Routing\\Route))
#68 D:\\Backend-game-topup\\web\\project\\vendor\\laravel\\framework\\src\\Illuminate\\Routing\\Router.php(753): Illuminate\\Routing\\Router->dispatchToRoute(Object(Illuminate\\Http\\Request))
#69 D:\\Backend-game-topup\\web\\project\\vendor\\laravel\\framework\\src\\Illuminate\\Foundation\\Http\\Kernel.php(200): Illuminate\\Routing\\Router->dispatch(Object(Illuminate\\Http\\Request))
#70 D:\\Backend-game-topup\\web\\project\\vendor\\laravel\\framework\\src\\Illuminate\\Pipeline\\Pipeline.php(180): Illuminate\\Foundation\\Http\\Kernel->{closure:Illuminate\\Foundation\\Http\\Kernel::dispatchToRouter():197}(Object(Illuminate\\Http\\Request))
#71 D:\\Backend-game-topup\\web\\project\\vendor\\livewire\\livewire\\src\\Features\\SupportDisablingBackButtonCache\\DisableBackButtonCacheMiddleware.php(19): Illuminate\\Pipeline\\Pipeline->{closure:Illuminate\\Pipeline\\Pipeline::prepareDestination():178}(Object(Illuminate\\Http\\Request))
#72 D:\\Backend-game-topup\\web\\project\\vendor\\laravel\\framework\\src\\Illuminate\\Pipeline\\Pipeline.php(219): Livewire\\Features\\SupportDisablingBackButtonCache\\DisableBackButtonCacheMiddleware->handle(Object(Illuminate\\Http\\Request), Object(Closure))
#73 D:\\Backend-game-topup\\web\\project\\vendor\\laravel\\framework\\src\\Illuminate\\Foundation\\Http\\Middleware\\ConvertEmptyStringsToNull.php(27): Illuminate\\Pipeline\\Pipeline->{closure:{closure:Illuminate\\Pipeline\\Pipeline::carry():194}:195}(Object(Illuminate\\Http\\Request))
#74 D:\\Backend-game-topup\\web\\project\\vendor\\laravel\\framework\\src\\Illuminate\\Pipeline\\Pipeline.php(219): Illuminate\\Foundation\\Http\\Middleware\\ConvertEmptyStringsToNull->handle(Object(Illuminate\\Http\\Request), Object(Closure))
#75 D:\\Backend-game-topup\\web\\project\\vendor\\laravel\\framework\\src\\Illuminate\\Foundation\\Http\\Middleware\\TrimStrings.php(47): Illuminate\\Pipeline\\Pipeline->{closure:{closure:Illuminate\\Pipeline\\Pipeline::carry():194}:195}(Object(Illuminate\\Http\\Request))
#76 D:\\Backend-game-topup\\web\\project\\vendor\\laravel\\framework\\src\\Illuminate\\Pipeline\\Pipeline.php(219): Illuminate\\Foundation\\Http\\Middleware\\TrimStrings->handle(Object(Illuminate\\Http\\Request), Object(Closure))
#77 D:\\Backend-game-topup\\web\\project\\vendor\\laravel\\framework\\src\\Illuminate\\Http\\Middleware\\ValidatePostSize.php(27): Illuminate\\Pipeline\\Pipeline->{closure:{closure:Illuminate\\Pipeline\\Pipeline::carry():194}:195}(Object(Illuminate\\Http\\Request))
#78 D:\\Backend-game-topup\\web\\project\\vendor\\laravel\\framework\\src\\Illuminate\\Pipeline\\Pipeline.php(219): Illuminate\\Http\\Middleware\\ValidatePostSize->handle(Object(Illuminate\\Http\\Request), Object(Closure))
#79 D:\\Backend-game-topup\\web\\project\\vendor\\laravel\\framework\\src\\Illuminate\\Foundation\\Http\\Middleware\\PreventRequestsDuringMaintenance.php(109): Illuminate\\Pipeline\\Pipeline->{closure:{closure:Illuminate\\Pipeline\\Pipeline::carry():194}:195}(Object(Illuminate\\Http\\Request))
#80 D:\\Backend-game-topup\\web\\project\\vendor\\laravel\\framework\\src\\Illuminate\\Pipeline\\Pipeline.php(219): Illuminate\\Foundation\\Http\\Middleware\\PreventRequestsDuringMaintenance->handle(Object(Illuminate\\Http\\Request), Object(Closure))
#81 D:\\Backend-game-topup\\web\\project\\vendor\\laravel\\framework\\src\\Illuminate\\Http\\Middleware\\HandleCors.php(48): Illuminate\\Pipeline\\Pipeline->{closure:{closure:Illuminate\\Pipeline\\Pipeline::carry():194}:195}(Object(Illuminate\\Http\\Request))
#82 D:\\Backend-game-topup\\web\\project\\vendor\\laravel\\framework\\src\\Illuminate\\Pipeline\\Pipeline.php(219): Illuminate\\Http\\Middleware\\HandleCors->handle(Object(Illuminate\\Http\\Request), Object(Closure))
#83 D:\\Backend-game-topup\\web\\project\\vendor\\laravel\\framework\\src\\Illuminate\\Http\\Middleware\\TrustProxies.php(58): Illuminate\\Pipeline\\Pipeline->{closure:{closure:Illuminate\\Pipeline\\Pipeline::carry():194}:195}(Object(Illuminate\\Http\\Request))
#84 D:\\Backend-game-topup\\web\\project\\vendor\\laravel\\framework\\src\\Illuminate\\Pipeline\\Pipeline.php(219): Illuminate\\Http\\Middleware\\TrustProxies->handle(Object(Illuminate\\Http\\Request), Object(Closure))
#85 D:\\Backend-game-topup\\web\\project\\vendor\\laravel\\framework\\src\\Illuminate\\Http\\Middleware\\TrustHosts.php(78): Illuminate\\Pipeline\\Pipeline->{closure:{closure:Illuminate\\Pipeline\\Pipeline::carry():194}:195}(Object(Illuminate\\Http\\Request))
#86 D:\\Backend-game-topup\\web\\project\\vendor\\laravel\\framework\\src\\Illuminate\\Pipeline\\Pipeline.php(219): Illuminate\\Http\\Middleware\\TrustHosts->handle(Object(Illuminate\\Http\\Request), Object(Closure))
#87 D:\\Backend-game-topup\\web\\project\\vendor\\laravel\\framework\\src\\Illuminate\\Pipeline\\Pipeline.php(137): Illuminate\\Pipeline\\Pipeline->{closure:{closure:Illuminate\\Pipeline\\Pipeline::carry():194}:195}(Object(Illuminate\\Http\\Request))
#88 D:\\Backend-game-topup\\web\\project\\vendor\\laravel\\framework\\src\\Illuminate\\Foundation\\Http\\Kernel.php(175): Illuminate\\Pipeline\\Pipeline->then(Object(Closure))
#89 D:\\Backend-game-topup\\web\\project\\vendor\\laravel\\framework\\src\\Illuminate\\Foundation\\Http\\Kernel.php(144): Illuminate\\Foundation\\Http\\Kernel->sendRequestThroughRouter(Object(Illuminate\\Http\\Request))
#90 D:\\Backend-game-topup\\web\\project\\public\\index.php(51): Illuminate\\Foundation\\Http\\Kernel->handle(Object(Illuminate\\Http\\Request))
#91 D:\\Backend-game-topup\\web\\project\\server.php(21): require_once('D:\\\\Backend-game...')
#92 {main}
"} 
[2025-10-17 16:17:12] local.ERROR: SQLSTATE[HY000] [2002] No connection could be made because the target machine actively refused it (Connection: mysql, SQL: select * from `users` where `id` = 350 limit 1) {"userId":350,"exception":"[object] (Illuminate\\Database\\QueryException(code: 2002): SQLSTATE[HY000] [2002] No connection could be made because the target machine actively refused it (Connection: mysql, SQL: select * from `users` where `id` = 350 limit 1) at D:\\Backend-game-topup\\web\\project\\vendor\\laravel\\framework\\src\\Illuminate\\Database\\Connection.php:824)
[stacktrace]
#0 D:\\Backend-game-topup\\web\\project\\vendor\\laravel\\framework\\src\\Illuminate\\Database\\Connection.php(978): Illuminate\\Database\\Connection->runQueryCallback('select * from `...', Array, Object(Closure))
#1 D:\\Backend-game-topup\\web\\project\\vendor\\laravel\\framework\\src\\Illuminate\\Database\\Connection.php(957): Illuminate\\Database\\Connection->tryAgainIfCausedByLostConnection(Object(Illuminate\\Database\\QueryException), 'select * from `...', Array, Object(Closure))
#2 D:\\Backend-game-topup\\web\\project\\vendor\\laravel\\framework\\src\\Illuminate\\Database\\Connection.php(780): Illuminate\\Database\\Connection->handleQueryException(Object(Illuminate\\Database\\QueryException), 'select * from `...', Array, Object(Closure))
#3 D:\\Backend-game-topup\\web\\project\\vendor\\laravel\\framework\\src\\Illuminate\\Database\\Connection.php(397): Illuminate\\Database\\Connection->run('select * from `...', Array, Object(Closure))
#4 D:\\Backend-game-topup\\web\\project\\vendor\\laravel\\framework\\src\\Illuminate\\Database\\Query\\Builder.php(3188): Illuminate\\Database\\Connection->select('select * from `...', Array, true)
#5 D:\\Backend-game-topup\\web\\project\\vendor\\laravel\\framework\\src\\Illuminate\\Database\\Query\\Builder.php(3173): Illuminate\\Database\\Query\\Builder->runSelect()
#6 D:\\Backend-game-topup\\web\\project\\vendor\\laravel\\framework\\src\\Illuminate\\Database\\Query\\Builder.php(3763): Illuminate\\Database\\Query\\Builder->{closure:Illuminate\\Database\\Query\\Builder::get():3172}()
#7 D:\\Backend-game-topup\\web\\project\\vendor\\laravel\\framework\\src\\Illuminate\\Database\\Query\\Builder.php(3172): Illuminate\\Database\\Query\\Builder->onceWithColumns(Array, Object(Closure))
#8 D:\\Backend-game-topup\\web\\project\\vendor\\laravel\\framework\\src\\Illuminate\\Database\\Eloquent\\Builder.php(902): Illuminate\\Database\\Query\\Builder->get(Array)
#9 D:\\Backend-game-topup\\web\\project\\vendor\\laravel\\framework\\src\\Illuminate\\Database\\Eloquent\\Builder.php(884): Illuminate\\Database\\Eloquent\\Builder->getModels(Array)
#10 D:\\Backend-game-topup\\web\\project\\vendor\\laravel\\framework\\src\\Illuminate\\Database\\Concerns\\BuildsQueries.php(366): Illuminate\\Database\\Eloquent\\Builder->get(Array)
#11 D:\\Backend-game-topup\\web\\project\\vendor\\laravel\\framework\\src\\Illuminate\\Auth\\EloquentUserProvider.php(58): Illuminate\\Database\\Eloquent\\Builder->first()
#12 D:\\Backend-game-topup\\web\\project\\vendor\\laravel\\framework\\src\\Illuminate\\Auth\\SessionGuard.php(179): Illuminate\\Auth\\EloquentUserProvider->retrieveById(350)
#13 D:\\Backend-game-topup\\web\\project\\vendor\\laravel\\framework\\src\\Illuminate\\Auth\\GuardHelpers.php(56): Illuminate\\Auth\\SessionGuard->user()
#14 D:\\Backend-game-topup\\web\\project\\vendor\\filament\\filament\\src\\Http\\Middleware\\Authenticate.php(19): Illuminate\\Auth\\SessionGuard->check()
#15 D:\\Backend-game-topup\\web\\project\\vendor\\laravel\\framework\\src\\Illuminate\\Auth\\Middleware\\Authenticate.php(61): Filament\\Http\\Middleware\\Authenticate->authenticate(Object(Illuminate\\Http\\Request), Array)
#16 D:\\Backend-game-topup\\web\\project\\vendor\\laravel\\framework\\src\\Illuminate\\Pipeline\\Pipeline.php(219): Illuminate\\Auth\\Middleware\\Authenticate->handle(Object(Illuminate\\Http\\Request), Object(Closure))
#17 D:\\Backend-game-topup\\web\\project\\vendor\\filament\\filament\\src\\Http\\Middleware\\SetUpPanel.php(19): Illuminate\\Pipeline\\Pipeline->{closure:{closure:Illuminate\\Pipeline\\Pipeline::carry():194}:195}(Object(Illuminate\\Http\\Request))
#18 D:\\Backend-game-topup\\web\\project\\vendor\\laravel\\framework\\src\\Illuminate\\Pipeline\\Pipeline.php(219): Filament\\Http\\Middleware\\SetUpPanel->handle(Object(Illuminate\\Http\\Request), Object(Closure), Object(Filament\\Panel))
#19 D:\\Backend-game-topup\\web\\project\\vendor\\laravel\\framework\\src\\Illuminate\\Pipeline\\Pipeline.php(137): Illuminate\\Pipeline\\Pipeline->{closure:{closure:Illuminate\\Pipeline\\Pipeline::carry():194}:195}(Object(Illuminate\\Http\\Request))
#20 D:\\Backend-game-topup\\web\\project\\vendor\\livewire\\livewire\\src\\Drawer\\Utils.php(182): Illuminate\\Pipeline\\Pipeline->then(Object(Closure))
#21 D:\\Backend-game-topup\\web\\project\\vendor\\livewire\\livewire\\src\\Mechanisms\\PersistentMiddleware\\PersistentMiddleware.php(98): Livewire\\Drawer\\Utils::applyMiddleware(Object(Illuminate\\Http\\Request), Array)
#22 D:\\Backend-game-topup\\web\\project\\vendor\\livewire\\livewire\\src\\Mechanisms\\PersistentMiddleware\\PersistentMiddleware.php(43): Livewire\\Mechanisms\\PersistentMiddleware\\PersistentMiddleware->applyPersistentMiddleware()
#23 D:\\Backend-game-topup\\web\\project\\vendor\\livewire\\livewire\\src\\EventBus.php(60): Livewire\\Mechanisms\\PersistentMiddleware\\PersistentMiddleware->{closure:Livewire\\Mechanisms\\PersistentMiddleware\\PersistentMiddleware::boot():37}(Array)
#24 D:\\Backend-game-topup\\web\\project\\vendor\\livewire\\livewire\\src\\helpers.php(98): Livewire\\EventBus->trigger('snapshot-verifi...', Array)
#25 D:\\Backend-game-topup\\web\\project\\vendor\\livewire\\livewire\\src\\Mechanisms\\HandleComponents\\HandleComponents.php(126): Livewire\\trigger('snapshot-verifi...', Array)
#26 D:\\Backend-game-topup\\web\\project\\vendor\\livewire\\livewire\\src\\Mechanisms\\HandleComponents\\HandleComponents.php(92): Livewire\\Mechanisms\\HandleComponents\\HandleComponents->fromSnapshot(Array)
#27 D:\\Backend-game-topup\\web\\project\\vendor\\livewire\\livewire\\src\\LivewireManager.php(102): Livewire\\Mechanisms\\HandleComponents\\HandleComponents->update(Array, Array, Array)
#28 D:\\Backend-game-topup\\web\\project\\vendor\\livewire\\livewire\\src\\Mechanisms\\HandleRequests\\HandleRequests.php(94): Livewire\\LivewireManager->update(Array, Array, Array)
#29 D:\\Backend-game-topup\\web\\project\\vendor\\laravel\\framework\\src\\Illuminate\\Routing\\ControllerDispatcher.php(46): Livewire\\Mechanisms\\HandleRequests\\HandleRequests->handleUpdate()
#30 D:\\Backend-game-topup\\web\\project\\vendor\\laravel\\framework\\src\\Illuminate\\Routing\\Route.php(265): Illuminate\\Routing\\ControllerDispatcher->dispatch(Object(Illuminate\\Routing\\Route), Object(Livewire\\Mechanisms\\HandleRequests\\HandleRequests), 'handleUpdate')
#31 D:\\Backend-game-topup\\web\\project\\vendor\\laravel\\framework\\src\\Illuminate\\Routing\\Route.php(211): Illuminate\\Routing\\Route->runController()
#32 D:\\Backend-game-topup\\web\\project\\vendor\\laravel\\framework\\src\\Illuminate\\Routing\\Router.php(822): Illuminate\\Routing\\Route->run()
#33 D:\\Backend-game-topup\\web\\project\\vendor\\laravel\\framework\\src\\Illuminate\\Pipeline\\Pipeline.php(180): Illuminate\\Routing\\Router->{closure:Illuminate\\Routing\\Router::runRouteWithinStack():821}(Object(Illuminate\\Http\\Request))
#34 D:\\Backend-game-topup\\web\\project\\app\\Http\\Middleware\\LanguageDetectMiddleware.php(24): Illuminate\\Pipeline\\Pipeline->{closure:Illuminate\\Pipeline\\Pipeline::prepareDestination():178}(Object(Illuminate\\Http\\Request))
#35 D:\\Backend-game-topup\\web\\project\\vendor\\laravel\\framework\\src\\Illuminate\\Pipeline\\Pipeline.php(219): App\\Http\\Middleware\\LanguageDetectMiddleware->handle(Object(Illuminate\\Http\\Request), Object(Closure))
#36 D:\\Backend-game-topup\\web\\project\\app\\Http\\Middleware\\TrackVisitors.php(33): Illuminate\\Pipeline\\Pipeline->{closure:{closure:Illuminate\\Pipeline\\Pipeline::carry():194}:195}(Object(Illuminate\\Http\\Request))
#37 D:\\Backend-game-topup\\web\\project\\vendor\\laravel\\framework\\src\\Illuminate\\Pipeline\\Pipeline.php(219): App\\Http\\Middleware\\TrackVisitors->handle(Object(Illuminate\\Http\\Request), Object(Closure))
#38 D:\\Backend-game-topup\\web\\project\\app\\Http\\Middleware\\AddExpirationDateToCookie.php(21): Illuminate\\Pipeline\\Pipeline->{closure:{closure:Illuminate\\Pipeline\\Pipeline::carry():194}:195}(Object(Illuminate\\Http\\Request))
#39 D:\\Backend-game-topup\\web\\project\\vendor\\laravel\\framework\\src\\Illuminate\\Pipeline\\Pipeline.php(219): App\\Http\\Middleware\\AddExpirationDateToCookie->handle(Object(Illuminate\\Http\\Request), Object(Closure))
#40 D:\\Backend-game-topup\\web\\project\\vendor\\laravel\\framework\\src\\Illuminate\\Routing\\Middleware\\SubstituteBindings.php(50): Illuminate\\Pipeline\\Pipeline->{closure:{closure:Illuminate\\Pipeline\\Pipeline::carry():194}:195}(Object(Illuminate\\Http\\Request))
#41 D:\\Backend-game-topup\\web\\project\\vendor\\laravel\\framework\\src\\Illuminate\\Pipeline\\Pipeline.php(219): Illuminate\\Routing\\Middleware\\SubstituteBindings->handle(Object(Illuminate\\Http\\Request), Object(Closure))
#42 D:\\Backend-game-topup\\web\\project\\app\\Http\\Middleware\\VerifyCsrfToken.php(31): Illuminate\\Pipeline\\Pipeline->{closure:{closure:Illuminate\\Pipeline\\Pipeline::carry():194}:195}(Object(Illuminate\\Http\\Request))
#43 D:\\Backend-game-topup\\web\\project\\vendor\\laravel\\framework\\src\\Illuminate\\Pipeline\\Pipeline.php(219): App\\Http\\Middleware\\VerifyCsrfToken->handle(Object(Illuminate\\Http\\Request), Object(Closure))
#44 D:\\Backend-game-topup\\web\\project\\vendor\\laravel\\framework\\src\\Illuminate\\View\\Middleware\\ShareErrorsFromSession.php(48): Illuminate\\Pipeline\\Pipeline->{closure:{closure:Illuminate\\Pipeline\\Pipeline::carry():194}:195}(Object(Illuminate\\Http\\Request))
#45 D:\\Backend-game-topup\\web\\project\\vendor\\laravel\\framework\\src\\Illuminate\\Pipeline\\Pipeline.php(219): Illuminate\\View\\Middleware\\ShareErrorsFromSession->handle(Object(Illuminate\\Http\\Request), Object(Closure))
#46 D:\\Backend-game-topup\\web\\project\\vendor\\laravel\\framework\\src\\Illuminate\\Session\\Middleware\\StartSession.php(120): Illuminate\\Pipeline\\Pipeline->{closure:{closure:Illuminate\\Pipeline\\Pipeline::carry():194}:195}(Object(Illuminate\\Http\\Request))
#47 D:\\Backend-game-topup\\web\\project\\vendor\\laravel\\framework\\src\\Illuminate\\Session\\Middleware\\StartSession.php(63): Illuminate\\Session\\Middleware\\StartSession->handleStatefulRequest(Object(Illuminate\\Http\\Request), Object(Illuminate\\Session\\EncryptedStore), Object(Closure))
#48 D:\\Backend-game-topup\\web\\project\\vendor\\laravel\\framework\\src\\Illuminate\\Pipeline\\Pipeline.php(219): Illuminate\\Session\\Middleware\\StartSession->handle(Object(Illuminate\\Http\\Request), Object(Closure))
#49 D:\\Backend-game-topup\\web\\project\\vendor\\laravel\\framework\\src\\Illuminate\\Cookie\\Middleware\\AddQueuedCookiesToResponse.php(36): Illuminate\\Pipeline\\Pipeline->{closure:{closure:Illuminate\\Pipeline\\Pipeline::carry():194}:195}(Object(Illuminate\\Http\\Request))
#50 D:\\Backend-game-topup\\web\\project\\vendor\\laravel\\framework\\src\\Illuminate\\Pipeline\\Pipeline.php(219): Illuminate\\Cookie\\Middleware\\AddQueuedCookiesToResponse->handle(Object(Illuminate\\Http\\Request), Object(Closure))
#51 D:\\Backend-game-topup\\web\\project\\vendor\\laravel\\framework\\src\\Illuminate\\Cookie\\Middleware\\EncryptCookies.php(74): Illuminate\\Pipeline\\Pipeline->{closure:{closure:Illuminate\\Pipeline\\Pipeline::carry():194}:195}(Object(Illuminate\\Http\\Request))
#52 D:\\Backend-game-topup\\web\\project\\vendor\\laravel\\framework\\src\\Illuminate\\Pipeline\\Pipeline.php(219): Illuminate\\Cookie\\Middleware\\EncryptCookies->handle(Object(Illuminate\\Http\\Request), Object(Closure))
#53 D:\\Backend-game-topup\\web\\project\\vendor\\laravel\\framework\\src\\Illuminate\\Pipeline\\Pipeline.php(137): Illuminate\\Pipeline\\Pipeline->{closure:{closure:Illuminate\\Pipeline\\Pipeline::carry():194}:195}(Object(Illuminate\\Http\\Request))
#54 D:\\Backend-game-topup\\web\\project\\vendor\\laravel\\framework\\src\\Illuminate\\Routing\\Router.php(821): Illuminate\\Pipeline\\Pipeline->then(Object(Closure))
#55 D:\\Backend-game-topup\\web\\project\\vendor\\laravel\\framework\\src\\Illuminate\\Routing\\Router.php(800): Illuminate\\Routing\\Router->runRouteWithinStack(Object(Illuminate\\Routing\\Route), Object(Illuminate\\Http\\Request))
#56 D:\\Backend-game-topup\\web\\project\\vendor\\laravel\\framework\\src\\Illuminate\\Routing\\Router.php(764): Illuminate\\Routing\\Router->runRoute(Object(Illuminate\\Http\\Request), Object(Illuminate\\Routing\\Route))
#57 D:\\Backend-game-topup\\web\\project\\vendor\\laravel\\framework\\src\\Illuminate\\Routing\\Router.php(753): Illuminate\\Routing\\Router->dispatchToRoute(Object(Illuminate\\Http\\Request))
#58 D:\\Backend-game-topup\\web\\project\\vendor\\laravel\\framework\\src\\Illuminate\\Foundation\\Http\\Kernel.php(200): Illuminate\\Routing\\Router->dispatch(Object(Illuminate\\Http\\Request))
#59 D:\\Backend-game-topup\\web\\project\\vendor\\laravel\\framework\\src\\Illuminate\\Pipeline\\Pipeline.php(180): Illuminate\\Foundation\\Http\\Kernel->{closure:Illuminate\\Foundation\\Http\\Kernel::dispatchToRouter():197}(Object(Illuminate\\Http\\Request))
#60 D:\\Backend-game-topup\\web\\project\\vendor\\livewire\\livewire\\src\\Features\\SupportDisablingBackButtonCache\\DisableBackButtonCacheMiddleware.php(19): Illuminate\\Pipeline\\Pipeline->{closure:Illuminate\\Pipeline\\Pipeline::prepareDestination():178}(Object(Illuminate\\Http\\Request))
#61 D:\\Backend-game-topup\\web\\project\\vendor\\laravel\\framework\\src\\Illuminate\\Pipeline\\Pipeline.php(219): Livewire\\Features\\SupportDisablingBackButtonCache\\DisableBackButtonCacheMiddleware->handle(Object(Illuminate\\Http\\Request), Object(Closure))
#62 D:\\Backend-game-topup\\web\\project\\vendor\\laravel\\framework\\src\\Illuminate\\Foundation\\Http\\Middleware\\ConvertEmptyStringsToNull.php(27): Illuminate\\Pipeline\\Pipeline->{closure:{closure:Illuminate\\Pipeline\\Pipeline::carry():194}:195}(Object(Illuminate\\Http\\Request))
#63 D:\\Backend-game-topup\\web\\project\\vendor\\laravel\\framework\\src\\Illuminate\\Pipeline\\Pipeline.php(219): Illuminate\\Foundation\\Http\\Middleware\\ConvertEmptyStringsToNull->handle(Object(Illuminate\\Http\\Request), Object(Closure))
#64 D:\\Backend-game-topup\\web\\project\\vendor\\laravel\\framework\\src\\Illuminate\\Foundation\\Http\\Middleware\\TrimStrings.php(47): Illuminate\\Pipeline\\Pipeline->{closure:{closure:Illuminate\\Pipeline\\Pipeline::carry():194}:195}(Object(Illuminate\\Http\\Request))
#65 D:\\Backend-game-topup\\web\\project\\vendor\\laravel\\framework\\src\\Illuminate\\Pipeline\\Pipeline.php(219): Illuminate\\Foundation\\Http\\Middleware\\TrimStrings->handle(Object(Illuminate\\Http\\Request), Object(Closure))
#66 D:\\Backend-game-topup\\web\\project\\vendor\\laravel\\framework\\src\\Illuminate\\Http\\Middleware\\ValidatePostSize.php(27): Illuminate\\Pipeline\\Pipeline->{closure:{closure:Illuminate\\Pipeline\\Pipeline::carry():194}:195}(Object(Illuminate\\Http\\Request))
#67 D:\\Backend-game-topup\\web\\project\\vendor\\laravel\\framework\\src\\Illuminate\\Pipeline\\Pipeline.php(219): Illuminate\\Http\\Middleware\\ValidatePostSize->handle(Object(Illuminate\\Http\\Request), Object(Closure))
#68 D:\\Backend-game-topup\\web\\project\\vendor\\laravel\\framework\\src\\Illuminate\\Foundation\\Http\\Middleware\\PreventRequestsDuringMaintenance.php(109): Illuminate\\Pipeline\\Pipeline->{closure:{closure:Illuminate\\Pipeline\\Pipeline::carry():194}:195}(Object(Illuminate\\Http\\Request))
#69 D:\\Backend-game-topup\\web\\project\\vendor\\laravel\\framework\\src\\Illuminate\\Pipeline\\Pipeline.php(219): Illuminate\\Foundation\\Http\\Middleware\\PreventRequestsDuringMaintenance->handle(Object(Illuminate\\Http\\Request), Object(Closure))
#70 D:\\Backend-game-topup\\web\\project\\vendor\\laravel\\framework\\src\\Illuminate\\Http\\Middleware\\HandleCors.php(48): Illuminate\\Pipeline\\Pipeline->{closure:{closure:Illuminate\\Pipeline\\Pipeline::carry():194}:195}(Object(Illuminate\\Http\\Request))
#71 D:\\Backend-game-topup\\web\\project\\vendor\\laravel\\framework\\src\\Illuminate\\Pipeline\\Pipeline.php(219): Illuminate\\Http\\Middleware\\HandleCors->handle(Object(Illuminate\\Http\\Request), Object(Closure))
#72 D:\\Backend-game-topup\\web\\project\\vendor\\laravel\\framework\\src\\Illuminate\\Http\\Middleware\\TrustProxies.php(58): Illuminate\\Pipeline\\Pipeline->{closure:{closure:Illuminate\\Pipeline\\Pipeline::carry():194}:195}(Object(Illuminate\\Http\\Request))
#73 D:\\Backend-game-topup\\web\\project\\vendor\\laravel\\framework\\src\\Illuminate\\Pipeline\\Pipeline.php(219): Illuminate\\Http\\Middleware\\TrustProxies->handle(Object(Illuminate\\Http\\Request), Object(Closure))
#74 D:\\Backend-game-topup\\web\\project\\vendor\\laravel\\framework\\src\\Illuminate\\Http\\Middleware\\TrustHosts.php(78): Illuminate\\Pipeline\\Pipeline->{closure:{closure:Illuminate\\Pipeline\\Pipeline::carry():194}:195}(Object(Illuminate\\Http\\Request))
#75 D:\\Backend-game-topup\\web\\project\\vendor\\laravel\\framework\\src\\Illuminate\\Pipeline\\Pipeline.php(219): Illuminate\\Http\\Middleware\\TrustHosts->handle(Object(Illuminate\\Http\\Request), Object(Closure))
#76 D:\\Backend-game-topup\\web\\project\\vendor\\laravel\\framework\\src\\Illuminate\\Pipeline\\Pipeline.php(137): Illuminate\\Pipeline\\Pipeline->{closure:{closure:Illuminate\\Pipeline\\Pipeline::carry():194}:195}(Object(Illuminate\\Http\\Request))
#77 D:\\Backend-game-topup\\web\\project\\vendor\\laravel\\framework\\src\\Illuminate\\Foundation\\Http\\Kernel.php(175): Illuminate\\Pipeline\\Pipeline->then(Object(Closure))
#78 D:\\Backend-game-topup\\web\\project\\vendor\\laravel\\framework\\src\\Illuminate\\Foundation\\Http\\Kernel.php(144): Illuminate\\Foundation\\Http\\Kernel->sendRequestThroughRouter(Object(Illuminate\\Http\\Request))
#79 D:\\Backend-game-topup\\web\\project\\public\\index.php(51): Illuminate\\Foundation\\Http\\Kernel->handle(Object(Illuminate\\Http\\Request))
#80 D:\\Backend-game-topup\\web\\project\\server.php(21): require_once('D:\\\\Backend-game...')
#81 {main}

[previous exception] [object] (PDOException(code: 2002): SQLSTATE[HY000] [2002] No connection could be made because the target machine actively refused it at D:\\Backend-game-topup\\web\\project\\vendor\\laravel\\framework\\src\\Illuminate\\Database\\Connectors\\Connector.php:67)
[stacktrace]
#0 D:\\Backend-game-topup\\web\\project\\vendor\\laravel\\framework\\src\\Illuminate\\Database\\Connectors\\Connector.php(67): PDO::connect('mysql:host=loca...', 'root', Object(SensitiveParameterValue), Array)
#1 D:\\Backend-game-topup\\web\\project\\vendor\\laravel\\framework\\src\\Illuminate\\Database\\Connectors\\Connector.php(85): Illuminate\\Database\\Connectors\\Connector->createPdoConnection('mysql:host=loca...', 'root', Object(SensitiveParameterValue), Array)
#2 D:\\Backend-game-topup\\web\\project\\vendor\\laravel\\framework\\src\\Illuminate\\Database\\Connectors\\Connector.php(48): Illuminate\\Database\\Connectors\\Connector->tryAgainIfCausedByLostConnection(Object(PDOException), 'mysql:host=loca...', 'root', Object(SensitiveParameterValue), Array)
#3 D:\\Backend-game-topup\\web\\project\\vendor\\laravel\\framework\\src\\Illuminate\\Database\\Connectors\\MySqlConnector.php(24): Illuminate\\Database\\Connectors\\Connector->createConnection('mysql:host=loca...', Array, Array)
#4 D:\\Backend-game-topup\\web\\project\\vendor\\laravel\\framework\\src\\Illuminate\\Database\\Connectors\\ConnectionFactory.php(184): Illuminate\\Database\\Connectors\\MySqlConnector->connect(Array)
#5 [internal function]: Illuminate\\Database\\Connectors\\ConnectionFactory->{closure:Illuminate\\Database\\Connectors\\ConnectionFactory::createPdoResolverWithHosts():179}()
#6 D:\\Backend-game-topup\\web\\project\\vendor\\laravel\\framework\\src\\Illuminate\\Database\\Connection.php(1230): call_user_func(Object(Closure))
#7 D:\\Backend-game-topup\\web\\project\\vendor\\laravel\\framework\\src\\Illuminate\\Database\\Connection.php(1266): Illuminate\\Database\\Connection->getPdo()
#8 D:\\Backend-game-topup\\web\\project\\vendor\\laravel\\framework\\src\\Illuminate\\Database\\Connection.php(511): Illuminate\\Database\\Connection->getReadPdo()
#9 D:\\Backend-game-topup\\web\\project\\vendor\\laravel\\framework\\src\\Illuminate\\Database\\Connection.php(406): Illuminate\\Database\\Connection->getPdoForSelect(true)
#10 D:\\Backend-game-topup\\web\\project\\vendor\\laravel\\framework\\src\\Illuminate\\Database\\Connection.php(811): Illuminate\\Database\\Connection->{closure:Illuminate\\Database\\Connection::select():397}('select * from `...', Array)
#11 D:\\Backend-game-topup\\web\\project\\vendor\\laravel\\framework\\src\\Illuminate\\Database\\Connection.php(978): Illuminate\\Database\\Connection->runQueryCallback('select * from `...', Array, Object(Closure))
#12 D:\\Backend-game-topup\\web\\project\\vendor\\laravel\\framework\\src\\Illuminate\\Database\\Connection.php(957): Illuminate\\Database\\Connection->tryAgainIfCausedByLostConnection(Object(Illuminate\\Database\\QueryException), 'select * from `...', Array, Object(Closure))
#13 D:\\Backend-game-topup\\web\\project\\vendor\\laravel\\framework\\src\\Illuminate\\Database\\Connection.php(780): Illuminate\\Database\\Connection->handleQueryException(Object(Illuminate\\Database\\QueryException), 'select * from `...', Array, Object(Closure))
#14 D:\\Backend-game-topup\\web\\project\\vendor\\laravel\\framework\\src\\Illuminate\\Database\\Connection.php(397): Illuminate\\Database\\Connection->run('select * from `...', Array, Object(Closure))
#15 D:\\Backend-game-topup\\web\\project\\vendor\\laravel\\framework\\src\\Illuminate\\Database\\Query\\Builder.php(3188): Illuminate\\Database\\Connection->select('select * from `...', Array, true)
#16 D:\\Backend-game-topup\\web\\project\\vendor\\laravel\\framework\\src\\Illuminate\\Database\\Query\\Builder.php(3173): Illuminate\\Database\\Query\\Builder->runSelect()
#17 D:\\Backend-game-topup\\web\\project\\vendor\\laravel\\framework\\src\\Illuminate\\Database\\Query\\Builder.php(3763): Illuminate\\Database\\Query\\Builder->{closure:Illuminate\\Database\\Query\\Builder::get():3172}()
#18 D:\\Backend-game-topup\\web\\project\\vendor\\laravel\\framework\\src\\Illuminate\\Database\\Query\\Builder.php(3172): Illuminate\\Database\\Query\\Builder->onceWithColumns(Array, Object(Closure))
#19 D:\\Backend-game-topup\\web\\project\\vendor\\laravel\\framework\\src\\Illuminate\\Database\\Eloquent\\Builder.php(902): Illuminate\\Database\\Query\\Builder->get(Array)
#20 D:\\Backend-game-topup\\web\\project\\vendor\\laravel\\framework\\src\\Illuminate\\Database\\Eloquent\\Builder.php(884): Illuminate\\Database\\Eloquent\\Builder->getModels(Array)
#21 D:\\Backend-game-topup\\web\\project\\vendor\\laravel\\framework\\src\\Illuminate\\Database\\Concerns\\BuildsQueries.php(366): Illuminate\\Database\\Eloquent\\Builder->get(Array)
#22 D:\\Backend-game-topup\\web\\project\\vendor\\laravel\\framework\\src\\Illuminate\\Auth\\EloquentUserProvider.php(58): Illuminate\\Database\\Eloquent\\Builder->first()
#23 D:\\Backend-game-topup\\web\\project\\vendor\\laravel\\framework\\src\\Illuminate\\Auth\\SessionGuard.php(179): Illuminate\\Auth\\EloquentUserProvider->retrieveById(350)
#24 D:\\Backend-game-topup\\web\\project\\vendor\\laravel\\framework\\src\\Illuminate\\Auth\\GuardHelpers.php(56): Illuminate\\Auth\\SessionGuard->user()
#25 D:\\Backend-game-topup\\web\\project\\vendor\\filament\\filament\\src\\Http\\Middleware\\Authenticate.php(19): Illuminate\\Auth\\SessionGuard->check()
#26 D:\\Backend-game-topup\\web\\project\\vendor\\laravel\\framework\\src\\Illuminate\\Auth\\Middleware\\Authenticate.php(61): Filament\\Http\\Middleware\\Authenticate->authenticate(Object(Illuminate\\Http\\Request), Array)
#27 D:\\Backend-game-topup\\web\\project\\vendor\\laravel\\framework\\src\\Illuminate\\Pipeline\\Pipeline.php(219): Illuminate\\Auth\\Middleware\\Authenticate->handle(Object(Illuminate\\Http\\Request), Object(Closure))
#28 D:\\Backend-game-topup\\web\\project\\vendor\\filament\\filament\\src\\Http\\Middleware\\SetUpPanel.php(19): Illuminate\\Pipeline\\Pipeline->{closure:{closure:Illuminate\\Pipeline\\Pipeline::carry():194}:195}(Object(Illuminate\\Http\\Request))
#29 D:\\Backend-game-topup\\web\\project\\vendor\\laravel\\framework\\src\\Illuminate\\Pipeline\\Pipeline.php(219): Filament\\Http\\Middleware\\SetUpPanel->handle(Object(Illuminate\\Http\\Request), Object(Closure), Object(Filament\\Panel))
#30 D:\\Backend-game-topup\\web\\project\\vendor\\laravel\\framework\\src\\Illuminate\\Pipeline\\Pipeline.php(137): Illuminate\\Pipeline\\Pipeline->{closure:{closure:Illuminate\\Pipeline\\Pipeline::carry():194}:195}(Object(Illuminate\\Http\\Request))
#31 D:\\Backend-game-topup\\web\\project\\vendor\\livewire\\livewire\\src\\Drawer\\Utils.php(182): Illuminate\\Pipeline\\Pipeline->then(Object(Closure))
#32 D:\\Backend-game-topup\\web\\project\\vendor\\livewire\\livewire\\src\\Mechanisms\\PersistentMiddleware\\PersistentMiddleware.php(98): Livewire\\Drawer\\Utils::applyMiddleware(Object(Illuminate\\Http\\Request), Array)
#33 D:\\Backend-game-topup\\web\\project\\vendor\\livewire\\livewire\\src\\Mechanisms\\PersistentMiddleware\\PersistentMiddleware.php(43): Livewire\\Mechanisms\\PersistentMiddleware\\PersistentMiddleware->applyPersistentMiddleware()
#34 D:\\Backend-game-topup\\web\\project\\vendor\\livewire\\livewire\\src\\EventBus.php(60): Livewire\\Mechanisms\\PersistentMiddleware\\PersistentMiddleware->{closure:Livewire\\Mechanisms\\PersistentMiddleware\\PersistentMiddleware::boot():37}(Array)
#35 D:\\Backend-game-topup\\web\\project\\vendor\\livewire\\livewire\\src\\helpers.php(98): Livewire\\EventBus->trigger('snapshot-verifi...', Array)
#36 D:\\Backend-game-topup\\web\\project\\vendor\\livewire\\livewire\\src\\Mechanisms\\HandleComponents\\HandleComponents.php(126): Livewire\\trigger('snapshot-verifi...', Array)
#37 D:\\Backend-game-topup\\web\\project\\vendor\\livewire\\livewire\\src\\Mechanisms\\HandleComponents\\HandleComponents.php(92): Livewire\\Mechanisms\\HandleComponents\\HandleComponents->fromSnapshot(Array)
#38 D:\\Backend-game-topup\\web\\project\\vendor\\livewire\\livewire\\src\\LivewireManager.php(102): Livewire\\Mechanisms\\HandleComponents\\HandleComponents->update(Array, Array, Array)
#39 D:\\Backend-game-topup\\web\\project\\vendor\\livewire\\livewire\\src\\Mechanisms\\HandleRequests\\HandleRequests.php(94): Livewire\\LivewireManager->update(Array, Array, Array)
#40 D:\\Backend-game-topup\\web\\project\\vendor\\laravel\\framework\\src\\Illuminate\\Routing\\ControllerDispatcher.php(46): Livewire\\Mechanisms\\HandleRequests\\HandleRequests->handleUpdate()
#41 D:\\Backend-game-topup\\web\\project\\vendor\\laravel\\framework\\src\\Illuminate\\Routing\\Route.php(265): Illuminate\\Routing\\ControllerDispatcher->dispatch(Object(Illuminate\\Routing\\Route), Object(Livewire\\Mechanisms\\HandleRequests\\HandleRequests), 'handleUpdate')
#42 D:\\Backend-game-topup\\web\\project\\vendor\\laravel\\framework\\src\\Illuminate\\Routing\\Route.php(211): Illuminate\\Routing\\Route->runController()
#43 D:\\Backend-game-topup\\web\\project\\vendor\\laravel\\framework\\src\\Illuminate\\Routing\\Router.php(822): Illuminate\\Routing\\Route->run()
#44 D:\\Backend-game-topup\\web\\project\\vendor\\laravel\\framework\\src\\Illuminate\\Pipeline\\Pipeline.php(180): Illuminate\\Routing\\Router->{closure:Illuminate\\Routing\\Router::runRouteWithinStack():821}(Object(Illuminate\\Http\\Request))
#45 D:\\Backend-game-topup\\web\\project\\app\\Http\\Middleware\\LanguageDetectMiddleware.php(24): Illuminate\\Pipeline\\Pipeline->{closure:Illuminate\\Pipeline\\Pipeline::prepareDestination():178}(Object(Illuminate\\Http\\Request))
#46 D:\\Backend-game-topup\\web\\project\\vendor\\laravel\\framework\\src\\Illuminate\\Pipeline\\Pipeline.php(219): App\\Http\\Middleware\\LanguageDetectMiddleware->handle(Object(Illuminate\\Http\\Request), Object(Closure))
#47 D:\\Backend-game-topup\\web\\project\\app\\Http\\Middleware\\TrackVisitors.php(33): Illuminate\\Pipeline\\Pipeline->{closure:{closure:Illuminate\\Pipeline\\Pipeline::carry():194}:195}(Object(Illuminate\\Http\\Request))
#48 D:\\Backend-game-topup\\web\\project\\vendor\\laravel\\framework\\src\\Illuminate\\Pipeline\\Pipeline.php(219): App\\Http\\Middleware\\TrackVisitors->handle(Object(Illuminate\\Http\\Request), Object(Closure))
#49 D:\\Backend-game-topup\\web\\project\\app\\Http\\Middleware\\AddExpirationDateToCookie.php(21): Illuminate\\Pipeline\\Pipeline->{closure:{closure:Illuminate\\Pipeline\\Pipeline::carry():194}:195}(Object(Illuminate\\Http\\Request))
#50 D:\\Backend-game-topup\\web\\project\\vendor\\laravel\\framework\\src\\Illuminate\\Pipeline\\Pipeline.php(219): App\\Http\\Middleware\\AddExpirationDateToCookie->handle(Object(Illuminate\\Http\\Request), Object(Closure))
#51 D:\\Backend-game-topup\\web\\project\\vendor\\laravel\\framework\\src\\Illuminate\\Routing\\Middleware\\SubstituteBindings.php(50): Illuminate\\Pipeline\\Pipeline->{closure:{closure:Illuminate\\Pipeline\\Pipeline::carry():194}:195}(Object(Illuminate\\Http\\Request))
#52 D:\\Backend-game-topup\\web\\project\\vendor\\laravel\\framework\\src\\Illuminate\\Pipeline\\Pipeline.php(219): Illuminate\\Routing\\Middleware\\SubstituteBindings->handle(Object(Illuminate\\Http\\Request), Object(Closure))
#53 D:\\Backend-game-topup\\web\\project\\app\\Http\\Middleware\\VerifyCsrfToken.php(31): Illuminate\\Pipeline\\Pipeline->{closure:{closure:Illuminate\\Pipeline\\Pipeline::carry():194}:195}(Object(Illuminate\\Http\\Request))
#54 D:\\Backend-game-topup\\web\\project\\vendor\\laravel\\framework\\src\\Illuminate\\Pipeline\\Pipeline.php(219): App\\Http\\Middleware\\VerifyCsrfToken->handle(Object(Illuminate\\Http\\Request), Object(Closure))
#55 D:\\Backend-game-topup\\web\\project\\vendor\\laravel\\framework\\src\\Illuminate\\View\\Middleware\\ShareErrorsFromSession.php(48): Illuminate\\Pipeline\\Pipeline->{closure:{closure:Illuminate\\Pipeline\\Pipeline::carry():194}:195}(Object(Illuminate\\Http\\Request))
#56 D:\\Backend-game-topup\\web\\project\\vendor\\laravel\\framework\\src\\Illuminate\\Pipeline\\Pipeline.php(219): Illuminate\\View\\Middleware\\ShareErrorsFromSession->handle(Object(Illuminate\\Http\\Request), Object(Closure))
#57 D:\\Backend-game-topup\\web\\project\\vendor\\laravel\\framework\\src\\Illuminate\\Session\\Middleware\\StartSession.php(120): Illuminate\\Pipeline\\Pipeline->{closure:{closure:Illuminate\\Pipeline\\Pipeline::carry():194}:195}(Object(Illuminate\\Http\\Request))
#58 D:\\Backend-game-topup\\web\\project\\vendor\\laravel\\framework\\src\\Illuminate\\Session\\Middleware\\StartSession.php(63): Illuminate\\Session\\Middleware\\StartSession->handleStatefulRequest(Object(Illuminate\\Http\\Request), Object(Illuminate\\Session\\EncryptedStore), Object(Closure))
#59 D:\\Backend-game-topup\\web\\project\\vendor\\laravel\\framework\\src\\Illuminate\\Pipeline\\Pipeline.php(219): Illuminate\\Session\\Middleware\\StartSession->handle(Object(Illuminate\\Http\\Request), Object(Closure))
#60 D:\\Backend-game-topup\\web\\project\\vendor\\laravel\\framework\\src\\Illuminate\\Cookie\\Middleware\\AddQueuedCookiesToResponse.php(36): Illuminate\\Pipeline\\Pipeline->{closure:{closure:Illuminate\\Pipeline\\Pipeline::carry():194}:195}(Object(Illuminate\\Http\\Request))
#61 D:\\Backend-game-topup\\web\\project\\vendor\\laravel\\framework\\src\\Illuminate\\Pipeline\\Pipeline.php(219): Illuminate\\Cookie\\Middleware\\AddQueuedCookiesToResponse->handle(Object(Illuminate\\Http\\Request), Object(Closure))
#62 D:\\Backend-game-topup\\web\\project\\vendor\\laravel\\framework\\src\\Illuminate\\Cookie\\Middleware\\EncryptCookies.php(74): Illuminate\\Pipeline\\Pipeline->{closure:{closure:Illuminate\\Pipeline\\Pipeline::carry():194}:195}(Object(Illuminate\\Http\\Request))
#63 D:\\Backend-game-topup\\web\\project\\vendor\\laravel\\framework\\src\\Illuminate\\Pipeline\\Pipeline.php(219): Illuminate\\Cookie\\Middleware\\EncryptCookies->handle(Object(Illuminate\\Http\\Request), Object(Closure))
#64 D:\\Backend-game-topup\\web\\project\\vendor\\laravel\\framework\\src\\Illuminate\\Pipeline\\Pipeline.php(137): Illuminate\\Pipeline\\Pipeline->{closure:{closure:Illuminate\\Pipeline\\Pipeline::carry():194}:195}(Object(Illuminate\\Http\\Request))
#65 D:\\Backend-game-topup\\web\\project\\vendor\\laravel\\framework\\src\\Illuminate\\Routing\\Router.php(821): Illuminate\\Pipeline\\Pipeline->then(Object(Closure))
#66 D:\\Backend-game-topup\\web\\project\\vendor\\laravel\\framework\\src\\Illuminate\\Routing\\Router.php(800): Illuminate\\Routing\\Router->runRouteWithinStack(Object(Illuminate\\Routing\\Route), Object(Illuminate\\Http\\Request))
#67 D:\\Backend-game-topup\\web\\project\\vendor\\laravel\\framework\\src\\Illuminate\\Routing\\Router.php(764): Illuminate\\Routing\\Router->runRoute(Object(Illuminate\\Http\\Request), Object(Illuminate\\Routing\\Route))
#68 D:\\Backend-game-topup\\web\\project\\vendor\\laravel\\framework\\src\\Illuminate\\Routing\\Router.php(753): Illuminate\\Routing\\Router->dispatchToRoute(Object(Illuminate\\Http\\Request))
#69 D:\\Backend-game-topup\\web\\project\\vendor\\laravel\\framework\\src\\Illuminate\\Foundation\\Http\\Kernel.php(200): Illuminate\\Routing\\Router->dispatch(Object(Illuminate\\Http\\Request))
#70 D:\\Backend-game-topup\\web\\project\\vendor\\laravel\\framework\\src\\Illuminate\\Pipeline\\Pipeline.php(180): Illuminate\\Foundation\\Http\\Kernel->{closure:Illuminate\\Foundation\\Http\\Kernel::dispatchToRouter():197}(Object(Illuminate\\Http\\Request))
#71 D:\\Backend-game-topup\\web\\project\\vendor\\livewire\\livewire\\src\\Features\\SupportDisablingBackButtonCache\\DisableBackButtonCacheMiddleware.php(19): Illuminate\\Pipeline\\Pipeline->{closure:Illuminate\\Pipeline\\Pipeline::prepareDestination():178}(Object(Illuminate\\Http\\Request))
#72 D:\\Backend-game-topup\\web\\project\\vendor\\laravel\\framework\\src\\Illuminate\\Pipeline\\Pipeline.php(219): Livewire\\Features\\SupportDisablingBackButtonCache\\DisableBackButtonCacheMiddleware->handle(Object(Illuminate\\Http\\Request), Object(Closure))
#73 D:\\Backend-game-topup\\web\\project\\vendor\\laravel\\framework\\src\\Illuminate\\Foundation\\Http\\Middleware\\ConvertEmptyStringsToNull.php(27): Illuminate\\Pipeline\\Pipeline->{closure:{closure:Illuminate\\Pipeline\\Pipeline::carry():194}:195}(Object(Illuminate\\Http\\Request))
#74 D:\\Backend-game-topup\\web\\project\\vendor\\laravel\\framework\\src\\Illuminate\\Pipeline\\Pipeline.php(219): Illuminate\\Foundation\\Http\\Middleware\\ConvertEmptyStringsToNull->handle(Object(Illuminate\\Http\\Request), Object(Closure))
#75 D:\\Backend-game-topup\\web\\project\\vendor\\laravel\\framework\\src\\Illuminate\\Foundation\\Http\\Middleware\\TrimStrings.php(47): Illuminate\\Pipeline\\Pipeline->{closure:{closure:Illuminate\\Pipeline\\Pipeline::carry():194}:195}(Object(Illuminate\\Http\\Request))
#76 D:\\Backend-game-topup\\web\\project\\vendor\\laravel\\framework\\src\\Illuminate\\Pipeline\\Pipeline.php(219): Illuminate\\Foundation\\Http\\Middleware\\TrimStrings->handle(Object(Illuminate\\Http\\Request), Object(Closure))
#77 D:\\Backend-game-topup\\web\\project\\vendor\\laravel\\framework\\src\\Illuminate\\Http\\Middleware\\ValidatePostSize.php(27): Illuminate\\Pipeline\\Pipeline->{closure:{closure:Illuminate\\Pipeline\\Pipeline::carry():194}:195}(Object(Illuminate\\Http\\Request))
#78 D:\\Backend-game-topup\\web\\project\\vendor\\laravel\\framework\\src\\Illuminate\\Pipeline\\Pipeline.php(219): Illuminate\\Http\\Middleware\\ValidatePostSize->handle(Object(Illuminate\\Http\\Request), Object(Closure))
#79 D:\\Backend-game-topup\\web\\project\\vendor\\laravel\\framework\\src\\Illuminate\\Foundation\\Http\\Middleware\\PreventRequestsDuringMaintenance.php(109): Illuminate\\Pipeline\\Pipeline->{closure:{closure:Illuminate\\Pipeline\\Pipeline::carry():194}:195}(Object(Illuminate\\Http\\Request))
#80 D:\\Backend-game-topup\\web\\project\\vendor\\laravel\\framework\\src\\Illuminate\\Pipeline\\Pipeline.php(219): Illuminate\\Foundation\\Http\\Middleware\\PreventRequestsDuringMaintenance->handle(Object(Illuminate\\Http\\Request), Object(Closure))
#81 D:\\Backend-game-topup\\web\\project\\vendor\\laravel\\framework\\src\\Illuminate\\Http\\Middleware\\HandleCors.php(48): Illuminate\\Pipeline\\Pipeline->{closure:{closure:Illuminate\\Pipeline\\Pipeline::carry():194}:195}(Object(Illuminate\\Http\\Request))
#82 D:\\Backend-game-topup\\web\\project\\vendor\\laravel\\framework\\src\\Illuminate\\Pipeline\\Pipeline.php(219): Illuminate\\Http\\Middleware\\HandleCors->handle(Object(Illuminate\\Http\\Request), Object(Closure))
#83 D:\\Backend-game-topup\\web\\project\\vendor\\laravel\\framework\\src\\Illuminate\\Http\\Middleware\\TrustProxies.php(58): Illuminate\\Pipeline\\Pipeline->{closure:{closure:Illuminate\\Pipeline\\Pipeline::carry():194}:195}(Object(Illuminate\\Http\\Request))
#84 D:\\Backend-game-topup\\web\\project\\vendor\\laravel\\framework\\src\\Illuminate\\Pipeline\\Pipeline.php(219): Illuminate\\Http\\Middleware\\TrustProxies->handle(Object(Illuminate\\Http\\Request), Object(Closure))
#85 D:\\Backend-game-topup\\web\\project\\vendor\\laravel\\framework\\src\\Illuminate\\Http\\Middleware\\TrustHosts.php(78): Illuminate\\Pipeline\\Pipeline->{closure:{closure:Illuminate\\Pipeline\\Pipeline::carry():194}:195}(Object(Illuminate\\Http\\Request))
#86 D:\\Backend-game-topup\\web\\project\\vendor\\laravel\\framework\\src\\Illuminate\\Pipeline\\Pipeline.php(219): Illuminate\\Http\\Middleware\\TrustHosts->handle(Object(Illuminate\\Http\\Request), Object(Closure))
#87 D:\\Backend-game-topup\\web\\project\\vendor\\laravel\\framework\\src\\Illuminate\\Pipeline\\Pipeline.php(137): Illuminate\\Pipeline\\Pipeline->{closure:{closure:Illuminate\\Pipeline\\Pipeline::carry():194}:195}(Object(Illuminate\\Http\\Request))
#88 D:\\Backend-game-topup\\web\\project\\vendor\\laravel\\framework\\src\\Illuminate\\Foundation\\Http\\Kernel.php(175): Illuminate\\Pipeline\\Pipeline->then(Object(Closure))
#89 D:\\Backend-game-topup\\web\\project\\vendor\\laravel\\framework\\src\\Illuminate\\Foundation\\Http\\Kernel.php(144): Illuminate\\Foundation\\Http\\Kernel->sendRequestThroughRouter(Object(Illuminate\\Http\\Request))
#90 D:\\Backend-game-topup\\web\\project\\public\\index.php(51): Illuminate\\Foundation\\Http\\Kernel->handle(Object(Illuminate\\Http\\Request))
#91 D:\\Backend-game-topup\\web\\project\\server.php(21): require_once('D:\\\\Backend-game...')
#92 {main}
"} 
[2025-10-17 16:44:21] local.ERROR: Exception occurred: Class "Filament\Forms\Components\Grid" not found {"exception":"[object] (Error(code: 0): Class \"Filament\\Forms\\Components\\Grid\" not found at D:\\Backend-game-topup\\web\\project\\app\\Filament\\Admin\\Resources\\Produks\\Schemas\\ProdukForm.php:59)
[stacktrace]
#0 D:\\Backend-game-topup\\web\\project\\app\\Filament\\Admin\\Resources\\Produks\\ProdukResource.php(39): App\\Filament\\Admin\\Resources\\Produks\\Schemas\\ProdukForm::configure(Object(Filament\\Schemas\\Schema))
#1 D:\\Backend-game-topup\\web\\project\\vendor\\filament\\filament\\src\\Resources\\Pages\\ListRecords.php(83): App\\Filament\\Admin\\Resources\\Produks\\ProdukResource::form(Object(Filament\\Schemas\\Schema))
#2 D:\\Backend-game-topup\\web\\project\\vendor\\filament\\filament\\src\\Resources\\Pages\\ListRecords.php(95): Filament\\Resources\\Pages\\ListRecords->form(Object(Filament\\Schemas\\Schema))
#3 D:\\Backend-game-topup\\web\\project\\vendor\\filament\\support\\src\\Concerns\\EvaluatesClosures.php(36): Filament\\Resources\\Pages\\ListRecords->{closure:Filament\\Resources\\Pages\\ListRecords::getDefaultActionSchemaResolver():95}(Object(Filament\\Schemas\\Schema))
#4 D:\\Backend-game-topup\\web\\project\\vendor\\filament\\actions\\src\\Concerns\\HasSchema.php(47): Filament\\Support\\Components\\Component->evaluate(Object(Closure), Array)
#5 D:\\Backend-game-topup\\web\\project\\vendor\\filament\\actions\\src\\Concerns\\InteractsWithActions.php(637): Filament\\Actions\\Action->getSchema(Object(Filament\\Schemas\\Schema))
#6 D:\\Backend-game-topup\\web\\project\\vendor\\filament\\actions\\src\\Concerns\\InteractsWithActions.php(479): Filament\\Pages\\BasePage->getMountedActionSchema(0, Object(Filament\\Actions\\ViewAction))
#7 D:\\Backend-game-topup\\web\\project\\vendor\\filament\\actions\\src\\Concerns\\InteractsWithActions.php(444): Filament\\Pages\\BasePage->resolveActions(Array)
#8 D:\\Backend-game-topup\\web\\project\\vendor\\filament\\actions\\src\\Concerns\\InteractsWithActions.php(431): Filament\\Pages\\BasePage->cacheMountedActions(Array)
#9 D:\\Backend-game-topup\\web\\project\\vendor\\filament\\actions\\src\\Concerns\\InteractsWithActions.php(116): Filament\\Pages\\BasePage->getMountedAction()
#10 D:\\Backend-game-topup\\web\\project\\vendor\\laravel\\framework\\src\\Illuminate\\Container\\BoundMethod.php(36): Filament\\Pages\\BasePage->mountAction('view', Array, Array)
#11 D:\\Backend-game-topup\\web\\project\\vendor\\laravel\\framework\\src\\Illuminate\\Container\\Util.php(43): Illuminate\\Container\\BoundMethod::{closure:Illuminate\\Container\\BoundMethod::call():35}()
#12 D:\\Backend-game-topup\\web\\project\\vendor\\laravel\\framework\\src\\Illuminate\\Container\\BoundMethod.php(96): Illuminate\\Container\\Util::unwrapIfClosure(Object(Closure))
#13 D:\\Backend-game-topup\\web\\project\\vendor\\laravel\\framework\\src\\Illuminate\\Container\\BoundMethod.php(35): Illuminate\\Container\\BoundMethod::callBoundMethod(Object(Illuminate\\Foundation\\Application), Array, Object(Closure))
#14 D:\\Backend-game-topup\\web\\project\\vendor\\livewire\\livewire\\src\\Wrapped.php(23): Illuminate\\Container\\BoundMethod::call(Object(Illuminate\\Foundation\\Application), Array, Array)
#15 D:\\Backend-game-topup\\web\\project\\vendor\\livewire\\livewire\\src\\Mechanisms\\HandleComponents\\HandleComponents.php(492): Livewire\\Wrapped->__call('mountAction', Array)
#16 D:\\Backend-game-topup\\web\\project\\vendor\\livewire\\livewire\\src\\Mechanisms\\HandleComponents\\HandleComponents.php(101): Livewire\\Mechanisms\\HandleComponents\\HandleComponents->callMethods(Object(App\\Filament\\Admin\\Resources\\Produks\\Pages\\ListProduks), Array, Object(Livewire\\Mechanisms\\HandleComponents\\ComponentContext))
#17 D:\\Backend-game-topup\\web\\project\\vendor\\livewire\\livewire\\src\\LivewireManager.php(102): Livewire\\Mechanisms\\HandleComponents\\HandleComponents->update(Array, Array, Array)
#18 D:\\Backend-game-topup\\web\\project\\vendor\\livewire\\livewire\\src\\Mechanisms\\HandleRequests\\HandleRequests.php(94): Livewire\\LivewireManager->update(Array, Array, Array)
#19 D:\\Backend-game-topup\\web\\project\\vendor\\laravel\\framework\\src\\Illuminate\\Routing\\ControllerDispatcher.php(46): Livewire\\Mechanisms\\HandleRequests\\HandleRequests->handleUpdate()
#20 D:\\Backend-game-topup\\web\\project\\vendor\\laravel\\framework\\src\\Illuminate\\Routing\\Route.php(265): Illuminate\\Routing\\ControllerDispatcher->dispatch(Object(Illuminate\\Routing\\Route), Object(Livewire\\Mechanisms\\HandleRequests\\HandleRequests), 'handleUpdate')
#21 D:\\Backend-game-topup\\web\\project\\vendor\\laravel\\framework\\src\\Illuminate\\Routing\\Route.php(211): Illuminate\\Routing\\Route->runController()
#22 D:\\Backend-game-topup\\web\\project\\vendor\\laravel\\framework\\src\\Illuminate\\Routing\\Router.php(822): Illuminate\\Routing\\Route->run()
#23 D:\\Backend-game-topup\\web\\project\\vendor\\laravel\\framework\\src\\Illuminate\\Pipeline\\Pipeline.php(180): Illuminate\\Routing\\Router->{closure:Illuminate\\Routing\\Router::runRouteWithinStack():821}(Object(Illuminate\\Http\\Request))
#24 D:\\Backend-game-topup\\web\\project\\app\\Http\\Middleware\\LanguageDetectMiddleware.php(24): Illuminate\\Pipeline\\Pipeline->{closure:Illuminate\\Pipeline\\Pipeline::prepareDestination():178}(Object(Illuminate\\Http\\Request))
#25 D:\\Backend-game-topup\\web\\project\\vendor\\laravel\\framework\\src\\Illuminate\\Pipeline\\Pipeline.php(219): App\\Http\\Middleware\\LanguageDetectMiddleware->handle(Object(Illuminate\\Http\\Request), Object(Closure))
#26 D:\\Backend-game-topup\\web\\project\\app\\Http\\Middleware\\TrackVisitors.php(33): Illuminate\\Pipeline\\Pipeline->{closure:{closure:Illuminate\\Pipeline\\Pipeline::carry():194}:195}(Object(Illuminate\\Http\\Request))
#27 D:\\Backend-game-topup\\web\\project\\vendor\\laravel\\framework\\src\\Illuminate\\Pipeline\\Pipeline.php(219): App\\Http\\Middleware\\TrackVisitors->handle(Object(Illuminate\\Http\\Request), Object(Closure))
#28 D:\\Backend-game-topup\\web\\project\\app\\Http\\Middleware\\AddExpirationDateToCookie.php(21): Illuminate\\Pipeline\\Pipeline->{closure:{closure:Illuminate\\Pipeline\\Pipeline::carry():194}:195}(Object(Illuminate\\Http\\Request))
#29 D:\\Backend-game-topup\\web\\project\\vendor\\laravel\\framework\\src\\Illuminate\\Pipeline\\Pipeline.php(219): App\\Http\\Middleware\\AddExpirationDateToCookie->handle(Object(Illuminate\\Http\\Request), Object(Closure))
#30 D:\\Backend-game-topup\\web\\project\\vendor\\laravel\\framework\\src\\Illuminate\\Routing\\Middleware\\SubstituteBindings.php(50): Illuminate\\Pipeline\\Pipeline->{closure:{closure:Illuminate\\Pipeline\\Pipeline::carry():194}:195}(Object(Illuminate\\Http\\Request))
#31 D:\\Backend-game-topup\\web\\project\\vendor\\laravel\\framework\\src\\Illuminate\\Pipeline\\Pipeline.php(219): Illuminate\\Routing\\Middleware\\SubstituteBindings->handle(Object(Illuminate\\Http\\Request), Object(Closure))
#32 D:\\Backend-game-topup\\web\\project\\app\\Http\\Middleware\\VerifyCsrfToken.php(31): Illuminate\\Pipeline\\Pipeline->{closure:{closure:Illuminate\\Pipeline\\Pipeline::carry():194}:195}(Object(Illuminate\\Http\\Request))
#33 D:\\Backend-game-topup\\web\\project\\vendor\\laravel\\framework\\src\\Illuminate\\Pipeline\\Pipeline.php(219): App\\Http\\Middleware\\VerifyCsrfToken->handle(Object(Illuminate\\Http\\Request), Object(Closure))
#34 D:\\Backend-game-topup\\web\\project\\vendor\\laravel\\framework\\src\\Illuminate\\View\\Middleware\\ShareErrorsFromSession.php(48): Illuminate\\Pipeline\\Pipeline->{closure:{closure:Illuminate\\Pipeline\\Pipeline::carry():194}:195}(Object(Illuminate\\Http\\Request))
#35 D:\\Backend-game-topup\\web\\project\\vendor\\laravel\\framework\\src\\Illuminate\\Pipeline\\Pipeline.php(219): Illuminate\\View\\Middleware\\ShareErrorsFromSession->handle(Object(Illuminate\\Http\\Request), Object(Closure))
#36 D:\\Backend-game-topup\\web\\project\\vendor\\laravel\\framework\\src\\Illuminate\\Session\\Middleware\\StartSession.php(120): Illuminate\\Pipeline\\Pipeline->{closure:{closure:Illuminate\\Pipeline\\Pipeline::carry():194}:195}(Object(Illuminate\\Http\\Request))
#37 D:\\Backend-game-topup\\web\\project\\vendor\\laravel\\framework\\src\\Illuminate\\Session\\Middleware\\StartSession.php(63): Illuminate\\Session\\Middleware\\StartSession->handleStatefulRequest(Object(Illuminate\\Http\\Request), Object(Illuminate\\Session\\EncryptedStore), Object(Closure))
#38 D:\\Backend-game-topup\\web\\project\\vendor\\laravel\\framework\\src\\Illuminate\\Pipeline\\Pipeline.php(219): Illuminate\\Session\\Middleware\\StartSession->handle(Object(Illuminate\\Http\\Request), Object(Closure))
#39 D:\\Backend-game-topup\\web\\project\\vendor\\laravel\\framework\\src\\Illuminate\\Cookie\\Middleware\\AddQueuedCookiesToResponse.php(36): Illuminate\\Pipeline\\Pipeline->{closure:{closure:Illuminate\\Pipeline\\Pipeline::carry():194}:195}(Object(Illuminate\\Http\\Request))
#40 D:\\Backend-game-topup\\web\\project\\vendor\\laravel\\framework\\src\\Illuminate\\Pipeline\\Pipeline.php(219): Illuminate\\Cookie\\Middleware\\AddQueuedCookiesToResponse->handle(Object(Illuminate\\Http\\Request), Object(Closure))
#41 D:\\Backend-game-topup\\web\\project\\vendor\\laravel\\framework\\src\\Illuminate\\Cookie\\Middleware\\EncryptCookies.php(74): Illuminate\\Pipeline\\Pipeline->{closure:{closure:Illuminate\\Pipeline\\Pipeline::carry():194}:195}(Object(Illuminate\\Http\\Request))
#42 D:\\Backend-game-topup\\web\\project\\vendor\\laravel\\framework\\src\\Illuminate\\Pipeline\\Pipeline.php(219): Illuminate\\Cookie\\Middleware\\EncryptCookies->handle(Object(Illuminate\\Http\\Request), Object(Closure))
#43 D:\\Backend-game-topup\\web\\project\\vendor\\laravel\\framework\\src\\Illuminate\\Pipeline\\Pipeline.php(137): Illuminate\\Pipeline\\Pipeline->{closure:{closure:Illuminate\\Pipeline\\Pipeline::carry():194}:195}(Object(Illuminate\\Http\\Request))
#44 D:\\Backend-game-topup\\web\\project\\vendor\\laravel\\framework\\src\\Illuminate\\Routing\\Router.php(821): Illuminate\\Pipeline\\Pipeline->then(Object(Closure))
#45 D:\\Backend-game-topup\\web\\project\\vendor\\laravel\\framework\\src\\Illuminate\\Routing\\Router.php(800): Illuminate\\Routing\\Router->runRouteWithinStack(Object(Illuminate\\Routing\\Route), Object(Illuminate\\Http\\Request))
#46 D:\\Backend-game-topup\\web\\project\\vendor\\laravel\\framework\\src\\Illuminate\\Routing\\Router.php(764): Illuminate\\Routing\\Router->runRoute(Object(Illuminate\\Http\\Request), Object(Illuminate\\Routing\\Route))
#47 D:\\Backend-game-topup\\web\\project\\vendor\\laravel\\framework\\src\\Illuminate\\Routing\\Router.php(753): Illuminate\\Routing\\Router->dispatchToRoute(Object(Illuminate\\Http\\Request))
#48 D:\\Backend-game-topup\\web\\project\\vendor\\laravel\\framework\\src\\Illuminate\\Foundation\\Http\\Kernel.php(200): Illuminate\\Routing\\Router->dispatch(Object(Illuminate\\Http\\Request))
#49 D:\\Backend-game-topup\\web\\project\\vendor\\laravel\\framework\\src\\Illuminate\\Pipeline\\Pipeline.php(180): Illuminate\\Foundation\\Http\\Kernel->{closure:Illuminate\\Foundation\\Http\\Kernel::dispatchToRouter():197}(Object(Illuminate\\Http\\Request))
#50 D:\\Backend-game-topup\\web\\project\\vendor\\livewire\\livewire\\src\\Features\\SupportDisablingBackButtonCache\\DisableBackButtonCacheMiddleware.php(19): Illuminate\\Pipeline\\Pipeline->{closure:Illuminate\\Pipeline\\Pipeline::prepareDestination():178}(Object(Illuminate\\Http\\Request))
#51 D:\\Backend-game-topup\\web\\project\\vendor\\laravel\\framework\\src\\Illuminate\\Pipeline\\Pipeline.php(219): Livewire\\Features\\SupportDisablingBackButtonCache\\DisableBackButtonCacheMiddleware->handle(Object(Illuminate\\Http\\Request), Object(Closure))
#52 D:\\Backend-game-topup\\web\\project\\vendor\\laravel\\framework\\src\\Illuminate\\Foundation\\Http\\Middleware\\ConvertEmptyStringsToNull.php(27): Illuminate\\Pipeline\\Pipeline->{closure:{closure:Illuminate\\Pipeline\\Pipeline::carry():194}:195}(Object(Illuminate\\Http\\Request))
#53 D:\\Backend-game-topup\\web\\project\\vendor\\laravel\\framework\\src\\Illuminate\\Pipeline\\Pipeline.php(219): Illuminate\\Foundation\\Http\\Middleware\\ConvertEmptyStringsToNull->handle(Object(Illuminate\\Http\\Request), Object(Closure))
#54 D:\\Backend-game-topup\\web\\project\\vendor\\laravel\\framework\\src\\Illuminate\\Foundation\\Http\\Middleware\\TrimStrings.php(47): Illuminate\\Pipeline\\Pipeline->{closure:{closure:Illuminate\\Pipeline\\Pipeline::carry():194}:195}(Object(Illuminate\\Http\\Request))
#55 D:\\Backend-game-topup\\web\\project\\vendor\\laravel\\framework\\src\\Illuminate\\Pipeline\\Pipeline.php(219): Illuminate\\Foundation\\Http\\Middleware\\TrimStrings->handle(Object(Illuminate\\Http\\Request), Object(Closure))
#56 D:\\Backend-game-topup\\web\\project\\vendor\\laravel\\framework\\src\\Illuminate\\Http\\Middleware\\ValidatePostSize.php(27): Illuminate\\Pipeline\\Pipeline->{closure:{closure:Illuminate\\Pipeline\\Pipeline::carry():194}:195}(Object(Illuminate\\Http\\Request))
#57 D:\\Backend-game-topup\\web\\project\\vendor\\laravel\\framework\\src\\Illuminate\\Pipeline\\Pipeline.php(219): Illuminate\\Http\\Middleware\\ValidatePostSize->handle(Object(Illuminate\\Http\\Request), Object(Closure))
#58 D:\\Backend-game-topup\\web\\project\\vendor\\laravel\\framework\\src\\Illuminate\\Foundation\\Http\\Middleware\\PreventRequestsDuringMaintenance.php(109): Illuminate\\Pipeline\\Pipeline->{closure:{closure:Illuminate\\Pipeline\\Pipeline::carry():194}:195}(Object(Illuminate\\Http\\Request))
#59 D:\\Backend-game-topup\\web\\project\\vendor\\laravel\\framework\\src\\Illuminate\\Pipeline\\Pipeline.php(219): Illuminate\\Foundation\\Http\\Middleware\\PreventRequestsDuringMaintenance->handle(Object(Illuminate\\Http\\Request), Object(Closure))
#60 D:\\Backend-game-topup\\web\\project\\vendor\\laravel\\framework\\src\\Illuminate\\Http\\Middleware\\HandleCors.php(48): Illuminate\\Pipeline\\Pipeline->{closure:{closure:Illuminate\\Pipeline\\Pipeline::carry():194}:195}(Object(Illuminate\\Http\\Request))
#61 D:\\Backend-game-topup\\web\\project\\vendor\\laravel\\framework\\src\\Illuminate\\Pipeline\\Pipeline.php(219): Illuminate\\Http\\Middleware\\HandleCors->handle(Object(Illuminate\\Http\\Request), Object(Closure))
#62 D:\\Backend-game-topup\\web\\project\\vendor\\laravel\\framework\\src\\Illuminate\\Http\\Middleware\\TrustProxies.php(58): Illuminate\\Pipeline\\Pipeline->{closure:{closure:Illuminate\\Pipeline\\Pipeline::carry():194}:195}(Object(Illuminate\\Http\\Request))
#63 D:\\Backend-game-topup\\web\\project\\vendor\\laravel\\framework\\src\\Illuminate\\Pipeline\\Pipeline.php(219): Illuminate\\Http\\Middleware\\TrustProxies->handle(Object(Illuminate\\Http\\Request), Object(Closure))
#64 D:\\Backend-game-topup\\web\\project\\vendor\\laravel\\framework\\src\\Illuminate\\Http\\Middleware\\TrustHosts.php(78): Illuminate\\Pipeline\\Pipeline->{closure:{closure:Illuminate\\Pipeline\\Pipeline::carry():194}:195}(Object(Illuminate\\Http\\Request))
#65 D:\\Backend-game-topup\\web\\project\\vendor\\laravel\\framework\\src\\Illuminate\\Pipeline\\Pipeline.php(219): Illuminate\\Http\\Middleware\\TrustHosts->handle(Object(Illuminate\\Http\\Request), Object(Closure))
#66 D:\\Backend-game-topup\\web\\project\\vendor\\laravel\\framework\\src\\Illuminate\\Pipeline\\Pipeline.php(137): Illuminate\\Pipeline\\Pipeline->{closure:{closure:Illuminate\\Pipeline\\Pipeline::carry():194}:195}(Object(Illuminate\\Http\\Request))
#67 D:\\Backend-game-topup\\web\\project\\vendor\\laravel\\framework\\src\\Illuminate\\Foundation\\Http\\Kernel.php(175): Illuminate\\Pipeline\\Pipeline->then(Object(Closure))
#68 D:\\Backend-game-topup\\web\\project\\vendor\\laravel\\framework\\src\\Illuminate\\Foundation\\Http\\Kernel.php(144): Illuminate\\Foundation\\Http\\Kernel->sendRequestThroughRouter(Object(Illuminate\\Http\\Request))
#69 D:\\Backend-game-topup\\web\\project\\public\\index.php(51): Illuminate\\Foundation\\Http\\Kernel->handle(Object(Illuminate\\Http\\Request))
#70 D:\\Backend-game-topup\\web\\project\\server.php(21): require_once('D:\\\\Backend-game...')
#71 {main}
"} 
[2025-10-17 16:44:21] local.ERROR: Class "Filament\Forms\Components\Grid" not found {"userId":350,"exception":"[object] (Error(code: 0): Class \"Filament\\Forms\\Components\\Grid\" not found at D:\\Backend-game-topup\\web\\project\\app\\Filament\\Admin\\Resources\\Produks\\Schemas\\ProdukForm.php:59)
[stacktrace]
#0 D:\\Backend-game-topup\\web\\project\\app\\Filament\\Admin\\Resources\\Produks\\ProdukResource.php(39): App\\Filament\\Admin\\Resources\\Produks\\Schemas\\ProdukForm::configure(Object(Filament\\Schemas\\Schema))
#1 D:\\Backend-game-topup\\web\\project\\vendor\\filament\\filament\\src\\Resources\\Pages\\ListRecords.php(83): App\\Filament\\Admin\\Resources\\Produks\\ProdukResource::form(Object(Filament\\Schemas\\Schema))
#2 D:\\Backend-game-topup\\web\\project\\vendor\\filament\\filament\\src\\Resources\\Pages\\ListRecords.php(95): Filament\\Resources\\Pages\\ListRecords->form(Object(Filament\\Schemas\\Schema))
#3 D:\\Backend-game-topup\\web\\project\\vendor\\filament\\support\\src\\Concerns\\EvaluatesClosures.php(36): Filament\\Resources\\Pages\\ListRecords->{closure:Filament\\Resources\\Pages\\ListRecords::getDefaultActionSchemaResolver():95}(Object(Filament\\Schemas\\Schema))
#4 D:\\Backend-game-topup\\web\\project\\vendor\\filament\\actions\\src\\Concerns\\HasSchema.php(47): Filament\\Support\\Components\\Component->evaluate(Object(Closure), Array)
#5 D:\\Backend-game-topup\\web\\project\\vendor\\filament\\actions\\src\\Concerns\\InteractsWithActions.php(637): Filament\\Actions\\Action->getSchema(Object(Filament\\Schemas\\Schema))
#6 D:\\Backend-game-topup\\web\\project\\vendor\\filament\\actions\\src\\Concerns\\InteractsWithActions.php(479): Filament\\Pages\\BasePage->getMountedActionSchema(0, Object(Filament\\Actions\\ViewAction))
#7 D:\\Backend-game-topup\\web\\project\\vendor\\filament\\actions\\src\\Concerns\\InteractsWithActions.php(444): Filament\\Pages\\BasePage->resolveActions(Array)
#8 D:\\Backend-game-topup\\web\\project\\vendor\\filament\\actions\\src\\Concerns\\InteractsWithActions.php(431): Filament\\Pages\\BasePage->cacheMountedActions(Array)
#9 D:\\Backend-game-topup\\web\\project\\vendor\\filament\\actions\\src\\Concerns\\InteractsWithActions.php(116): Filament\\Pages\\BasePage->getMountedAction()
#10 D:\\Backend-game-topup\\web\\project\\vendor\\laravel\\framework\\src\\Illuminate\\Container\\BoundMethod.php(36): Filament\\Pages\\BasePage->mountAction('view', Array, Array)
#11 D:\\Backend-game-topup\\web\\project\\vendor\\laravel\\framework\\src\\Illuminate\\Container\\Util.php(43): Illuminate\\Container\\BoundMethod::{closure:Illuminate\\Container\\BoundMethod::call():35}()
#12 D:\\Backend-game-topup\\web\\project\\vendor\\laravel\\framework\\src\\Illuminate\\Container\\BoundMethod.php(96): Illuminate\\Container\\Util::unwrapIfClosure(Object(Closure))
#13 D:\\Backend-game-topup\\web\\project\\vendor\\laravel\\framework\\src\\Illuminate\\Container\\BoundMethod.php(35): Illuminate\\Container\\BoundMethod::callBoundMethod(Object(Illuminate\\Foundation\\Application), Array, Object(Closure))
#14 D:\\Backend-game-topup\\web\\project\\vendor\\livewire\\livewire\\src\\Wrapped.php(23): Illuminate\\Container\\BoundMethod::call(Object(Illuminate\\Foundation\\Application), Array, Array)
#15 D:\\Backend-game-topup\\web\\project\\vendor\\livewire\\livewire\\src\\Mechanisms\\HandleComponents\\HandleComponents.php(492): Livewire\\Wrapped->__call('mountAction', Array)
#16 D:\\Backend-game-topup\\web\\project\\vendor\\livewire\\livewire\\src\\Mechanisms\\HandleComponents\\HandleComponents.php(101): Livewire\\Mechanisms\\HandleComponents\\HandleComponents->callMethods(Object(App\\Filament\\Admin\\Resources\\Produks\\Pages\\ListProduks), Array, Object(Livewire\\Mechanisms\\HandleComponents\\ComponentContext))
#17 D:\\Backend-game-topup\\web\\project\\vendor\\livewire\\livewire\\src\\LivewireManager.php(102): Livewire\\Mechanisms\\HandleComponents\\HandleComponents->update(Array, Array, Array)
#18 D:\\Backend-game-topup\\web\\project\\vendor\\livewire\\livewire\\src\\Mechanisms\\HandleRequests\\HandleRequests.php(94): Livewire\\LivewireManager->update(Array, Array, Array)
#19 D:\\Backend-game-topup\\web\\project\\vendor\\laravel\\framework\\src\\Illuminate\\Routing\\ControllerDispatcher.php(46): Livewire\\Mechanisms\\HandleRequests\\HandleRequests->handleUpdate()
#20 D:\\Backend-game-topup\\web\\project\\vendor\\laravel\\framework\\src\\Illuminate\\Routing\\Route.php(265): Illuminate\\Routing\\ControllerDispatcher->dispatch(Object(Illuminate\\Routing\\Route), Object(Livewire\\Mechanisms\\HandleRequests\\HandleRequests), 'handleUpdate')
#21 D:\\Backend-game-topup\\web\\project\\vendor\\laravel\\framework\\src\\Illuminate\\Routing\\Route.php(211): Illuminate\\Routing\\Route->runController()
#22 D:\\Backend-game-topup\\web\\project\\vendor\\laravel\\framework\\src\\Illuminate\\Routing\\Router.php(822): Illuminate\\Routing\\Route->run()
#23 D:\\Backend-game-topup\\web\\project\\vendor\\laravel\\framework\\src\\Illuminate\\Pipeline\\Pipeline.php(180): Illuminate\\Routing\\Router->{closure:Illuminate\\Routing\\Router::runRouteWithinStack():821}(Object(Illuminate\\Http\\Request))
#24 D:\\Backend-game-topup\\web\\project\\app\\Http\\Middleware\\LanguageDetectMiddleware.php(24): Illuminate\\Pipeline\\Pipeline->{closure:Illuminate\\Pipeline\\Pipeline::prepareDestination():178}(Object(Illuminate\\Http\\Request))
#25 D:\\Backend-game-topup\\web\\project\\vendor\\laravel\\framework\\src\\Illuminate\\Pipeline\\Pipeline.php(219): App\\Http\\Middleware\\LanguageDetectMiddleware->handle(Object(Illuminate\\Http\\Request), Object(Closure))
#26 D:\\Backend-game-topup\\web\\project\\app\\Http\\Middleware\\TrackVisitors.php(33): Illuminate\\Pipeline\\Pipeline->{closure:{closure:Illuminate\\Pipeline\\Pipeline::carry():194}:195}(Object(Illuminate\\Http\\Request))
#27 D:\\Backend-game-topup\\web\\project\\vendor\\laravel\\framework\\src\\Illuminate\\Pipeline\\Pipeline.php(219): App\\Http\\Middleware\\TrackVisitors->handle(Object(Illuminate\\Http\\Request), Object(Closure))
#28 D:\\Backend-game-topup\\web\\project\\app\\Http\\Middleware\\AddExpirationDateToCookie.php(21): Illuminate\\Pipeline\\Pipeline->{closure:{closure:Illuminate\\Pipeline\\Pipeline::carry():194}:195}(Object(Illuminate\\Http\\Request))
#29 D:\\Backend-game-topup\\web\\project\\vendor\\laravel\\framework\\src\\Illuminate\\Pipeline\\Pipeline.php(219): App\\Http\\Middleware\\AddExpirationDateToCookie->handle(Object(Illuminate\\Http\\Request), Object(Closure))
#30 D:\\Backend-game-topup\\web\\project\\vendor\\laravel\\framework\\src\\Illuminate\\Routing\\Middleware\\SubstituteBindings.php(50): Illuminate\\Pipeline\\Pipeline->{closure:{closure:Illuminate\\Pipeline\\Pipeline::carry():194}:195}(Object(Illuminate\\Http\\Request))
#31 D:\\Backend-game-topup\\web\\project\\vendor\\laravel\\framework\\src\\Illuminate\\Pipeline\\Pipeline.php(219): Illuminate\\Routing\\Middleware\\SubstituteBindings->handle(Object(Illuminate\\Http\\Request), Object(Closure))
#32 D:\\Backend-game-topup\\web\\project\\app\\Http\\Middleware\\VerifyCsrfToken.php(31): Illuminate\\Pipeline\\Pipeline->{closure:{closure:Illuminate\\Pipeline\\Pipeline::carry():194}:195}(Object(Illuminate\\Http\\Request))
#33 D:\\Backend-game-topup\\web\\project\\vendor\\laravel\\framework\\src\\Illuminate\\Pipeline\\Pipeline.php(219): App\\Http\\Middleware\\VerifyCsrfToken->handle(Object(Illuminate\\Http\\Request), Object(Closure))
#34 D:\\Backend-game-topup\\web\\project\\vendor\\laravel\\framework\\src\\Illuminate\\View\\Middleware\\ShareErrorsFromSession.php(48): Illuminate\\Pipeline\\Pipeline->{closure:{closure:Illuminate\\Pipeline\\Pipeline::carry():194}:195}(Object(Illuminate\\Http\\Request))
#35 D:\\Backend-game-topup\\web\\project\\vendor\\laravel\\framework\\src\\Illuminate\\Pipeline\\Pipeline.php(219): Illuminate\\View\\Middleware\\ShareErrorsFromSession->handle(Object(Illuminate\\Http\\Request), Object(Closure))
#36 D:\\Backend-game-topup\\web\\project\\vendor\\laravel\\framework\\src\\Illuminate\\Session\\Middleware\\StartSession.php(120): Illuminate\\Pipeline\\Pipeline->{closure:{closure:Illuminate\\Pipeline\\Pipeline::carry():194}:195}(Object(Illuminate\\Http\\Request))
#37 D:\\Backend-game-topup\\web\\project\\vendor\\laravel\\framework\\src\\Illuminate\\Session\\Middleware\\StartSession.php(63): Illuminate\\Session\\Middleware\\StartSession->handleStatefulRequest(Object(Illuminate\\Http\\Request), Object(Illuminate\\Session\\EncryptedStore), Object(Closure))
#38 D:\\Backend-game-topup\\web\\project\\vendor\\laravel\\framework\\src\\Illuminate\\Pipeline\\Pipeline.php(219): Illuminate\\Session\\Middleware\\StartSession->handle(Object(Illuminate\\Http\\Request), Object(Closure))
#39 D:\\Backend-game-topup\\web\\project\\vendor\\laravel\\framework\\src\\Illuminate\\Cookie\\Middleware\\AddQueuedCookiesToResponse.php(36): Illuminate\\Pipeline\\Pipeline->{closure:{closure:Illuminate\\Pipeline\\Pipeline::carry():194}:195}(Object(Illuminate\\Http\\Request))
#40 D:\\Backend-game-topup\\web\\project\\vendor\\laravel\\framework\\src\\Illuminate\\Pipeline\\Pipeline.php(219): Illuminate\\Cookie\\Middleware\\AddQueuedCookiesToResponse->handle(Object(Illuminate\\Http\\Request), Object(Closure))
#41 D:\\Backend-game-topup\\web\\project\\vendor\\laravel\\framework\\src\\Illuminate\\Cookie\\Middleware\\EncryptCookies.php(74): Illuminate\\Pipeline\\Pipeline->{closure:{closure:Illuminate\\Pipeline\\Pipeline::carry():194}:195}(Object(Illuminate\\Http\\Request))
#42 D:\\Backend-game-topup\\web\\project\\vendor\\laravel\\framework\\src\\Illuminate\\Pipeline\\Pipeline.php(219): Illuminate\\Cookie\\Middleware\\EncryptCookies->handle(Object(Illuminate\\Http\\Request), Object(Closure))
#43 D:\\Backend-game-topup\\web\\project\\vendor\\laravel\\framework\\src\\Illuminate\\Pipeline\\Pipeline.php(137): Illuminate\\Pipeline\\Pipeline->{closure:{closure:Illuminate\\Pipeline\\Pipeline::carry():194}:195}(Object(Illuminate\\Http\\Request))
#44 D:\\Backend-game-topup\\web\\project\\vendor\\laravel\\framework\\src\\Illuminate\\Routing\\Router.php(821): Illuminate\\Pipeline\\Pipeline->then(Object(Closure))
#45 D:\\Backend-game-topup\\web\\project\\vendor\\laravel\\framework\\src\\Illuminate\\Routing\\Router.php(800): Illuminate\\Routing\\Router->runRouteWithinStack(Object(Illuminate\\Routing\\Route), Object(Illuminate\\Http\\Request))
#46 D:\\Backend-game-topup\\web\\project\\vendor\\laravel\\framework\\src\\Illuminate\\Routing\\Router.php(764): Illuminate\\Routing\\Router->runRoute(Object(Illuminate\\Http\\Request), Object(Illuminate\\Routing\\Route))
#47 D:\\Backend-game-topup\\web\\project\\vendor\\laravel\\framework\\src\\Illuminate\\Routing\\Router.php(753): Illuminate\\Routing\\Router->dispatchToRoute(Object(Illuminate\\Http\\Request))
#48 D:\\Backend-game-topup\\web\\project\\vendor\\laravel\\framework\\src\\Illuminate\\Foundation\\Http\\Kernel.php(200): Illuminate\\Routing\\Router->dispatch(Object(Illuminate\\Http\\Request))
#49 D:\\Backend-game-topup\\web\\project\\vendor\\laravel\\framework\\src\\Illuminate\\Pipeline\\Pipeline.php(180): Illuminate\\Foundation\\Http\\Kernel->{closure:Illuminate\\Foundation\\Http\\Kernel::dispatchToRouter():197}(Object(Illuminate\\Http\\Request))
#50 D:\\Backend-game-topup\\web\\project\\vendor\\livewire\\livewire\\src\\Features\\SupportDisablingBackButtonCache\\DisableBackButtonCacheMiddleware.php(19): Illuminate\\Pipeline\\Pipeline->{closure:Illuminate\\Pipeline\\Pipeline::prepareDestination():178}(Object(Illuminate\\Http\\Request))
#51 D:\\Backend-game-topup\\web\\project\\vendor\\laravel\\framework\\src\\Illuminate\\Pipeline\\Pipeline.php(219): Livewire\\Features\\SupportDisablingBackButtonCache\\DisableBackButtonCacheMiddleware->handle(Object(Illuminate\\Http\\Request), Object(Closure))
#52 D:\\Backend-game-topup\\web\\project\\vendor\\laravel\\framework\\src\\Illuminate\\Foundation\\Http\\Middleware\\ConvertEmptyStringsToNull.php(27): Illuminate\\Pipeline\\Pipeline->{closure:{closure:Illuminate\\Pipeline\\Pipeline::carry():194}:195}(Object(Illuminate\\Http\\Request))
#53 D:\\Backend-game-topup\\web\\project\\vendor\\laravel\\framework\\src\\Illuminate\\Pipeline\\Pipeline.php(219): Illuminate\\Foundation\\Http\\Middleware\\ConvertEmptyStringsToNull->handle(Object(Illuminate\\Http\\Request), Object(Closure))
#54 D:\\Backend-game-topup\\web\\project\\vendor\\laravel\\framework\\src\\Illuminate\\Foundation\\Http\\Middleware\\TrimStrings.php(47): Illuminate\\Pipeline\\Pipeline->{closure:{closure:Illuminate\\Pipeline\\Pipeline::carry():194}:195}(Object(Illuminate\\Http\\Request))
#55 D:\\Backend-game-topup\\web\\project\\vendor\\laravel\\framework\\src\\Illuminate\\Pipeline\\Pipeline.php(219): Illuminate\\Foundation\\Http\\Middleware\\TrimStrings->handle(Object(Illuminate\\Http\\Request), Object(Closure))
#56 D:\\Backend-game-topup\\web\\project\\vendor\\laravel\\framework\\src\\Illuminate\\Http\\Middleware\\ValidatePostSize.php(27): Illuminate\\Pipeline\\Pipeline->{closure:{closure:Illuminate\\Pipeline\\Pipeline::carry():194}:195}(Object(Illuminate\\Http\\Request))
#57 D:\\Backend-game-topup\\web\\project\\vendor\\laravel\\framework\\src\\Illuminate\\Pipeline\\Pipeline.php(219): Illuminate\\Http\\Middleware\\ValidatePostSize->handle(Object(Illuminate\\Http\\Request), Object(Closure))
#58 D:\\Backend-game-topup\\web\\project\\vendor\\laravel\\framework\\src\\Illuminate\\Foundation\\Http\\Middleware\\PreventRequestsDuringMaintenance.php(109): Illuminate\\Pipeline\\Pipeline->{closure:{closure:Illuminate\\Pipeline\\Pipeline::carry():194}:195}(Object(Illuminate\\Http\\Request))
#59 D:\\Backend-game-topup\\web\\project\\vendor\\laravel\\framework\\src\\Illuminate\\Pipeline\\Pipeline.php(219): Illuminate\\Foundation\\Http\\Middleware\\PreventRequestsDuringMaintenance->handle(Object(Illuminate\\Http\\Request), Object(Closure))
#60 D:\\Backend-game-topup\\web\\project\\vendor\\laravel\\framework\\src\\Illuminate\\Http\\Middleware\\HandleCors.php(48): Illuminate\\Pipeline\\Pipeline->{closure:{closure:Illuminate\\Pipeline\\Pipeline::carry():194}:195}(Object(Illuminate\\Http\\Request))
#61 D:\\Backend-game-topup\\web\\project\\vendor\\laravel\\framework\\src\\Illuminate\\Pipeline\\Pipeline.php(219): Illuminate\\Http\\Middleware\\HandleCors->handle(Object(Illuminate\\Http\\Request), Object(Closure))
#62 D:\\Backend-game-topup\\web\\project\\vendor\\laravel\\framework\\src\\Illuminate\\Http\\Middleware\\TrustProxies.php(58): Illuminate\\Pipeline\\Pipeline->{closure:{closure:Illuminate\\Pipeline\\Pipeline::carry():194}:195}(Object(Illuminate\\Http\\Request))
#63 D:\\Backend-game-topup\\web\\project\\vendor\\laravel\\framework\\src\\Illuminate\\Pipeline\\Pipeline.php(219): Illuminate\\Http\\Middleware\\TrustProxies->handle(Object(Illuminate\\Http\\Request), Object(Closure))
#64 D:\\Backend-game-topup\\web\\project\\vendor\\laravel\\framework\\src\\Illuminate\\Http\\Middleware\\TrustHosts.php(78): Illuminate\\Pipeline\\Pipeline->{closure:{closure:Illuminate\\Pipeline\\Pipeline::carry():194}:195}(Object(Illuminate\\Http\\Request))
#65 D:\\Backend-game-topup\\web\\project\\vendor\\laravel\\framework\\src\\Illuminate\\Pipeline\\Pipeline.php(219): Illuminate\\Http\\Middleware\\TrustHosts->handle(Object(Illuminate\\Http\\Request), Object(Closure))
#66 D:\\Backend-game-topup\\web\\project\\vendor\\laravel\\framework\\src\\Illuminate\\Pipeline\\Pipeline.php(137): Illuminate\\Pipeline\\Pipeline->{closure:{closure:Illuminate\\Pipeline\\Pipeline::carry():194}:195}(Object(Illuminate\\Http\\Request))
#67 D:\\Backend-game-topup\\web\\project\\vendor\\laravel\\framework\\src\\Illuminate\\Foundation\\Http\\Kernel.php(175): Illuminate\\Pipeline\\Pipeline->then(Object(Closure))
#68 D:\\Backend-game-topup\\web\\project\\vendor\\laravel\\framework\\src\\Illuminate\\Foundation\\Http\\Kernel.php(144): Illuminate\\Foundation\\Http\\Kernel->sendRequestThroughRouter(Object(Illuminate\\Http\\Request))
#69 D:\\Backend-game-topup\\web\\project\\public\\index.php(51): Illuminate\\Foundation\\Http\\Kernel->handle(Object(Illuminate\\Http\\Request))
#70 D:\\Backend-game-topup\\web\\project\\server.php(21): require_once('D:\\\\Backend-game...')
#71 {main}
"} 
