[2026-02-22 00:48:59] local.INFO: ApiCheckController:check - Start processing request. {"user_id":"41342880","zone_id":"2064","game":"Mobile Legends"} 
[2026-02-22 00:48:59] local.INFO: ApiCheckController:check - Parsed game name. {"original":"Mobile Legends","parsed":"mobile_legends"} 
[2026-02-22 00:48:59] local.INFO: ApiCheckController:connect - Sending data to external API. {"url":"https://api-cek-id-game-ten.vercel.app/api/check-id-game","data":"{\"type_name\":\"mobile_legends\",\"userId\":\"41342880\",\"zoneId\":\"2064\"}"} 
[2026-02-22 00:49:01] local.INFO: ApiCheckController:connect - Received response from external API. {"http_code":200,"response_body":"{\"message\":\"Success Requesting to API\",\"nickname\":\"Thankinsomnia%c2%ae\",\"server_time\":\"2026-02-21 17:49:02\",\"status\":true,\"type_name\":\"MOBILE_LEGENDS\"}
"} 
[2026-02-22 00:49:01] local.INFO: ApiCheckController:check - User found successfully. {"nickname":"Thankinsomnia%c2%ae","from_cache":true} 
[2026-02-22 00:49:26] local.ERROR: Order Store Gateway Failed {"gatewayResult":{"status":false,"msg":"Metode pembayaran ini sedang tidak dapat digunakan (unknown error)"}} 
[2026-02-22 00:56:33] local.INFO: ApiCheckController:check - Start processing request. {"user_id":"41342880","zone_id":"2064","game":"Mobile Legends"} 
[2026-02-22 00:56:33] local.INFO: ApiCheckController:check - Parsed game name. {"original":"Mobile Legends","parsed":"mobile_legends"} 
[2026-02-22 00:56:33] local.INFO: ApiCheckController:check - User found successfully. {"nickname":"Thankinsomnia%c2%ae","from_cache":true} 
[2026-02-22 00:56:37] local.INFO: TokoPay createAdvanceOrder Response: {"response":"{\"error_msg\":\"EM0036neO1pjWe\",\"reff_id\":\"ERR #200. Please contact administrator\",\"status\":0}","order_id":"EM0036neO1pjWe"} 
[2026-02-22 00:56:37] local.ERROR: Order Store Gateway Failed {"gatewayResult":{"status":false,"msg":"EM0036neO1pjWe"}} 
[2026-02-22 01:07:01] local.INFO: ApiCheckController:check - Start processing request. {"user_id":"41342880","zone_id":"2064","game":"Mobile Legends"} 
[2026-02-22 01:07:01] local.INFO: ApiCheckController:check - Parsed game name. {"original":"Mobile Legends","parsed":"mobile_legends"} 
[2026-02-22 01:07:01] local.INFO: ApiCheckController:connect - Sending data to external API. {"url":"https://api-cek-id-game-ten.vercel.app/api/check-id-game","data":"{\"type_name\":\"mobile_legends\",\"userId\":\"41342880\",\"zoneId\":\"2064\"}"} 
[2026-02-22 01:07:05] local.INFO: ApiCheckController:connect - Received response from external API. {"http_code":200,"response_body":"{\"message\":\"Success Requesting to API\",\"nickname\":\"Thankinsomnia%c2%ae\",\"server_time\":\"2026-02-21 18:07:06\",\"status\":true,\"type_name\":\"MOBILE_LEGENDS\"}
"} 
[2026-02-22 01:07:05] local.INFO: ApiCheckController:check - User found successfully. {"nickname":"Thankinsomnia%c2%ae","from_cache":true} 
[2026-02-22 01:07:15] local.INFO: TokoPay createAdvanceOrder Response: {"response":"{\"error_msg\":\"Signature Not Valid\",\"status\":0}","order_id":"EM0114h6GQMZ1D"} 
[2026-02-22 01:07:15] local.ERROR: Order Store Gateway Failed {"gatewayResult":{"status":false,"msg":"Signature Not Valid"}} 
[2026-02-22 01:12:18] local.INFO: ApiCheckController:check - Start processing request. {"user_id":"41342880","zone_id":"2064","game":"Mobile Legends"} 
[2026-02-22 01:12:18] local.INFO: ApiCheckController:check - Parsed game name. {"original":"Mobile Legends","parsed":"mobile_legends"} 
[2026-02-22 01:12:18] local.INFO: ApiCheckController:check - User found successfully. {"nickname":"Thankinsomnia%c2%ae","from_cache":true} 
[2026-02-22 01:12:22] local.INFO: TokoPay createAdvanceOrder Response: {"response":"{\"error_msg\":\"EM01203CN80ezY\",\"reff_id\":\"ERR #200. Please contact administrator\",\"status\":0}","order_id":"EM01203CN80ezY"} 
[2026-02-22 01:12:22] local.ERROR: Order Store Gateway Failed {"gatewayResult":{"status":false,"msg":"EM01203CN80ezY"}} 
[2026-02-22 14:15:18] local.INFO: ApiCheckController:check - Start processing request. {"user_id":"329425502","zone_id":"9148","game":"Mobile Legends"} 
[2026-02-22 14:15:18] local.INFO: ApiCheckController:check - Parsed game name. {"original":"Mobile Legends","parsed":"mobile_legends"} 
[2026-02-22 14:15:18] local.INFO: ApiCheckController:connect - Sending data to external API. {"url":"https://api-cek-id-game-ten.vercel.app/api/check-id-game","data":"{\"type_name\":\"mobile_legends\",\"userId\":\"329425502\",\"zoneId\":\"9148\"}"} 
[2026-02-22 14:15:19] local.INFO: ApiCheckController:connect - Received response from external API. {"http_code":200,"response_body":"{\"message\":\"Success Requesting to API\",\"nickname\":\"Suzura%7cwise\",\"server_time\":\"2026-02-22 07:15:21\",\"status\":true,\"type_name\":\"MOBILE_LEGENDS\"}
"} 
[2026-02-22 14:15:19] local.INFO: ApiCheckController:check - User found successfully. {"nickname":"Suzura%7cwise","from_cache":true} 
[2026-02-22 14:15:27] local.INFO: ApiCheckController:check - Start processing request. {"user_id":"329425502","zone_id":"9148","game":"Mobile Legends"} 
[2026-02-22 14:15:27] local.INFO: ApiCheckController:check - Parsed game name. {"original":"Mobile Legends","parsed":"mobile_legends"} 
[2026-02-22 14:15:27] local.INFO: ApiCheckController:check - User found successfully. {"nickname":"Suzura%7cwise","from_cache":true} 
[2026-02-22 14:15:34] local.INFO: WhatsApp API (Fonnte) Response {"response":"{\"reason\":\"request invalid on disconnected device\",\"requestid\":391727395,\"status\":false}"} 
[2026-02-22 14:16:20] local.INFO: WhatsappNotificationService Sent to 6287780901780 {"response":"{\"reason\":\"request invalid on disconnected device\",\"requestid\":391728070,\"status\":false}"} 
[2026-02-22 14:16:20] local.INFO: OrderProcessingService: Processing order EM1430JZYSE7Pu (WEEKLY DIAMOND PASS)  
[2026-02-22 14:16:20] local.INFO: OrderProcessingService: Routed to digiflazz with SKU MLWEEK1  
[2026-02-22 14:16:21] local.INFO: DigiFlazz Request to /v1/transaction {"data":{"username":"joxeheDRnYLD","buyer_sku_code":"MLWEEK1","customer_no":"3294255029148","ref_id":"EM1430JZYSE7Pu","testing":true,"sign":"b732cc8504ba8e30603f10942ee11de5","cb_url":"https://istanatopup.imhaf.online/wejizy/digi/payload"},"status":200,"body":"{\"data\":{\"ref_id\":\"EM1430JZYSE7Pu\",\"customer_no\":\"3294255029148\",\"buyer_sku_code\":\"MLWEEK1\",\"message\":\"\",\"status\":\"Pending\",\"rc\":\"\",\"buyer_last_saldo\":990000,\"sn\":\"\",\"price\":10000,\"tele\":\"@telegram\",\"wa\":\"081234512345\"}}"} 
[2026-02-22 14:16:21] local.INFO: Digiflazz Response for EM1430JZYSE7Pu: {"data":{"ref_id":"EM1430JZYSE7Pu","customer_no":"3294255029148","buyer_sku_code":"MLWEEK1","message":"","status":"Pending","rc":"","buyer_last_saldo":990000,"sn":"","price":10000,"tele":"@telegram","wa":"081234512345"}}  
[2026-02-22 14:16:21] local.INFO: PembelianObserver: Order EM1430JZYSE7Pu marked as Success. Checking Tier Upgrade & Affiliate Commission.  
[2026-02-22 14:16:22] local.INFO: WhatsappNotificationService Sent to 0828305810 {"response":"{\"reason\":\"request invalid on disconnected device\",\"requestid\":391728076,\"status\":false}"} 
[2026-02-22 14:16:32] local.INFO: Email sent successfully to superadmin@webgametopup.com for Order ID: EM1430JZYSE7Pu  
[2026-02-22 14:47:52] local.ERROR: Exception occurred: Class "App\Http\Controllers\AffiliateHistory" not found {"exception":"[object] (Error(code: 0): Class \"App\\Http\\Controllers\\AffiliateHistory\" not found at D:/Backend-game-topup/web/project/app/Http/Controllers/DsController.php:186)
[stacktrace]
#0 D:/Backend-game-topup/web/project/vendor/laravel/framework/src/Illuminate/Routing/Controller.php(54): App/Http/Controllers/DsController->affiliate(Object(Illuminate/Http/Request))
#1 D:/Backend-game-topup/web/project/vendor/laravel/framework/src/Illuminate/Routing/ControllerDispatcher.php(43): Illuminate/Routing/Controller->callAction('affiliate', Array)
#2 D:/Backend-game-topup/web/project/vendor/laravel/framework/src/Illuminate/Routing/Route.php(265): Illuminate/Routing/ControllerDispatcher->dispatch(Object(Illuminate/Routing/Route), Object(App/Http/Controllers/DsController), 'affiliate')
#3 D:/Backend-game-topup/web/project/vendor/laravel/framework/src/Illuminate/Routing/Route.php(211): Illuminate/Routing/Route->runController()
#4 D:/Backend-game-topup/web/project/vendor/laravel/framework/src/Illuminate/Routing/Router.php(822): Illuminate/Routing/Route->run()
#5 D:/Backend-game-topup/web/project/vendor/laravel/framework/src/Illuminate/Pipeline/Pipeline.php(180): Illuminate/Routing/Router->{closure:Illuminate/Routing/Router::runRouteWithinStack():821}(Object(Illuminate/Http/Request))
#6 D:/Backend-game-topup/web/project/app/Http/Middleware/SanitizeInput.php(27): Illuminate/Pipeline/Pipeline->{closure:Illuminate/Pipeline/Pipeline::prepareDestination():178}(Object(Illuminate/Http/Request))
#7 D:/Backend-game-topup/web/project/vendor/laravel/framework/src/Illuminate/Pipeline/Pipeline.php(219): App/Http/Middleware/SanitizeInput->handle(Object(Illuminate/Http/Request), Object(Closure))
#8 D:/Backend-game-topup/web/project/app/Http/Middleware/XSSProtectionMiddleware.php(26): Illuminate/Pipeline/Pipeline->{closure:{closure:Illuminate/Pipeline/Pipeline::carry():194}:195}(Object(Illuminate/Http/Request))
#9 D:/Backend-game-topup/web/project/vendor/laravel/framework/src/Illuminate/Pipeline/Pipeline.php(219): App/Http/Middleware/XSSProtectionMiddleware->handle(Object(Illuminate/Http/Request), Object(Closure))
#10 D:/Backend-game-topup/web/project/app/Http/Middleware/TrackReferral.php(20): Illuminate/Pipeline/Pipeline->{closure:{closure:Illuminate/Pipeline/Pipeline::carry():194}:195}(Object(Illuminate/Http/Request))
#11 D:/Backend-game-topup/web/project/vendor/laravel/framework/src/Illuminate/Pipeline/Pipeline.php(219): App/Http/Middleware/TrackReferral->handle(Object(Illuminate/Http/Request), Object(Closure))
#12 D:/Backend-game-topup/web/project/app/Http/Middleware/CaptureTrafficSource.php(82): Illuminate/Pipeline/Pipeline->{closure:{closure:Illuminate/Pipeline/Pipeline::carry():194}:195}(Object(Illuminate/Http/Request))
#13 D:/Backend-game-topup/web/project/vendor/laravel/framework/src/Illuminate/Pipeline/Pipeline.php(219): App/Http/Middleware/CaptureTrafficSource->handle(Object(Illuminate/Http/Request), Object(Closure))
#14 D:/Backend-game-topup/web/project/app/Http/Middleware/LanguageDetectMiddleware.php(24): Illuminate/Pipeline/Pipeline->{closure:{closure:Illuminate/Pipeline/Pipeline::carry():194}:195}(Object(Illuminate/Http/Request))
#15 D:/Backend-game-topup/web/project/vendor/laravel/framework/src/Illuminate/Pipeline/Pipeline.php(219): App/Http/Middleware/LanguageDetectMiddleware->handle(Object(Illuminate/Http/Request), Object(Closure))
#16 D:/Backend-game-topup/web/project/app/Http/Middleware/TrackVisitors.php(33): Illuminate/Pipeline/Pipeline->{closure:{closure:Illuminate/Pipeline/Pipeline::carry():194}:195}(Object(Illuminate/Http/Request))
#17 D:/Backend-game-topup/web/project/vendor/laravel/framework/src/Illuminate/Pipeline/Pipeline.php(219): App/Http/Middleware/TrackVisitors->handle(Object(Illuminate/Http/Request), Object(Closure))
#18 D:/Backend-game-topup/web/project/app/Http/Middleware/AddExpirationDateToCookie.php(21): Illuminate/Pipeline/Pipeline->{closure:{closure:Illuminate/Pipeline/Pipeline::carry():194}:195}(Object(Illuminate/Http/Request))
#19 D:/Backend-game-topup/web/project/vendor/laravel/framework/src/Illuminate/Pipeline/Pipeline.php(219): App/Http/Middleware/AddExpirationDateToCookie->handle(Object(Illuminate/Http/Request), Object(Closure))
#20 D:/Backend-game-topup/web/project/vendor/laravel/framework/src/Illuminate/Routing/Middleware/SubstituteBindings.php(50): Illuminate/Pipeline/Pipeline->{closure:{closure:Illuminate/Pipeline/Pipeline::carry():194}:195}(Object(Illuminate/Http/Request))
#21 D:/Backend-game-topup/web/project/vendor/laravel/framework/src/Illuminate/Pipeline/Pipeline.php(219): Illuminate/Routing/Middleware/SubstituteBindings->handle(Object(Illuminate/Http/Request), Object(Closure))
#22 D:/Backend-game-topup/web/project/vendor/laravel/framework/src/Illuminate/Auth/Middleware/Authenticate.php(63): Illuminate/Pipeline/Pipeline->{closure:{closure:Illuminate/Pipeline/Pipeline::carry():194}:195}(Object(Illuminate/Http/Request))
#23 D:/Backend-game-topup/web/project/vendor/laravel/framework/src/Illuminate/Pipeline/Pipeline.php(219): Illuminate/Auth/Middleware/Authenticate->handle(Object(Illuminate/Http/Request), Object(Closure))
#24 D:/Backend-game-topup/web/project/app/Http/Middleware/VerifyCsrfToken.php(32): Illuminate/Pipeline/Pipeline->{closure:{closure:Illuminate/Pipeline/Pipeline::carry():194}:195}(Object(Illuminate/Http/Request))
#25 D:/Backend-game-topup/web/project/vendor/laravel/framework/src/Illuminate/Pipeline/Pipeline.php(219): App/Http/Middleware/VerifyCsrfToken->handle(Object(Illuminate/Http/Request), Object(Closure))
#26 D:/Backend-game-topup/web/project/vendor/laravel/framework/src/Illuminate/View/Middleware/ShareErrorsFromSession.php(48): Illuminate/Pipeline/Pipeline->{closure:{closure:Illuminate/Pipeline/Pipeline::carry():194}:195}(Object(Illuminate/Http/Request))
#27 D:/Backend-game-topup/web/project/vendor/laravel/framework/src/Illuminate/Pipeline/Pipeline.php(219): Illuminate/View/Middleware/ShareErrorsFromSession->handle(Object(Illuminate/Http/Request), Object(Closure))
#28 D:/Backend-game-topup/web/project/vendor/laravel/framework/src/Illuminate/Session/Middleware/StartSession.php(120): Illuminate/Pipeline/Pipeline->{closure:{closure:Illuminate/Pipeline/Pipeline::carry():194}:195}(Object(Illuminate/Http/Request))
#29 D:/Backend-game-topup/web/project/vendor/laravel/framework/src/Illuminate/Session/Middleware/StartSession.php(63): Illuminate/Session/Middleware/StartSession->handleStatefulRequest(Object(Illuminate/Http/Request), Object(Illuminate/Session/EncryptedStore), Object(Closure))
#30 D:/Backend-game-topup/web/project/vendor/laravel/framework/src/Illuminate/Pipeline/Pipeline.php(219): Illuminate/Session/Middleware/StartSession->handle(Object(Illuminate/Http/Request), Object(Closure))
#31 D:/Backend-game-topup/web/project/vendor/laravel/framework/src/Illuminate/Cookie/Middleware/AddQueuedCookiesToResponse.php(36): Illuminate/Pipeline/Pipeline->{closure:{closure:Illuminate/Pipeline/Pipeline::carry():194}:195}(Object(Illuminate/Http/Request))
#32 D:/Backend-game-topup/web/project/vendor/laravel/framework/src/Illuminate/Pipeline/Pipeline.php(219): Illuminate/Cookie/Middleware/AddQueuedCookiesToResponse->handle(Object(Illuminate/Http/Request), Object(Closure))
#33 D:/Backend-game-topup/web/project/vendor/laravel/framework/src/Illuminate/Cookie/Middleware/EncryptCookies.php(74): Illuminate/Pipeline/Pipeline->{closure:{closure:Illuminate/Pipeline/Pipeline::carry():194}:195}(Object(Illuminate/Http/Request))
#34 D:/Backend-game-topup/web/project/vendor/laravel/framework/src/Illuminate/Pipeline/Pipeline.php(219): Illuminate/Cookie/Middleware/EncryptCookies->handle(Object(Illuminate/Http/Request), Object(Closure))
#35 D:/Backend-game-topup/web/project/vendor/laravel/framework/src/Illuminate/Pipeline/Pipeline.php(137): Illuminate/Pipeline/Pipeline->{closure:{closure:Illuminate/Pipeline/Pipeline::carry():194}:195}(Object(Illuminate/Http/Request))
#36 D:/Backend-game-topup/web/project/vendor/laravel/framework/src/Illuminate/Routing/Router.php(821): Illuminate/Pipeline/Pipeline->then(Object(Closure))
#37 D:/Backend-game-topup/web/project/vendor/laravel/framework/src/Illuminate/Routing/Router.php(800): Illuminate/Routing/Router->runRouteWithinStack(Object(Illuminate/Routing/Route), Object(Illuminate/Http/Request))
#38 D:/Backend-game-topup/web/project/vendor/laravel/framework/src/Illuminate/Routing/Router.php(764): Illuminate/Routing/Router->runRoute(Object(Illuminate/Http/Request), Object(Illuminate/Routing/Route))
#39 D:/Backend-game-topup/web/project/vendor/laravel/framework/src/Illuminate/Routing/Router.php(753): Illuminate/Routing/Router->dispatchToRoute(Object(Illuminate/Http/Request))
#40 D:/Backend-game-topup/web/project/vendor/laravel/framework/src/Illuminate/Foundation/Http/Kernel.php(200): Illuminate/Routing/Router->dispatch(Object(Illuminate/Http/Request))
#41 D:/Backend-game-topup/web/project/vendor/laravel/framework/src/Illuminate/Pipeline/Pipeline.php(180): Illuminate/Foundation/Http/Kernel->{closure:Illuminate/Foundation/Http/Kernel::dispatchToRouter():197}(Object(Illuminate/Http/Request))
#42 D:/Backend-game-topup/web/project/vendor/livewire/livewire/src/Features/SupportDisablingBackButtonCache/DisableBackButtonCacheMiddleware.php(19): Illuminate/Pipeline/Pipeline->{closure:Illuminate/Pipeline/Pipeline::prepareDestination():178}(Object(Illuminate/Http/Request))
#43 D:/Backend-game-topup/web/project/vendor/laravel/framework/src/Illuminate/Pipeline/Pipeline.php(219): Livewire/Features/SupportDisablingBackButtonCache/DisableBackButtonCacheMiddleware->handle(Object(Illuminate/Http/Request), Object(Closure))
#44 D:/Backend-game-topup/web/project/vendor/laravel/framework/src/Illuminate/Foundation/Http/Middleware/TransformsRequest.php(21): Illuminate/Pipeline/Pipeline->{closure:{closure:Illuminate/Pipeline/Pipeline::carry():194}:195}(Object(Illuminate/Http/Request))
#45 D:/Backend-game-topup/web/project/vendor/laravel/framework/src/Illuminate/Foundation/Http/Middleware/ConvertEmptyStringsToNull.php(31): Illuminate/Foundation/Http/Middleware/TransformsRequest->handle(Object(Illuminate/Http/Request), Object(Closure))
#46 D:/Backend-game-topup/web/project/vendor/laravel/framework/src/Illuminate/Pipeline/Pipeline.php(219): Illuminate/Foundation/Http/Middleware/ConvertEmptyStringsToNull->handle(Object(Illuminate/Http/Request), Object(Closure))
#47 D:/Backend-game-topup/web/project/vendor/laravel/framework/src/Illuminate/Foundation/Http/Middleware/TransformsRequest.php(21): Illuminate/Pipeline/Pipeline->{closure:{closure:Illuminate/Pipeline/Pipeline::carry():194}:195}(Object(Illuminate/Http/Request))
#48 D:/Backend-game-topup/web/project/vendor/laravel/framework/src/Illuminate/Foundation/Http/Middleware/TrimStrings.php(51): Illuminate/Foundation/Http/Middleware/TransformsRequest->handle(Object(Illuminate/Http/Request), Object(Closure))
#49 D:/Backend-game-topup/web/project/vendor/laravel/framework/src/Illuminate/Pipeline/Pipeline.php(219): Illuminate/Foundation/Http/Middleware/TrimStrings->handle(Object(Illuminate/Http/Request), Object(Closure))
#50 D:/Backend-game-topup/web/project/vendor/laravel/framework/src/Illuminate/Http/Middleware/ValidatePostSize.php(27): Illuminate/Pipeline/Pipeline->{closure:{closure:Illuminate/Pipeline/Pipeline::carry():194}:195}(Object(Illuminate/Http/Request))
#51 D:/Backend-game-topup/web/project/vendor/laravel/framework/src/Illuminate/Pipeline/Pipeline.php(219): Illuminate/Http/Middleware/ValidatePostSize->handle(Object(Illuminate/Http/Request), Object(Closure))
#52 D:/Backend-game-topup/web/project/vendor/laravel/framework/src/Illuminate/Foundation/Http/Middleware/PreventRequestsDuringMaintenance.php(109): Illuminate/Pipeline/Pipeline->{closure:{closure:Illuminate/Pipeline/Pipeline::carry():194}:195}(Object(Illuminate/Http/Request))
#53 D:/Backend-game-topup/web/project/vendor/laravel/framework/src/Illuminate/Pipeline/Pipeline.php(219): Illuminate/Foundation/Http/Middleware/PreventRequestsDuringMaintenance->handle(Object(Illuminate/Http/Request), Object(Closure))
#54 D:/Backend-game-topup/web/project/vendor/laravel/framework/src/Illuminate/Http/Middleware/HandleCors.php(61): Illuminate/Pipeline/Pipeline->{closure:{closure:Illuminate/Pipeline/Pipeline::carry():194}:195}(Object(Illuminate/Http/Request))
#55 D:/Backend-game-topup/web/project/vendor/laravel/framework/src/Illuminate/Pipeline/Pipeline.php(219): Illuminate/Http/Middleware/HandleCors->handle(Object(Illuminate/Http/Request), Object(Closure))
#56 D:/Backend-game-topup/web/project/vendor/laravel/framework/src/Illuminate/Http/Middleware/TrustProxies.php(58): Illuminate/Pipeline/Pipeline->{closure:{closure:Illuminate/Pipeline/Pipeline::carry():194}:195}(Object(Illuminate/Http/Request))
#57 D:/Backend-game-topup/web/project/vendor/laravel/framework/src/Illuminate/Pipeline/Pipeline.php(219): Illuminate/Http/Middleware/TrustProxies->handle(Object(Illuminate/Http/Request), Object(Closure))
#58 D:/Backend-game-topup/web/project/vendor/laravel/framework/src/Illuminate/Http/Middleware/TrustHosts.php(78): Illuminate/Pipeline/Pipeline->{closure:{closure:Illuminate/Pipeline/Pipeline::carry():194}:195}(Object(Illuminate/Http/Request))
#59 D:/Backend-game-topup/web/project/vendor/laravel/framework/src/Illuminate/Pipeline/Pipeline.php(219): Illuminate/Http/Middleware/TrustHosts->handle(Object(Illuminate/Http/Request), Object(Closure))
#60 D:/Backend-game-topup/web/project/vendor/laravel/framework/src/Illuminate/Pipeline/Pipeline.php(137): Illuminate/Pipeline/Pipeline->{closure:{closure:Illuminate/Pipeline/Pipeline::carry():194}:195}(Object(Illuminate/Http/Request))
#61 D:/Backend-game-topup/web/project/vendor/laravel/framework/src/Illuminate/Foundation/Http/Kernel.php(175): Illuminate/Pipeline/Pipeline->then(Object(Closure))
#62 D:/Backend-game-topup/web/project/vendor/laravel/framework/src/Illuminate/Foundation/Http/Kernel.php(144): Illuminate/Foundation/Http/Kernel->sendRequestThroughRouter(Object(Illuminate/Http/Request))
#63 D:/Backend-game-topup/web/project/public/index.php(51): Illuminate/Foundation/Http/Kernel->handle(Object(Illuminate/Http/Request))
#64 D:/Backend-game-topup/web/project/server.php(21): require_once('D://Backend-game...')
#65 {main}
"} 
[2026-02-22 14:47:52] local.ERROR: Class "App\Http\Controllers\AffiliateHistory" not found {"userId":356,"exception":"[object] (Error(code: 0): Class \"App\\Http\\Controllers\\AffiliateHistory\" not found at D:/Backend-game-topup/web/project/app/Http/Controllers/DsController.php:186)
[stacktrace]
#0 D:/Backend-game-topup/web/project/vendor/laravel/framework/src/Illuminate/Routing/Controller.php(54): App/Http/Controllers/DsController->affiliate(Object(Illuminate/Http/Request))
#1 D:/Backend-game-topup/web/project/vendor/laravel/framework/src/Illuminate/Routing/ControllerDispatcher.php(43): Illuminate/Routing/Controller->callAction('affiliate', Array)
#2 D:/Backend-game-topup/web/project/vendor/laravel/framework/src/Illuminate/Routing/Route.php(265): Illuminate/Routing/ControllerDispatcher->dispatch(Object(Illuminate/Routing/Route), Object(App/Http/Controllers/DsController), 'affiliate')
#3 D:/Backend-game-topup/web/project/vendor/laravel/framework/src/Illuminate/Routing/Route.php(211): Illuminate/Routing/Route->runController()
#4 D:/Backend-game-topup/web/project/vendor/laravel/framework/src/Illuminate/Routing/Router.php(822): Illuminate/Routing/Route->run()
#5 D:/Backend-game-topup/web/project/vendor/laravel/framework/src/Illuminate/Pipeline/Pipeline.php(180): Illuminate/Routing/Router->{closure:Illuminate/Routing/Router::runRouteWithinStack():821}(Object(Illuminate/Http/Request))
#6 D:/Backend-game-topup/web/project/app/Http/Middleware/SanitizeInput.php(27): Illuminate/Pipeline/Pipeline->{closure:Illuminate/Pipeline/Pipeline::prepareDestination():178}(Object(Illuminate/Http/Request))
#7 D:/Backend-game-topup/web/project/vendor/laravel/framework/src/Illuminate/Pipeline/Pipeline.php(219): App/Http/Middleware/SanitizeInput->handle(Object(Illuminate/Http/Request), Object(Closure))
#8 D:/Backend-game-topup/web/project/app/Http/Middleware/XSSProtectionMiddleware.php(26): Illuminate/Pipeline/Pipeline->{closure:{closure:Illuminate/Pipeline/Pipeline::carry():194}:195}(Object(Illuminate/Http/Request))
#9 D:/Backend-game-topup/web/project/vendor/laravel/framework/src/Illuminate/Pipeline/Pipeline.php(219): App/Http/Middleware/XSSProtectionMiddleware->handle(Object(Illuminate/Http/Request), Object(Closure))
#10 D:/Backend-game-topup/web/project/app/Http/Middleware/TrackReferral.php(20): Illuminate/Pipeline/Pipeline->{closure:{closure:Illuminate/Pipeline/Pipeline::carry():194}:195}(Object(Illuminate/Http/Request))
#11 D:/Backend-game-topup/web/project/vendor/laravel/framework/src/Illuminate/Pipeline/Pipeline.php(219): App/Http/Middleware/TrackReferral->handle(Object(Illuminate/Http/Request), Object(Closure))
#12 D:/Backend-game-topup/web/project/app/Http/Middleware/CaptureTrafficSource.php(82): Illuminate/Pipeline/Pipeline->{closure:{closure:Illuminate/Pipeline/Pipeline::carry():194}:195}(Object(Illuminate/Http/Request))
#13 D:/Backend-game-topup/web/project/vendor/laravel/framework/src/Illuminate/Pipeline/Pipeline.php(219): App/Http/Middleware/CaptureTrafficSource->handle(Object(Illuminate/Http/Request), Object(Closure))
#14 D:/Backend-game-topup/web/project/app/Http/Middleware/LanguageDetectMiddleware.php(24): Illuminate/Pipeline/Pipeline->{closure:{closure:Illuminate/Pipeline/Pipeline::carry():194}:195}(Object(Illuminate/Http/Request))
#15 D:/Backend-game-topup/web/project/vendor/laravel/framework/src/Illuminate/Pipeline/Pipeline.php(219): App/Http/Middleware/LanguageDetectMiddleware->handle(Object(Illuminate/Http/Request), Object(Closure))
#16 D:/Backend-game-topup/web/project/app/Http/Middleware/TrackVisitors.php(33): Illuminate/Pipeline/Pipeline->{closure:{closure:Illuminate/Pipeline/Pipeline::carry():194}:195}(Object(Illuminate/Http/Request))
#17 D:/Backend-game-topup/web/project/vendor/laravel/framework/src/Illuminate/Pipeline/Pipeline.php(219): App/Http/Middleware/TrackVisitors->handle(Object(Illuminate/Http/Request), Object(Closure))
#18 D:/Backend-game-topup/web/project/app/Http/Middleware/AddExpirationDateToCookie.php(21): Illuminate/Pipeline/Pipeline->{closure:{closure:Illuminate/Pipeline/Pipeline::carry():194}:195}(Object(Illuminate/Http/Request))
#19 D:/Backend-game-topup/web/project/vendor/laravel/framework/src/Illuminate/Pipeline/Pipeline.php(219): App/Http/Middleware/AddExpirationDateToCookie->handle(Object(Illuminate/Http/Request), Object(Closure))
#20 D:/Backend-game-topup/web/project/vendor/laravel/framework/src/Illuminate/Routing/Middleware/SubstituteBindings.php(50): Illuminate/Pipeline/Pipeline->{closure:{closure:Illuminate/Pipeline/Pipeline::carry():194}:195}(Object(Illuminate/Http/Request))
#21 D:/Backend-game-topup/web/project/vendor/laravel/framework/src/Illuminate/Pipeline/Pipeline.php(219): Illuminate/Routing/Middleware/SubstituteBindings->handle(Object(Illuminate/Http/Request), Object(Closure))
#22 D:/Backend-game-topup/web/project/vendor/laravel/framework/src/Illuminate/Auth/Middleware/Authenticate.php(63): Illuminate/Pipeline/Pipeline->{closure:{closure:Illuminate/Pipeline/Pipeline::carry():194}:195}(Object(Illuminate/Http/Request))
#23 D:/Backend-game-topup/web/project/vendor/laravel/framework/src/Illuminate/Pipeline/Pipeline.php(219): Illuminate/Auth/Middleware/Authenticate->handle(Object(Illuminate/Http/Request), Object(Closure))
#24 D:/Backend-game-topup/web/project/app/Http/Middleware/VerifyCsrfToken.php(32): Illuminate/Pipeline/Pipeline->{closure:{closure:Illuminate/Pipeline/Pipeline::carry():194}:195}(Object(Illuminate/Http/Request))
#25 D:/Backend-game-topup/web/project/vendor/laravel/framework/src/Illuminate/Pipeline/Pipeline.php(219): App/Http/Middleware/VerifyCsrfToken->handle(Object(Illuminate/Http/Request), Object(Closure))
#26 D:/Backend-game-topup/web/project/vendor/laravel/framework/src/Illuminate/View/Middleware/ShareErrorsFromSession.php(48): Illuminate/Pipeline/Pipeline->{closure:{closure:Illuminate/Pipeline/Pipeline::carry():194}:195}(Object(Illuminate/Http/Request))
#27 D:/Backend-game-topup/web/project/vendor/laravel/framework/src/Illuminate/Pipeline/Pipeline.php(219): Illuminate/View/Middleware/ShareErrorsFromSession->handle(Object(Illuminate/Http/Request), Object(Closure))
#28 D:/Backend-game-topup/web/project/vendor/laravel/framework/src/Illuminate/Session/Middleware/StartSession.php(120): Illuminate/Pipeline/Pipeline->{closure:{closure:Illuminate/Pipeline/Pipeline::carry():194}:195}(Object(Illuminate/Http/Request))
#29 D:/Backend-game-topup/web/project/vendor/laravel/framework/src/Illuminate/Session/Middleware/StartSession.php(63): Illuminate/Session/Middleware/StartSession->handleStatefulRequest(Object(Illuminate/Http/Request), Object(Illuminate/Session/EncryptedStore), Object(Closure))
#30 D:/Backend-game-topup/web/project/vendor/laravel/framework/src/Illuminate/Pipeline/Pipeline.php(219): Illuminate/Session/Middleware/StartSession->handle(Object(Illuminate/Http/Request), Object(Closure))
#31 D:/Backend-game-topup/web/project/vendor/laravel/framework/src/Illuminate/Cookie/Middleware/AddQueuedCookiesToResponse.php(36): Illuminate/Pipeline/Pipeline->{closure:{closure:Illuminate/Pipeline/Pipeline::carry():194}:195}(Object(Illuminate/Http/Request))
#32 D:/Backend-game-topup/web/project/vendor/laravel/framework/src/Illuminate/Pipeline/Pipeline.php(219): Illuminate/Cookie/Middleware/AddQueuedCookiesToResponse->handle(Object(Illuminate/Http/Request), Object(Closure))
#33 D:/Backend-game-topup/web/project/vendor/laravel/framework/src/Illuminate/Cookie/Middleware/EncryptCookies.php(74): Illuminate/Pipeline/Pipeline->{closure:{closure:Illuminate/Pipeline/Pipeline::carry():194}:195}(Object(Illuminate/Http/Request))
#34 D:/Backend-game-topup/web/project/vendor/laravel/framework/src/Illuminate/Pipeline/Pipeline.php(219): Illuminate/Cookie/Middleware/EncryptCookies->handle(Object(Illuminate/Http/Request), Object(Closure))
#35 D:/Backend-game-topup/web/project/vendor/laravel/framework/src/Illuminate/Pipeline/Pipeline.php(137): Illuminate/Pipeline/Pipeline->{closure:{closure:Illuminate/Pipeline/Pipeline::carry():194}:195}(Object(Illuminate/Http/Request))
#36 D:/Backend-game-topup/web/project/vendor/laravel/framework/src/Illuminate/Routing/Router.php(821): Illuminate/Pipeline/Pipeline->then(Object(Closure))
#37 D:/Backend-game-topup/web/project/vendor/laravel/framework/src/Illuminate/Routing/Router.php(800): Illuminate/Routing/Router->runRouteWithinStack(Object(Illuminate/Routing/Route), Object(Illuminate/Http/Request))
#38 D:/Backend-game-topup/web/project/vendor/laravel/framework/src/Illuminate/Routing/Router.php(764): Illuminate/Routing/Router->runRoute(Object(Illuminate/Http/Request), Object(Illuminate/Routing/Route))
#39 D:/Backend-game-topup/web/project/vendor/laravel/framework/src/Illuminate/Routing/Router.php(753): Illuminate/Routing/Router->dispatchToRoute(Object(Illuminate/Http/Request))
#40 D:/Backend-game-topup/web/project/vendor/laravel/framework/src/Illuminate/Foundation/Http/Kernel.php(200): Illuminate/Routing/Router->dispatch(Object(Illuminate/Http/Request))
#41 D:/Backend-game-topup/web/project/vendor/laravel/framework/src/Illuminate/Pipeline/Pipeline.php(180): Illuminate/Foundation/Http/Kernel->{closure:Illuminate/Foundation/Http/Kernel::dispatchToRouter():197}(Object(Illuminate/Http/Request))
#42 D:/Backend-game-topup/web/project/vendor/livewire/livewire/src/Features/SupportDisablingBackButtonCache/DisableBackButtonCacheMiddleware.php(19): Illuminate/Pipeline/Pipeline->{closure:Illuminate/Pipeline/Pipeline::prepareDestination():178}(Object(Illuminate/Http/Request))
#43 D:/Backend-game-topup/web/project/vendor/laravel/framework/src/Illuminate/Pipeline/Pipeline.php(219): Livewire/Features/SupportDisablingBackButtonCache/DisableBackButtonCacheMiddleware->handle(Object(Illuminate/Http/Request), Object(Closure))
#44 D:/Backend-game-topup/web/project/vendor/laravel/framework/src/Illuminate/Foundation/Http/Middleware/TransformsRequest.php(21): Illuminate/Pipeline/Pipeline->{closure:{closure:Illuminate/Pipeline/Pipeline::carry():194}:195}(Object(Illuminate/Http/Request))
#45 D:/Backend-game-topup/web/project/vendor/laravel/framework/src/Illuminate/Foundation/Http/Middleware/ConvertEmptyStringsToNull.php(31): Illuminate/Foundation/Http/Middleware/TransformsRequest->handle(Object(Illuminate/Http/Request), Object(Closure))
#46 D:/Backend-game-topup/web/project/vendor/laravel/framework/src/Illuminate/Pipeline/Pipeline.php(219): Illuminate/Foundation/Http/Middleware/ConvertEmptyStringsToNull->handle(Object(Illuminate/Http/Request), Object(Closure))
#47 D:/Backend-game-topup/web/project/vendor/laravel/framework/src/Illuminate/Foundation/Http/Middleware/TransformsRequest.php(21): Illuminate/Pipeline/Pipeline->{closure:{closure:Illuminate/Pipeline/Pipeline::carry():194}:195}(Object(Illuminate/Http/Request))
#48 D:/Backend-game-topup/web/project/vendor/laravel/framework/src/Illuminate/Foundation/Http/Middleware/TrimStrings.php(51): Illuminate/Foundation/Http/Middleware/TransformsRequest->handle(Object(Illuminate/Http/Request), Object(Closure))
#49 D:/Backend-game-topup/web/project/vendor/laravel/framework/src/Illuminate/Pipeline/Pipeline.php(219): Illuminate/Foundation/Http/Middleware/TrimStrings->handle(Object(Illuminate/Http/Request), Object(Closure))
#50 D:/Backend-game-topup/web/project/vendor/laravel/framework/src/Illuminate/Http/Middleware/ValidatePostSize.php(27): Illuminate/Pipeline/Pipeline->{closure:{closure:Illuminate/Pipeline/Pipeline::carry():194}:195}(Object(Illuminate/Http/Request))
#51 D:/Backend-game-topup/web/project/vendor/laravel/framework/src/Illuminate/Pipeline/Pipeline.php(219): Illuminate/Http/Middleware/ValidatePostSize->handle(Object(Illuminate/Http/Request), Object(Closure))
#52 D:/Backend-game-topup/web/project/vendor/laravel/framework/src/Illuminate/Foundation/Http/Middleware/PreventRequestsDuringMaintenance.php(109): Illuminate/Pipeline/Pipeline->{closure:{closure:Illuminate/Pipeline/Pipeline::carry():194}:195}(Object(Illuminate/Http/Request))
#53 D:/Backend-game-topup/web/project/vendor/laravel/framework/src/Illuminate/Pipeline/Pipeline.php(219): Illuminate/Foundation/Http/Middleware/PreventRequestsDuringMaintenance->handle(Object(Illuminate/Http/Request), Object(Closure))
#54 D:/Backend-game-topup/web/project/vendor/laravel/framework/src/Illuminate/Http/Middleware/HandleCors.php(61): Illuminate/Pipeline/Pipeline->{closure:{closure:Illuminate/Pipeline/Pipeline::carry():194}:195}(Object(Illuminate/Http/Request))
#55 D:/Backend-game-topup/web/project/vendor/laravel/framework/src/Illuminate/Pipeline/Pipeline.php(219): Illuminate/Http/Middleware/HandleCors->handle(Object(Illuminate/Http/Request), Object(Closure))
#56 D:/Backend-game-topup/web/project/vendor/laravel/framework/src/Illuminate/Http/Middleware/TrustProxies.php(58): Illuminate/Pipeline/Pipeline->{closure:{closure:Illuminate/Pipeline/Pipeline::carry():194}:195}(Object(Illuminate/Http/Request))
#57 D:/Backend-game-topup/web/project/vendor/laravel/framework/src/Illuminate/Pipeline/Pipeline.php(219): Illuminate/Http/Middleware/TrustProxies->handle(Object(Illuminate/Http/Request), Object(Closure))
#58 D:/Backend-game-topup/web/project/vendor/laravel/framework/src/Illuminate/Http/Middleware/TrustHosts.php(78): Illuminate/Pipeline/Pipeline->{closure:{closure:Illuminate/Pipeline/Pipeline::carry():194}:195}(Object(Illuminate/Http/Request))
#59 D:/Backend-game-topup/web/project/vendor/laravel/framework/src/Illuminate/Pipeline/Pipeline.php(219): Illuminate/Http/Middleware/TrustHosts->handle(Object(Illuminate/Http/Request), Object(Closure))
#60 D:/Backend-game-topup/web/project/vendor/laravel/framework/src/Illuminate/Pipeline/Pipeline.php(137): Illuminate/Pipeline/Pipeline->{closure:{closure:Illuminate/Pipeline/Pipeline::carry():194}:195}(Object(Illuminate/Http/Request))
#61 D:/Backend-game-topup/web/project/vendor/laravel/framework/src/Illuminate/Foundation/Http/Kernel.php(175): Illuminate/Pipeline/Pipeline->then(Object(Closure))
#62 D:/Backend-game-topup/web/project/vendor/laravel/framework/src/Illuminate/Foundation/Http/Kernel.php(144): Illuminate/Foundation/Http/Kernel->sendRequestThroughRouter(Object(Illuminate/Http/Request))
#63 D:/Backend-game-topup/web/project/public/index.php(51): Illuminate/Foundation/Http/Kernel->handle(Object(Illuminate/Http/Request))
#64 D:/Backend-game-topup/web/project/server.php(21): require_once('D://Backend-game...')
#65 {main}
"} 
[2026-02-22 15:29:37] local.ERROR: Exception occurred: Undefined variable $referralCode (View: D:\Backend-game-topup\web\project\resources\views\template\register.blade.php) {"exception":"[object] (Illuminate\\View\\ViewException(code: 0): Undefined variable $referralCode (View: D:\\Backend-game-topup\\web\\project\\resources\\views\\template\\register.blade.php) at D:/Backend-game-topup/web/project/storage/framework/views/6166698dff91a6daea6a4f775f88b7f9.php:94)
[stacktrace]
#0 D:/Backend-game-topup/web/project/vendor/livewire/livewire/src/Mechanisms/ExtendBlade/ExtendedCompilerEngine.php(58): Illuminate/View/Engines/CompilerEngine->handleViewException(Object(ErrorException), 1)
#1 D:/Backend-game-topup/web/project/vendor/laravel/framework/src/Illuminate/View/Engines/PhpEngine.php(59): Livewire/Mechanisms/ExtendBlade/ExtendedCompilerEngine->handleViewException(Object(ErrorException), 1)
#2 D:/Backend-game-topup/web/project/vendor/livewire/livewire/src/Mechanisms/ExtendBlade/ExtendedCompilerEngine.php(22): Illuminate/View/Engines/PhpEngine->evaluatePath('D://Backend-game...', Array)
#3 D:/Backend-game-topup/web/project/vendor/laravel/framework/src/Illuminate/View/Engines/CompilerEngine.php(76): Livewire/Mechanisms/ExtendBlade/ExtendedCompilerEngine->evaluatePath('D://Backend-game...', Array)
#4 D:/Backend-game-topup/web/project/vendor/livewire/livewire/src/Mechanisms/ExtendBlade/ExtendedCompilerEngine.php(10): Illuminate/View/Engines/CompilerEngine->get('D://Backend-game...', Array)
#5 D:/Backend-game-topup/web/project/vendor/laravel/framework/src/Illuminate/View/View.php(208): Livewire/Mechanisms/ExtendBlade/ExtendedCompilerEngine->get('D://Backend-game...', Array)
#6 D:/Backend-game-topup/web/project/vendor/laravel/framework/src/Illuminate/View/View.php(191): Illuminate/View/View->getContents()
#7 D:/Backend-game-topup/web/project/vendor/laravel/framework/src/Illuminate/View/View.php(160): Illuminate/View/View->renderContents()
#8 D:/Backend-game-topup/web/project/vendor/laravel/framework/src/Illuminate/Http/Response.php(78): Illuminate/View/View->render()
#9 D:/Backend-game-topup/web/project/vendor/laravel/framework/src/Illuminate/Http/Response.php(34): Illuminate/Http/Response->setContent(Object(Illuminate/View/View))
#10 D:/Backend-game-topup/web/project/vendor/laravel/framework/src/Illuminate/Routing/Router.php(939): Illuminate/Http/Response->__construct(Object(Illuminate/View/View), 200, Array)
#11 D:/Backend-game-topup/web/project/vendor/laravel/framework/src/Illuminate/Routing/Router.php(906): Illuminate/Routing/Router::toResponse(Object(Illuminate/Http/Request), Object(Illuminate/View/View))
#12 D:/Backend-game-topup/web/project/vendor/laravel/framework/src/Illuminate/Routing/Router.php(821): Illuminate/Routing/Router->prepareResponse(Object(Illuminate/Http/Request), Object(Illuminate/View/View))
#13 D:/Backend-game-topup/web/project/vendor/laravel/framework/src/Illuminate/Pipeline/Pipeline.php(180): Illuminate/Routing/Router->{closure:Illuminate/Routing/Router::runRouteWithinStack():821}(Object(Illuminate/Http/Request))
#14 D:/Backend-game-topup/web/project/app/Http/Middleware/SanitizeInput.php(27): Illuminate/Pipeline/Pipeline->{closure:Illuminate/Pipeline/Pipeline::prepareDestination():178}(Object(Illuminate/Http/Request))
#15 D:/Backend-game-topup/web/project/vendor/laravel/framework/src/Illuminate/Pipeline/Pipeline.php(219): App/Http/Middleware/SanitizeInput->handle(Object(Illuminate/Http/Request), Object(Closure))
#16 D:/Backend-game-topup/web/project/app/Http/Middleware/XSSProtectionMiddleware.php(26): Illuminate/Pipeline/Pipeline->{closure:{closure:Illuminate/Pipeline/Pipeline::carry():194}:195}(Object(Illuminate/Http/Request))
#17 D:/Backend-game-topup/web/project/vendor/laravel/framework/src/Illuminate/Pipeline/Pipeline.php(219): App/Http/Middleware/XSSProtectionMiddleware->handle(Object(Illuminate/Http/Request), Object(Closure))
#18 D:/Backend-game-topup/web/project/app/Http/Middleware/TrackReferral.php(26): Illuminate/Pipeline/Pipeline->{closure:{closure:Illuminate/Pipeline/Pipeline::carry():194}:195}(Object(Illuminate/Http/Request))
#19 D:/Backend-game-topup/web/project/vendor/laravel/framework/src/Illuminate/Pipeline/Pipeline.php(219): App/Http/Middleware/TrackReferral->handle(Object(Illuminate/Http/Request), Object(Closure))
#20 D:/Backend-game-topup/web/project/app/Http/Middleware/CaptureTrafficSource.php(82): Illuminate/Pipeline/Pipeline->{closure:{closure:Illuminate/Pipeline/Pipeline::carry():194}:195}(Object(Illuminate/Http/Request))
#21 D:/Backend-game-topup/web/project/vendor/laravel/framework/src/Illuminate/Pipeline/Pipeline.php(219): App/Http/Middleware/CaptureTrafficSource->handle(Object(Illuminate/Http/Request), Object(Closure))
#22 D:/Backend-game-topup/web/project/app/Http/Middleware/LanguageDetectMiddleware.php(24): Illuminate/Pipeline/Pipeline->{closure:{closure:Illuminate/Pipeline/Pipeline::carry():194}:195}(Object(Illuminate/Http/Request))
#23 D:/Backend-game-topup/web/project/vendor/laravel/framework/src/Illuminate/Pipeline/Pipeline.php(219): App/Http/Middleware/LanguageDetectMiddleware->handle(Object(Illuminate/Http/Request), Object(Closure))
#24 D:/Backend-game-topup/web/project/app/Http/Middleware/TrackVisitors.php(33): Illuminate/Pipeline/Pipeline->{closure:{closure:Illuminate/Pipeline/Pipeline::carry():194}:195}(Object(Illuminate/Http/Request))
#25 D:/Backend-game-topup/web/project/vendor/laravel/framework/src/Illuminate/Pipeline/Pipeline.php(219): App/Http/Middleware/TrackVisitors->handle(Object(Illuminate/Http/Request), Object(Closure))
#26 D:/Backend-game-topup/web/project/app/Http/Middleware/AddExpirationDateToCookie.php(21): Illuminate/Pipeline/Pipeline->{closure:{closure:Illuminate/Pipeline/Pipeline::carry():194}:195}(Object(Illuminate/Http/Request))
#27 D:/Backend-game-topup/web/project/vendor/laravel/framework/src/Illuminate/Pipeline/Pipeline.php(219): App/Http/Middleware/AddExpirationDateToCookie->handle(Object(Illuminate/Http/Request), Object(Closure))
#28 D:/Backend-game-topup/web/project/vendor/laravel/framework/src/Illuminate/Routing/Middleware/SubstituteBindings.php(50): Illuminate/Pipeline/Pipeline->{closure:{closure:Illuminate/Pipeline/Pipeline::carry():194}:195}(Object(Illuminate/Http/Request))
#29 D:/Backend-game-topup/web/project/vendor/laravel/framework/src/Illuminate/Pipeline/Pipeline.php(219): Illuminate/Routing/Middleware/SubstituteBindings->handle(Object(Illuminate/Http/Request), Object(Closure))
#30 D:/Backend-game-topup/web/project/app/Http/Middleware/VerifyCsrfToken.php(32): Illuminate/Pipeline/Pipeline->{closure:{closure:Illuminate/Pipeline/Pipeline::carry():194}:195}(Object(Illuminate/Http/Request))
#31 D:/Backend-game-topup/web/project/vendor/laravel/framework/src/Illuminate/Pipeline/Pipeline.php(219): App/Http/Middleware/VerifyCsrfToken->handle(Object(Illuminate/Http/Request), Object(Closure))
#32 D:/Backend-game-topup/web/project/vendor/laravel/framework/src/Illuminate/View/Middleware/ShareErrorsFromSession.php(48): Illuminate/Pipeline/Pipeline->{closure:{closure:Illuminate/Pipeline/Pipeline::carry():194}:195}(Object(Illuminate/Http/Request))
#33 D:/Backend-game-topup/web/project/vendor/laravel/framework/src/Illuminate/Pipeline/Pipeline.php(219): Illuminate/View/Middleware/ShareErrorsFromSession->handle(Object(Illuminate/Http/Request), Object(Closure))
#34 D:/Backend-game-topup/web/project/vendor/laravel/framework/src/Illuminate/Session/Middleware/StartSession.php(120): Illuminate/Pipeline/Pipeline->{closure:{closure:Illuminate/Pipeline/Pipeline::carry():194}:195}(Object(Illuminate/Http/Request))
#35 D:/Backend-game-topup/web/project/vendor/laravel/framework/src/Illuminate/Session/Middleware/StartSession.php(63): Illuminate/Session/Middleware/StartSession->handleStatefulRequest(Object(Illuminate/Http/Request), Object(Illuminate/Session/EncryptedStore), Object(Closure))
#36 D:/Backend-game-topup/web/project/vendor/laravel/framework/src/Illuminate/Pipeline/Pipeline.php(219): Illuminate/Session/Middleware/StartSession->handle(Object(Illuminate/Http/Request), Object(Closure))
#37 D:/Backend-game-topup/web/project/vendor/laravel/framework/src/Illuminate/Cookie/Middleware/AddQueuedCookiesToResponse.php(36): Illuminate/Pipeline/Pipeline->{closure:{closure:Illuminate/Pipeline/Pipeline::carry():194}:195}(Object(Illuminate/Http/Request))
#38 D:/Backend-game-topup/web/project/vendor/laravel/framework/src/Illuminate/Pipeline/Pipeline.php(219): Illuminate/Cookie/Middleware/AddQueuedCookiesToResponse->handle(Object(Illuminate/Http/Request), Object(Closure))
#39 D:/Backend-game-topup/web/project/vendor/laravel/framework/src/Illuminate/Cookie/Middleware/EncryptCookies.php(74): Illuminate/Pipeline/Pipeline->{closure:{closure:Illuminate/Pipeline/Pipeline::carry():194}:195}(Object(Illuminate/Http/Request))
#40 D:/Backend-game-topup/web/project/vendor/laravel/framework/src/Illuminate/Pipeline/Pipeline.php(219): Illuminate/Cookie/Middleware/EncryptCookies->handle(Object(Illuminate/Http/Request), Object(Closure))
#41 D:/Backend-game-topup/web/project/vendor/laravel/framework/src/Illuminate/Pipeline/Pipeline.php(137): Illuminate/Pipeline/Pipeline->{closure:{closure:Illuminate/Pipeline/Pipeline::carry():194}:195}(Object(Illuminate/Http/Request))
#42 D:/Backend-game-topup/web/project/vendor/laravel/framework/src/Illuminate/Routing/Router.php(821): Illuminate/Pipeline/Pipeline->then(Object(Closure))
#43 D:/Backend-game-topup/web/project/vendor/laravel/framework/src/Illuminate/Routing/Router.php(800): Illuminate/Routing/Router->runRouteWithinStack(Object(Illuminate/Routing/Route), Object(Illuminate/Http/Request))
#44 D:/Backend-game-topup/web/project/vendor/laravel/framework/src/Illuminate/Routing/Router.php(764): Illuminate/Routing/Router->runRoute(Object(Illuminate/Http/Request), Object(Illuminate/Routing/Route))
#45 D:/Backend-game-topup/web/project/vendor/laravel/framework/src/Illuminate/Routing/Router.php(753): Illuminate/Routing/Router->dispatchToRoute(Object(Illuminate/Http/Request))
#46 D:/Backend-game-topup/web/project/vendor/laravel/framework/src/Illuminate/Foundation/Http/Kernel.php(200): Illuminate/Routing/Router->dispatch(Object(Illuminate/Http/Request))
#47 D:/Backend-game-topup/web/project/vendor/laravel/framework/src/Illuminate/Pipeline/Pipeline.php(180): Illuminate/Foundation/Http/Kernel->{closure:Illuminate/Foundation/Http/Kernel::dispatchToRouter():197}(Object(Illuminate/Http/Request))
#48 D:/Backend-game-topup/web/project/vendor/livewire/livewire/src/Features/SupportDisablingBackButtonCache/DisableBackButtonCacheMiddleware.php(19): Illuminate/Pipeline/Pipeline->{closure:Illuminate/Pipeline/Pipeline::prepareDestination():178}(Object(Illuminate/Http/Request))
#49 D:/Backend-game-topup/web/project/vendor/laravel/framework/src/Illuminate/Pipeline/Pipeline.php(219): Livewire/Features/SupportDisablingBackButtonCache/DisableBackButtonCacheMiddleware->handle(Object(Illuminate/Http/Request), Object(Closure))
#50 D:/Backend-game-topup/web/project/vendor/laravel/framework/src/Illuminate/Foundation/Http/Middleware/TransformsRequest.php(21): Illuminate/Pipeline/Pipeline->{closure:{closure:Illuminate/Pipeline/Pipeline::carry():194}:195}(Object(Illuminate/Http/Request))
#51 D:/Backend-game-topup/web/project/vendor/laravel/framework/src/Illuminate/Foundation/Http/Middleware/ConvertEmptyStringsToNull.php(31): Illuminate/Foundation/Http/Middleware/TransformsRequest->handle(Object(Illuminate/Http/Request), Object(Closure))
#52 D:/Backend-game-topup/web/project/vendor/laravel/framework/src/Illuminate/Pipeline/Pipeline.php(219): Illuminate/Foundation/Http/Middleware/ConvertEmptyStringsToNull->handle(Object(Illuminate/Http/Request), Object(Closure))
#53 D:/Backend-game-topup/web/project/vendor/laravel/framework/src/Illuminate/Foundation/Http/Middleware/TransformsRequest.php(21): Illuminate/Pipeline/Pipeline->{closure:{closure:Illuminate/Pipeline/Pipeline::carry():194}:195}(Object(Illuminate/Http/Request))
#54 D:/Backend-game-topup/web/project/vendor/laravel/framework/src/Illuminate/Foundation/Http/Middleware/TrimStrings.php(51): Illuminate/Foundation/Http/Middleware/TransformsRequest->handle(Object(Illuminate/Http/Request), Object(Closure))
#55 D:/Backend-game-topup/web/project/vendor/laravel/framework/src/Illuminate/Pipeline/Pipeline.php(219): Illuminate/Foundation/Http/Middleware/TrimStrings->handle(Object(Illuminate/Http/Request), Object(Closure))
#56 D:/Backend-game-topup/web/project/vendor/laravel/framework/src/Illuminate/Http/Middleware/ValidatePostSize.php(27): Illuminate/Pipeline/Pipeline->{closure:{closure:Illuminate/Pipeline/Pipeline::carry():194}:195}(Object(Illuminate/Http/Request))
#57 D:/Backend-game-topup/web/project/vendor/laravel/framework/src/Illuminate/Pipeline/Pipeline.php(219): Illuminate/Http/Middleware/ValidatePostSize->handle(Object(Illuminate/Http/Request), Object(Closure))
#58 D:/Backend-game-topup/web/project/vendor/laravel/framework/src/Illuminate/Foundation/Http/Middleware/PreventRequestsDuringMaintenance.php(109): Illuminate/Pipeline/Pipeline->{closure:{closure:Illuminate/Pipeline/Pipeline::carry():194}:195}(Object(Illuminate/Http/Request))
#59 D:/Backend-game-topup/web/project/vendor/laravel/framework/src/Illuminate/Pipeline/Pipeline.php(219): Illuminate/Foundation/Http/Middleware/PreventRequestsDuringMaintenance->handle(Object(Illuminate/Http/Request), Object(Closure))
#60 D:/Backend-game-topup/web/project/vendor/laravel/framework/src/Illuminate/Http/Middleware/HandleCors.php(61): Illuminate/Pipeline/Pipeline->{closure:{closure:Illuminate/Pipeline/Pipeline::carry():194}:195}(Object(Illuminate/Http/Request))
#61 D:/Backend-game-topup/web/project/vendor/laravel/framework/src/Illuminate/Pipeline/Pipeline.php(219): Illuminate/Http/Middleware/HandleCors->handle(Object(Illuminate/Http/Request), Object(Closure))
#62 D:/Backend-game-topup/web/project/vendor/laravel/framework/src/Illuminate/Http/Middleware/TrustProxies.php(58): Illuminate/Pipeline/Pipeline->{closure:{closure:Illuminate/Pipeline/Pipeline::carry():194}:195}(Object(Illuminate/Http/Request))
#63 D:/Backend-game-topup/web/project/vendor/laravel/framework/src/Illuminate/Pipeline/Pipeline.php(219): Illuminate/Http/Middleware/TrustProxies->handle(Object(Illuminate/Http/Request), Object(Closure))
#64 D:/Backend-game-topup/web/project/vendor/laravel/framework/src/Illuminate/Http/Middleware/TrustHosts.php(78): Illuminate/Pipeline/Pipeline->{closure:{closure:Illuminate/Pipeline/Pipeline::carry():194}:195}(Object(Illuminate/Http/Request))
#65 D:/Backend-game-topup/web/project/vendor/laravel/framework/src/Illuminate/Pipeline/Pipeline.php(219): Illuminate/Http/Middleware/TrustHosts->handle(Object(Illuminate/Http/Request), Object(Closure))
#66 D:/Backend-game-topup/web/project/vendor/laravel/framework/src/Illuminate/Pipeline/Pipeline.php(137): Illuminate/Pipeline/Pipeline->{closure:{closure:Illuminate/Pipeline/Pipeline::carry():194}:195}(Object(Illuminate/Http/Request))
#67 D:/Backend-game-topup/web/project/vendor/laravel/framework/src/Illuminate/Foundation/Http/Kernel.php(175): Illuminate/Pipeline/Pipeline->then(Object(Closure))
#68 D:/Backend-game-topup/web/project/vendor/laravel/framework/src/Illuminate/Foundation/Http/Kernel.php(144): Illuminate/Foundation/Http/Kernel->sendRequestThroughRouter(Object(Illuminate/Http/Request))
#69 D:/Backend-game-topup/web/project/public/index.php(51): Illuminate/Foundation/Http/Kernel->handle(Object(Illuminate/Http/Request))
#70 D:/Backend-game-topup/web/project/server.php(21): require_once('D://Backend-game...')
#71 {main}

[previous exception] [object] (ErrorException(code: 0): Undefined variable $referralCode at D:/Backend-game-topup/web/project/storage/framework/views/6166698dff91a6daea6a4f775f88b7f9.php:94)
[stacktrace]
#0 D:/Backend-game-topup/web/project/vendor/laravel/framework/src/Illuminate/Foundation/Bootstrap/HandleExceptions.php(258): Illuminate/Foundation/Bootstrap/HandleExceptions->handleError(2, 'Undefined varia...', 'D://Backend-game...', 94)
#1 D:/Backend-game-topup/web/project/storage/framework/views/6166698dff91a6daea6a4f775f88b7f9.php(94): Illuminate/Foundation/Bootstrap/HandleExceptions->{closure:Illuminate/Foundation/Bootstrap/HandleExceptions::forwardsTo():257}(2, 'Undefined varia...', 'D://Backend-game...', 94)
#2 D:/Backend-game-topup/web/project/vendor/laravel/framework/src/Illuminate/Filesystem/Filesystem.php(123): require('D://Backend-game...')
#3 D:/Backend-game-topup/web/project/vendor/laravel/framework/src/Illuminate/Filesystem/Filesystem.php(124): Illuminate/Filesystem/Filesystem::{closure:Illuminate/Filesystem/Filesystem::getRequire():120}()
#4 D:/Backend-game-topup/web/project/vendor/laravel/framework/src/Illuminate/View/Engines/PhpEngine.php(57): Illuminate/Filesystem/Filesystem->getRequire('D://Backend-game...', Array)
#5 D:/Backend-game-topup/web/project/vendor/livewire/livewire/src/Mechanisms/ExtendBlade/ExtendedCompilerEngine.php(22): Illuminate/View/Engines/PhpEngine->evaluatePath('D://Backend-game...', Array)
#6 D:/Backend-game-topup/web/project/vendor/laravel/framework/src/Illuminate/View/Engines/CompilerEngine.php(76): Livewire/Mechanisms/ExtendBlade/ExtendedCompilerEngine->evaluatePath('D://Backend-game...', Array)
#7 D:/Backend-game-topup/web/project/vendor/livewire/livewire/src/Mechanisms/ExtendBlade/ExtendedCompilerEngine.php(10): Illuminate/View/Engines/CompilerEngine->get('D://Backend-game...', Array)
#8 D:/Backend-game-topup/web/project/vendor/laravel/framework/src/Illuminate/View/View.php(208): Livewire/Mechanisms/ExtendBlade/ExtendedCompilerEngine->get('D://Backend-game...', Array)
#9 D:/Backend-game-topup/web/project/vendor/laravel/framework/src/Illuminate/View/View.php(191): Illuminate/View/View->getContents()
#10 D:/Backend-game-topup/web/project/vendor/laravel/framework/src/Illuminate/View/View.php(160): Illuminate/View/View->renderContents()
#11 D:/Backend-game-topup/web/project/vendor/laravel/framework/src/Illuminate/Http/Response.php(78): Illuminate/View/View->render()
#12 D:/Backend-game-topup/web/project/vendor/laravel/framework/src/Illuminate/Http/Response.php(34): Illuminate/Http/Response->setContent(Object(Illuminate/View/View))
#13 D:/Backend-game-topup/web/project/vendor/laravel/framework/src/Illuminate/Routing/Router.php(939): Illuminate/Http/Response->__construct(Object(Illuminate/View/View), 200, Array)
#14 D:/Backend-game-topup/web/project/vendor/laravel/framework/src/Illuminate/Routing/Router.php(906): Illuminate/Routing/Router::toResponse(Object(Illuminate/Http/Request), Object(Illuminate/View/View))
#15 D:/Backend-game-topup/web/project/vendor/laravel/framework/src/Illuminate/Routing/Router.php(821): Illuminate/Routing/Router->prepareResponse(Object(Illuminate/Http/Request), Object(Illuminate/View/View))
#16 D:/Backend-game-topup/web/project/vendor/laravel/framework/src/Illuminate/Pipeline/Pipeline.php(180): Illuminate/Routing/Router->{closure:Illuminate/Routing/Router::runRouteWithinStack():821}(Object(Illuminate/Http/Request))
#17 D:/Backend-game-topup/web/project/app/Http/Middleware/SanitizeInput.php(27): Illuminate/Pipeline/Pipeline->{closure:Illuminate/Pipeline/Pipeline::prepareDestination():178}(Object(Illuminate/Http/Request))
#18 D:/Backend-game-topup/web/project/vendor/laravel/framework/src/Illuminate/Pipeline/Pipeline.php(219): App/Http/Middleware/SanitizeInput->handle(Object(Illuminate/Http/Request), Object(Closure))
#19 D:/Backend-game-topup/web/project/app/Http/Middleware/XSSProtectionMiddleware.php(26): Illuminate/Pipeline/Pipeline->{closure:{closure:Illuminate/Pipeline/Pipeline::carry():194}:195}(Object(Illuminate/Http/Request))
#20 D:/Backend-game-topup/web/project/vendor/laravel/framework/src/Illuminate/Pipeline/Pipeline.php(219): App/Http/Middleware/XSSProtectionMiddleware->handle(Object(Illuminate/Http/Request), Object(Closure))
#21 D:/Backend-game-topup/web/project/app/Http/Middleware/TrackReferral.php(26): Illuminate/Pipeline/Pipeline->{closure:{closure:Illuminate/Pipeline/Pipeline::carry():194}:195}(Object(Illuminate/Http/Request))
#22 D:/Backend-game-topup/web/project/vendor/laravel/framework/src/Illuminate/Pipeline/Pipeline.php(219): App/Http/Middleware/TrackReferral->handle(Object(Illuminate/Http/Request), Object(Closure))
#23 D:/Backend-game-topup/web/project/app/Http/Middleware/CaptureTrafficSource.php(82): Illuminate/Pipeline/Pipeline->{closure:{closure:Illuminate/Pipeline/Pipeline::carry():194}:195}(Object(Illuminate/Http/Request))
#24 D:/Backend-game-topup/web/project/vendor/laravel/framework/src/Illuminate/Pipeline/Pipeline.php(219): App/Http/Middleware/CaptureTrafficSource->handle(Object(Illuminate/Http/Request), Object(Closure))
#25 D:/Backend-game-topup/web/project/app/Http/Middleware/LanguageDetectMiddleware.php(24): Illuminate/Pipeline/Pipeline->{closure:{closure:Illuminate/Pipeline/Pipeline::carry():194}:195}(Object(Illuminate/Http/Request))
#26 D:/Backend-game-topup/web/project/vendor/laravel/framework/src/Illuminate/Pipeline/Pipeline.php(219): App/Http/Middleware/LanguageDetectMiddleware->handle(Object(Illuminate/Http/Request), Object(Closure))
#27 D:/Backend-game-topup/web/project/app/Http/Middleware/TrackVisitors.php(33): Illuminate/Pipeline/Pipeline->{closure:{closure:Illuminate/Pipeline/Pipeline::carry():194}:195}(Object(Illuminate/Http/Request))
#28 D:/Backend-game-topup/web/project/vendor/laravel/framework/src/Illuminate/Pipeline/Pipeline.php(219): App/Http/Middleware/TrackVisitors->handle(Object(Illuminate/Http/Request), Object(Closure))
#29 D:/Backend-game-topup/web/project/app/Http/Middleware/AddExpirationDateToCookie.php(21): Illuminate/Pipeline/Pipeline->{closure:{closure:Illuminate/Pipeline/Pipeline::carry():194}:195}(Object(Illuminate/Http/Request))
#30 D:/Backend-game-topup/web/project/vendor/laravel/framework/src/Illuminate/Pipeline/Pipeline.php(219): App/Http/Middleware/AddExpirationDateToCookie->handle(Object(Illuminate/Http/Request), Object(Closure))
#31 D:/Backend-game-topup/web/project/vendor/laravel/framework/src/Illuminate/Routing/Middleware/SubstituteBindings.php(50): Illuminate/Pipeline/Pipeline->{closure:{closure:Illuminate/Pipeline/Pipeline::carry():194}:195}(Object(Illuminate/Http/Request))
#32 D:/Backend-game-topup/web/project/vendor/laravel/framework/src/Illuminate/Pipeline/Pipeline.php(219): Illuminate/Routing/Middleware/SubstituteBindings->handle(Object(Illuminate/Http/Request), Object(Closure))
#33 D:/Backend-game-topup/web/project/app/Http/Middleware/VerifyCsrfToken.php(32): Illuminate/Pipeline/Pipeline->{closure:{closure:Illuminate/Pipeline/Pipeline::carry():194}:195}(Object(Illuminate/Http/Request))
#34 D:/Backend-game-topup/web/project/vendor/laravel/framework/src/Illuminate/Pipeline/Pipeline.php(219): App/Http/Middleware/VerifyCsrfToken->handle(Object(Illuminate/Http/Request), Object(Closure))
#35 D:/Backend-game-topup/web/project/vendor/laravel/framework/src/Illuminate/View/Middleware/ShareErrorsFromSession.php(48): Illuminate/Pipeline/Pipeline->{closure:{closure:Illuminate/Pipeline/Pipeline::carry():194}:195}(Object(Illuminate/Http/Request))
#36 D:/Backend-game-topup/web/project/vendor/laravel/framework/src/Illuminate/Pipeline/Pipeline.php(219): Illuminate/View/Middleware/ShareErrorsFromSession->handle(Object(Illuminate/Http/Request), Object(Closure))
#37 D:/Backend-game-topup/web/project/vendor/laravel/framework/src/Illuminate/Session/Middleware/StartSession.php(120): Illuminate/Pipeline/Pipeline->{closure:{closure:Illuminate/Pipeline/Pipeline::carry():194}:195}(Object(Illuminate/Http/Request))
#38 D:/Backend-game-topup/web/project/vendor/laravel/framework/src/Illuminate/Session/Middleware/StartSession.php(63): Illuminate/Session/Middleware/StartSession->handleStatefulRequest(Object(Illuminate/Http/Request), Object(Illuminate/Session/EncryptedStore), Object(Closure))
#39 D:/Backend-game-topup/web/project/vendor/laravel/framework/src/Illuminate/Pipeline/Pipeline.php(219): Illuminate/Session/Middleware/StartSession->handle(Object(Illuminate/Http/Request), Object(Closure))
#40 D:/Backend-game-topup/web/project/vendor/laravel/framework/src/Illuminate/Cookie/Middleware/AddQueuedCookiesToResponse.php(36): Illuminate/Pipeline/Pipeline->{closure:{closure:Illuminate/Pipeline/Pipeline::carry():194}:195}(Object(Illuminate/Http/Request))
#41 D:/Backend-game-topup/web/project/vendor/laravel/framework/src/Illuminate/Pipeline/Pipeline.php(219): Illuminate/Cookie/Middleware/AddQueuedCookiesToResponse->handle(Object(Illuminate/Http/Request), Object(Closure))
#42 D:/Backend-game-topup/web/project/vendor/laravel/framework/src/Illuminate/Cookie/Middleware/EncryptCookies.php(74): Illuminate/Pipeline/Pipeline->{closure:{closure:Illuminate/Pipeline/Pipeline::carry():194}:195}(Object(Illuminate/Http/Request))
#43 D:/Backend-game-topup/web/project/vendor/laravel/framework/src/Illuminate/Pipeline/Pipeline.php(219): Illuminate/Cookie/Middleware/EncryptCookies->handle(Object(Illuminate/Http/Request), Object(Closure))
#44 D:/Backend-game-topup/web/project/vendor/laravel/framework/src/Illuminate/Pipeline/Pipeline.php(137): Illuminate/Pipeline/Pipeline->{closure:{closure:Illuminate/Pipeline/Pipeline::carry():194}:195}(Object(Illuminate/Http/Request))
#45 D:/Backend-game-topup/web/project/vendor/laravel/framework/src/Illuminate/Routing/Router.php(821): Illuminate/Pipeline/Pipeline->then(Object(Closure))
#46 D:/Backend-game-topup/web/project/vendor/laravel/framework/src/Illuminate/Routing/Router.php(800): Illuminate/Routing/Router->runRouteWithinStack(Object(Illuminate/Routing/Route), Object(Illuminate/Http/Request))
#47 D:/Backend-game-topup/web/project/vendor/laravel/framework/src/Illuminate/Routing/Router.php(764): Illuminate/Routing/Router->runRoute(Object(Illuminate/Http/Request), Object(Illuminate/Routing/Route))
#48 D:/Backend-game-topup/web/project/vendor/laravel/framework/src/Illuminate/Routing/Router.php(753): Illuminate/Routing/Router->dispatchToRoute(Object(Illuminate/Http/Request))
#49 D:/Backend-game-topup/web/project/vendor/laravel/framework/src/Illuminate/Foundation/Http/Kernel.php(200): Illuminate/Routing/Router->dispatch(Object(Illuminate/Http/Request))
#50 D:/Backend-game-topup/web/project/vendor/laravel/framework/src/Illuminate/Pipeline/Pipeline.php(180): Illuminate/Foundation/Http/Kernel->{closure:Illuminate/Foundation/Http/Kernel::dispatchToRouter():197}(Object(Illuminate/Http/Request))
#51 D:/Backend-game-topup/web/project/vendor/livewire/livewire/src/Features/SupportDisablingBackButtonCache/DisableBackButtonCacheMiddleware.php(19): Illuminate/Pipeline/Pipeline->{closure:Illuminate/Pipeline/Pipeline::prepareDestination():178}(Object(Illuminate/Http/Request))
#52 D:/Backend-game-topup/web/project/vendor/laravel/framework/src/Illuminate/Pipeline/Pipeline.php(219): Livewire/Features/SupportDisablingBackButtonCache/DisableBackButtonCacheMiddleware->handle(Object(Illuminate/Http/Request), Object(Closure))
#53 D:/Backend-game-topup/web/project/vendor/laravel/framework/src/Illuminate/Foundation/Http/Middleware/TransformsRequest.php(21): Illuminate/Pipeline/Pipeline->{closure:{closure:Illuminate/Pipeline/Pipeline::carry():194}:195}(Object(Illuminate/Http/Request))
#54 D:/Backend-game-topup/web/project/vendor/laravel/framework/src/Illuminate/Foundation/Http/Middleware/ConvertEmptyStringsToNull.php(31): Illuminate/Foundation/Http/Middleware/TransformsRequest->handle(Object(Illuminate/Http/Request), Object(Closure))
#55 D:/Backend-game-topup/web/project/vendor/laravel/framework/src/Illuminate/Pipeline/Pipeline.php(219): Illuminate/Foundation/Http/Middleware/ConvertEmptyStringsToNull->handle(Object(Illuminate/Http/Request), Object(Closure))
#56 D:/Backend-game-topup/web/project/vendor/laravel/framework/src/Illuminate/Foundation/Http/Middleware/TransformsRequest.php(21): Illuminate/Pipeline/Pipeline->{closure:{closure:Illuminate/Pipeline/Pipeline::carry():194}:195}(Object(Illuminate/Http/Request))
#57 D:/Backend-game-topup/web/project/vendor/laravel/framework/src/Illuminate/Foundation/Http/Middleware/TrimStrings.php(51): Illuminate/Foundation/Http/Middleware/TransformsRequest->handle(Object(Illuminate/Http/Request), Object(Closure))
#58 D:/Backend-game-topup/web/project/vendor/laravel/framework/src/Illuminate/Pipeline/Pipeline.php(219): Illuminate/Foundation/Http/Middleware/TrimStrings->handle(Object(Illuminate/Http/Request), Object(Closure))
#59 D:/Backend-game-topup/web/project/vendor/laravel/framework/src/Illuminate/Http/Middleware/ValidatePostSize.php(27): Illuminate/Pipeline/Pipeline->{closure:{closure:Illuminate/Pipeline/Pipeline::carry():194}:195}(Object(Illuminate/Http/Request))
#60 D:/Backend-game-topup/web/project/vendor/laravel/framework/src/Illuminate/Pipeline/Pipeline.php(219): Illuminate/Http/Middleware/ValidatePostSize->handle(Object(Illuminate/Http/Request), Object(Closure))
#61 D:/Backend-game-topup/web/project/vendor/laravel/framework/src/Illuminate/Foundation/Http/Middleware/PreventRequestsDuringMaintenance.php(109): Illuminate/Pipeline/Pipeline->{closure:{closure:Illuminate/Pipeline/Pipeline::carry():194}:195}(Object(Illuminate/Http/Request))
#62 D:/Backend-game-topup/web/project/vendor/laravel/framework/src/Illuminate/Pipeline/Pipeline.php(219): Illuminate/Foundation/Http/Middleware/PreventRequestsDuringMaintenance->handle(Object(Illuminate/Http/Request), Object(Closure))
#63 D:/Backend-game-topup/web/project/vendor/laravel/framework/src/Illuminate/Http/Middleware/HandleCors.php(61): Illuminate/Pipeline/Pipeline->{closure:{closure:Illuminate/Pipeline/Pipeline::carry():194}:195}(Object(Illuminate/Http/Request))
#64 D:/Backend-game-topup/web/project/vendor/laravel/framework/src/Illuminate/Pipeline/Pipeline.php(219): Illuminate/Http/Middleware/HandleCors->handle(Object(Illuminate/Http/Request), Object(Closure))
#65 D:/Backend-game-topup/web/project/vendor/laravel/framework/src/Illuminate/Http/Middleware/TrustProxies.php(58): Illuminate/Pipeline/Pipeline->{closure:{closure:Illuminate/Pipeline/Pipeline::carry():194}:195}(Object(Illuminate/Http/Request))
#66 D:/Backend-game-topup/web/project/vendor/laravel/framework/src/Illuminate/Pipeline/Pipeline.php(219): Illuminate/Http/Middleware/TrustProxies->handle(Object(Illuminate/Http/Request), Object(Closure))
#67 D:/Backend-game-topup/web/project/vendor/laravel/framework/src/Illuminate/Http/Middleware/TrustHosts.php(78): Illuminate/Pipeline/Pipeline->{closure:{closure:Illuminate/Pipeline/Pipeline::carry():194}:195}(Object(Illuminate/Http/Request))
#68 D:/Backend-game-topup/web/project/vendor/laravel/framework/src/Illuminate/Pipeline/Pipeline.php(219): Illuminate/Http/Middleware/TrustHosts->handle(Object(Illuminate/Http/Request), Object(Closure))
#69 D:/Backend-game-topup/web/project/vendor/laravel/framework/src/Illuminate/Pipeline/Pipeline.php(137): Illuminate/Pipeline/Pipeline->{closure:{closure:Illuminate/Pipeline/Pipeline::carry():194}:195}(Object(Illuminate/Http/Request))
#70 D:/Backend-game-topup/web/project/vendor/laravel/framework/src/Illuminate/Foundation/Http/Kernel.php(175): Illuminate/Pipeline/Pipeline->then(Object(Closure))
#71 D:/Backend-game-topup/web/project/vendor/laravel/framework/src/Illuminate/Foundation/Http/Kernel.php(144): Illuminate/Foundation/Http/Kernel->sendRequestThroughRouter(Object(Illuminate/Http/Request))
#72 D:/Backend-game-topup/web/project/public/index.php(51): Illuminate/Foundation/Http/Kernel->handle(Object(Illuminate/Http/Request))
#73 D:/Backend-game-topup/web/project/server.php(21): require_once('D://Backend-game...')
#74 {main}
"} 
[2026-02-22 15:29:37] local.ERROR: Undefined variable $referralCode (View: D:\Backend-game-topup\web\project\resources\views\template\register.blade.php) {"exception":"[object] (Illuminate\\View\\ViewException(code: 0): Undefined variable $referralCode (View: D:\\Backend-game-topup\\web\\project\\resources\\views\\template\\register.blade.php) at D:/Backend-game-topup/web/project/storage/framework/views/6166698dff91a6daea6a4f775f88b7f9.php:94)
[stacktrace]
#0 D:/Backend-game-topup/web/project/vendor/livewire/livewire/src/Mechanisms/ExtendBlade/ExtendedCompilerEngine.php(58): Illuminate/View/Engines/CompilerEngine->handleViewException(Object(ErrorException), 1)
#1 D:/Backend-game-topup/web/project/vendor/laravel/framework/src/Illuminate/View/Engines/PhpEngine.php(59): Livewire/Mechanisms/ExtendBlade/ExtendedCompilerEngine->handleViewException(Object(ErrorException), 1)
#2 D:/Backend-game-topup/web/project/vendor/livewire/livewire/src/Mechanisms/ExtendBlade/ExtendedCompilerEngine.php(22): Illuminate/View/Engines/PhpEngine->evaluatePath('D://Backend-game...', Array)
#3 D:/Backend-game-topup/web/project/vendor/laravel/framework/src/Illuminate/View/Engines/CompilerEngine.php(76): Livewire/Mechanisms/ExtendBlade/ExtendedCompilerEngine->evaluatePath('D://Backend-game...', Array)
#4 D:/Backend-game-topup/web/project/vendor/livewire/livewire/src/Mechanisms/ExtendBlade/ExtendedCompilerEngine.php(10): Illuminate/View/Engines/CompilerEngine->get('D://Backend-game...', Array)
#5 D:/Backend-game-topup/web/project/vendor/laravel/framework/src/Illuminate/View/View.php(208): Livewire/Mechanisms/ExtendBlade/ExtendedCompilerEngine->get('D://Backend-game...', Array)
#6 D:/Backend-game-topup/web/project/vendor/laravel/framework/src/Illuminate/View/View.php(191): Illuminate/View/View->getContents()
#7 D:/Backend-game-topup/web/project/vendor/laravel/framework/src/Illuminate/View/View.php(160): Illuminate/View/View->renderContents()
#8 D:/Backend-game-topup/web/project/vendor/laravel/framework/src/Illuminate/Http/Response.php(78): Illuminate/View/View->render()
#9 D:/Backend-game-topup/web/project/vendor/laravel/framework/src/Illuminate/Http/Response.php(34): Illuminate/Http/Response->setContent(Object(Illuminate/View/View))
#10 D:/Backend-game-topup/web/project/vendor/laravel/framework/src/Illuminate/Routing/Router.php(939): Illuminate/Http/Response->__construct(Object(Illuminate/View/View), 200, Array)
#11 D:/Backend-game-topup/web/project/vendor/laravel/framework/src/Illuminate/Routing/Router.php(906): Illuminate/Routing/Router::toResponse(Object(Illuminate/Http/Request), Object(Illuminate/View/View))
#12 D:/Backend-game-topup/web/project/vendor/laravel/framework/src/Illuminate/Routing/Router.php(821): Illuminate/Routing/Router->prepareResponse(Object(Illuminate/Http/Request), Object(Illuminate/View/View))
#13 D:/Backend-game-topup/web/project/vendor/laravel/framework/src/Illuminate/Pipeline/Pipeline.php(180): Illuminate/Routing/Router->{closure:Illuminate/Routing/Router::runRouteWithinStack():821}(Object(Illuminate/Http/Request))
#14 D:/Backend-game-topup/web/project/app/Http/Middleware/SanitizeInput.php(27): Illuminate/Pipeline/Pipeline->{closure:Illuminate/Pipeline/Pipeline::prepareDestination():178}(Object(Illuminate/Http/Request))
#15 D:/Backend-game-topup/web/project/vendor/laravel/framework/src/Illuminate/Pipeline/Pipeline.php(219): App/Http/Middleware/SanitizeInput->handle(Object(Illuminate/Http/Request), Object(Closure))
#16 D:/Backend-game-topup/web/project/app/Http/Middleware/XSSProtectionMiddleware.php(26): Illuminate/Pipeline/Pipeline->{closure:{closure:Illuminate/Pipeline/Pipeline::carry():194}:195}(Object(Illuminate/Http/Request))
#17 D:/Backend-game-topup/web/project/vendor/laravel/framework/src/Illuminate/Pipeline/Pipeline.php(219): App/Http/Middleware/XSSProtectionMiddleware->handle(Object(Illuminate/Http/Request), Object(Closure))
#18 D:/Backend-game-topup/web/project/app/Http/Middleware/TrackReferral.php(26): Illuminate/Pipeline/Pipeline->{closure:{closure:Illuminate/Pipeline/Pipeline::carry():194}:195}(Object(Illuminate/Http/Request))
#19 D:/Backend-game-topup/web/project/vendor/laravel/framework/src/Illuminate/Pipeline/Pipeline.php(219): App/Http/Middleware/TrackReferral->handle(Object(Illuminate/Http/Request), Object(Closure))
#20 D:/Backend-game-topup/web/project/app/Http/Middleware/CaptureTrafficSource.php(82): Illuminate/Pipeline/Pipeline->{closure:{closure:Illuminate/Pipeline/Pipeline::carry():194}:195}(Object(Illuminate/Http/Request))
#21 D:/Backend-game-topup/web/project/vendor/laravel/framework/src/Illuminate/Pipeline/Pipeline.php(219): App/Http/Middleware/CaptureTrafficSource->handle(Object(Illuminate/Http/Request), Object(Closure))
#22 D:/Backend-game-topup/web/project/app/Http/Middleware/LanguageDetectMiddleware.php(24): Illuminate/Pipeline/Pipeline->{closure:{closure:Illuminate/Pipeline/Pipeline::carry():194}:195}(Object(Illuminate/Http/Request))
#23 D:/Backend-game-topup/web/project/vendor/laravel/framework/src/Illuminate/Pipeline/Pipeline.php(219): App/Http/Middleware/LanguageDetectMiddleware->handle(Object(Illuminate/Http/Request), Object(Closure))
#24 D:/Backend-game-topup/web/project/app/Http/Middleware/TrackVisitors.php(33): Illuminate/Pipeline/Pipeline->{closure:{closure:Illuminate/Pipeline/Pipeline::carry():194}:195}(Object(Illuminate/Http/Request))
#25 D:/Backend-game-topup/web/project/vendor/laravel/framework/src/Illuminate/Pipeline/Pipeline.php(219): App/Http/Middleware/TrackVisitors->handle(Object(Illuminate/Http/Request), Object(Closure))
#26 D:/Backend-game-topup/web/project/app/Http/Middleware/AddExpirationDateToCookie.php(21): Illuminate/Pipeline/Pipeline->{closure:{closure:Illuminate/Pipeline/Pipeline::carry():194}:195}(Object(Illuminate/Http/Request))
#27 D:/Backend-game-topup/web/project/vendor/laravel/framework/src/Illuminate/Pipeline/Pipeline.php(219): App/Http/Middleware/AddExpirationDateToCookie->handle(Object(Illuminate/Http/Request), Object(Closure))
#28 D:/Backend-game-topup/web/project/vendor/laravel/framework/src/Illuminate/Routing/Middleware/SubstituteBindings.php(50): Illuminate/Pipeline/Pipeline->{closure:{closure:Illuminate/Pipeline/Pipeline::carry():194}:195}(Object(Illuminate/Http/Request))
#29 D:/Backend-game-topup/web/project/vendor/laravel/framework/src/Illuminate/Pipeline/Pipeline.php(219): Illuminate/Routing/Middleware/SubstituteBindings->handle(Object(Illuminate/Http/Request), Object(Closure))
#30 D:/Backend-game-topup/web/project/app/Http/Middleware/VerifyCsrfToken.php(32): Illuminate/Pipeline/Pipeline->{closure:{closure:Illuminate/Pipeline/Pipeline::carry():194}:195}(Object(Illuminate/Http/Request))
#31 D:/Backend-game-topup/web/project/vendor/laravel/framework/src/Illuminate/Pipeline/Pipeline.php(219): App/Http/Middleware/VerifyCsrfToken->handle(Object(Illuminate/Http/Request), Object(Closure))
#32 D:/Backend-game-topup/web/project/vendor/laravel/framework/src/Illuminate/View/Middleware/ShareErrorsFromSession.php(48): Illuminate/Pipeline/Pipeline->{closure:{closure:Illuminate/Pipeline/Pipeline::carry():194}:195}(Object(Illuminate/Http/Request))
#33 D:/Backend-game-topup/web/project/vendor/laravel/framework/src/Illuminate/Pipeline/Pipeline.php(219): Illuminate/View/Middleware/ShareErrorsFromSession->handle(Object(Illuminate/Http/Request), Object(Closure))
#34 D:/Backend-game-topup/web/project/vendor/laravel/framework/src/Illuminate/Session/Middleware/StartSession.php(120): Illuminate/Pipeline/Pipeline->{closure:{closure:Illuminate/Pipeline/Pipeline::carry():194}:195}(Object(Illuminate/Http/Request))
#35 D:/Backend-game-topup/web/project/vendor/laravel/framework/src/Illuminate/Session/Middleware/StartSession.php(63): Illuminate/Session/Middleware/StartSession->handleStatefulRequest(Object(Illuminate/Http/Request), Object(Illuminate/Session/EncryptedStore), Object(Closure))
#36 D:/Backend-game-topup/web/project/vendor/laravel/framework/src/Illuminate/Pipeline/Pipeline.php(219): Illuminate/Session/Middleware/StartSession->handle(Object(Illuminate/Http/Request), Object(Closure))
#37 D:/Backend-game-topup/web/project/vendor/laravel/framework/src/Illuminate/Cookie/Middleware/AddQueuedCookiesToResponse.php(36): Illuminate/Pipeline/Pipeline->{closure:{closure:Illuminate/Pipeline/Pipeline::carry():194}:195}(Object(Illuminate/Http/Request))
#38 D:/Backend-game-topup/web/project/vendor/laravel/framework/src/Illuminate/Pipeline/Pipeline.php(219): Illuminate/Cookie/Middleware/AddQueuedCookiesToResponse->handle(Object(Illuminate/Http/Request), Object(Closure))
#39 D:/Backend-game-topup/web/project/vendor/laravel/framework/src/Illuminate/Cookie/Middleware/EncryptCookies.php(74): Illuminate/Pipeline/Pipeline->{closure:{closure:Illuminate/Pipeline/Pipeline::carry():194}:195}(Object(Illuminate/Http/Request))
#40 D:/Backend-game-topup/web/project/vendor/laravel/framework/src/Illuminate/Pipeline/Pipeline.php(219): Illuminate/Cookie/Middleware/EncryptCookies->handle(Object(Illuminate/Http/Request), Object(Closure))
#41 D:/Backend-game-topup/web/project/vendor/laravel/framework/src/Illuminate/Pipeline/Pipeline.php(137): Illuminate/Pipeline/Pipeline->{closure:{closure:Illuminate/Pipeline/Pipeline::carry():194}:195}(Object(Illuminate/Http/Request))
#42 D:/Backend-game-topup/web/project/vendor/laravel/framework/src/Illuminate/Routing/Router.php(821): Illuminate/Pipeline/Pipeline->then(Object(Closure))
#43 D:/Backend-game-topup/web/project/vendor/laravel/framework/src/Illuminate/Routing/Router.php(800): Illuminate/Routing/Router->runRouteWithinStack(Object(Illuminate/Routing/Route), Object(Illuminate/Http/Request))
#44 D:/Backend-game-topup/web/project/vendor/laravel/framework/src/Illuminate/Routing/Router.php(764): Illuminate/Routing/Router->runRoute(Object(Illuminate/Http/Request), Object(Illuminate/Routing/Route))
#45 D:/Backend-game-topup/web/project/vendor/laravel/framework/src/Illuminate/Routing/Router.php(753): Illuminate/Routing/Router->dispatchToRoute(Object(Illuminate/Http/Request))
#46 D:/Backend-game-topup/web/project/vendor/laravel/framework/src/Illuminate/Foundation/Http/Kernel.php(200): Illuminate/Routing/Router->dispatch(Object(Illuminate/Http/Request))
#47 D:/Backend-game-topup/web/project/vendor/laravel/framework/src/Illuminate/Pipeline/Pipeline.php(180): Illuminate/Foundation/Http/Kernel->{closure:Illuminate/Foundation/Http/Kernel::dispatchToRouter():197}(Object(Illuminate/Http/Request))
#48 D:/Backend-game-topup/web/project/vendor/livewire/livewire/src/Features/SupportDisablingBackButtonCache/DisableBackButtonCacheMiddleware.php(19): Illuminate/Pipeline/Pipeline->{closure:Illuminate/Pipeline/Pipeline::prepareDestination():178}(Object(Illuminate/Http/Request))
#49 D:/Backend-game-topup/web/project/vendor/laravel/framework/src/Illuminate/Pipeline/Pipeline.php(219): Livewire/Features/SupportDisablingBackButtonCache/DisableBackButtonCacheMiddleware->handle(Object(Illuminate/Http/Request), Object(Closure))
#50 D:/Backend-game-topup/web/project/vendor/laravel/framework/src/Illuminate/Foundation/Http/Middleware/TransformsRequest.php(21): Illuminate/Pipeline/Pipeline->{closure:{closure:Illuminate/Pipeline/Pipeline::carry():194}:195}(Object(Illuminate/Http/Request))
#51 D:/Backend-game-topup/web/project/vendor/laravel/framework/src/Illuminate/Foundation/Http/Middleware/ConvertEmptyStringsToNull.php(31): Illuminate/Foundation/Http/Middleware/TransformsRequest->handle(Object(Illuminate/Http/Request), Object(Closure))
#52 D:/Backend-game-topup/web/project/vendor/laravel/framework/src/Illuminate/Pipeline/Pipeline.php(219): Illuminate/Foundation/Http/Middleware/ConvertEmptyStringsToNull->handle(Object(Illuminate/Http/Request), Object(Closure))
#53 D:/Backend-game-topup/web/project/vendor/laravel/framework/src/Illuminate/Foundation/Http/Middleware/TransformsRequest.php(21): Illuminate/Pipeline/Pipeline->{closure:{closure:Illuminate/Pipeline/Pipeline::carry():194}:195}(Object(Illuminate/Http/Request))
#54 D:/Backend-game-topup/web/project/vendor/laravel/framework/src/Illuminate/Foundation/Http/Middleware/TrimStrings.php(51): Illuminate/Foundation/Http/Middleware/TransformsRequest->handle(Object(Illuminate/Http/Request), Object(Closure))
#55 D:/Backend-game-topup/web/project/vendor/laravel/framework/src/Illuminate/Pipeline/Pipeline.php(219): Illuminate/Foundation/Http/Middleware/TrimStrings->handle(Object(Illuminate/Http/Request), Object(Closure))
#56 D:/Backend-game-topup/web/project/vendor/laravel/framework/src/Illuminate/Http/Middleware/ValidatePostSize.php(27): Illuminate/Pipeline/Pipeline->{closure:{closure:Illuminate/Pipeline/Pipeline::carry():194}:195}(Object(Illuminate/Http/Request))
#57 D:/Backend-game-topup/web/project/vendor/laravel/framework/src/Illuminate/Pipeline/Pipeline.php(219): Illuminate/Http/Middleware/ValidatePostSize->handle(Object(Illuminate/Http/Request), Object(Closure))
#58 D:/Backend-game-topup/web/project/vendor/laravel/framework/src/Illuminate/Foundation/Http/Middleware/PreventRequestsDuringMaintenance.php(109): Illuminate/Pipeline/Pipeline->{closure:{closure:Illuminate/Pipeline/Pipeline::carry():194}:195}(Object(Illuminate/Http/Request))
#59 D:/Backend-game-topup/web/project/vendor/laravel/framework/src/Illuminate/Pipeline/Pipeline.php(219): Illuminate/Foundation/Http/Middleware/PreventRequestsDuringMaintenance->handle(Object(Illuminate/Http/Request), Object(Closure))
#60 D:/Backend-game-topup/web/project/vendor/laravel/framework/src/Illuminate/Http/Middleware/HandleCors.php(61): Illuminate/Pipeline/Pipeline->{closure:{closure:Illuminate/Pipeline/Pipeline::carry():194}:195}(Object(Illuminate/Http/Request))
#61 D:/Backend-game-topup/web/project/vendor/laravel/framework/src/Illuminate/Pipeline/Pipeline.php(219): Illuminate/Http/Middleware/HandleCors->handle(Object(Illuminate/Http/Request), Object(Closure))
#62 D:/Backend-game-topup/web/project/vendor/laravel/framework/src/Illuminate/Http/Middleware/TrustProxies.php(58): Illuminate/Pipeline/Pipeline->{closure:{closure:Illuminate/Pipeline/Pipeline::carry():194}:195}(Object(Illuminate/Http/Request))
#63 D:/Backend-game-topup/web/project/vendor/laravel/framework/src/Illuminate/Pipeline/Pipeline.php(219): Illuminate/Http/Middleware/TrustProxies->handle(Object(Illuminate/Http/Request), Object(Closure))
#64 D:/Backend-game-topup/web/project/vendor/laravel/framework/src/Illuminate/Http/Middleware/TrustHosts.php(78): Illuminate/Pipeline/Pipeline->{closure:{closure:Illuminate/Pipeline/Pipeline::carry():194}:195}(Object(Illuminate/Http/Request))
#65 D:/Backend-game-topup/web/project/vendor/laravel/framework/src/Illuminate/Pipeline/Pipeline.php(219): Illuminate/Http/Middleware/TrustHosts->handle(Object(Illuminate/Http/Request), Object(Closure))
#66 D:/Backend-game-topup/web/project/vendor/laravel/framework/src/Illuminate/Pipeline/Pipeline.php(137): Illuminate/Pipeline/Pipeline->{closure:{closure:Illuminate/Pipeline/Pipeline::carry():194}:195}(Object(Illuminate/Http/Request))
#67 D:/Backend-game-topup/web/project/vendor/laravel/framework/src/Illuminate/Foundation/Http/Kernel.php(175): Illuminate/Pipeline/Pipeline->then(Object(Closure))
#68 D:/Backend-game-topup/web/project/vendor/laravel/framework/src/Illuminate/Foundation/Http/Kernel.php(144): Illuminate/Foundation/Http/Kernel->sendRequestThroughRouter(Object(Illuminate/Http/Request))
#69 D:/Backend-game-topup/web/project/public/index.php(51): Illuminate/Foundation/Http/Kernel->handle(Object(Illuminate/Http/Request))
#70 D:/Backend-game-topup/web/project/server.php(21): require_once('D://Backend-game...')
#71 {main}

[previous exception] [object] (ErrorException(code: 0): Undefined variable $referralCode at D:/Backend-game-topup/web/project/storage/framework/views/6166698dff91a6daea6a4f775f88b7f9.php:94)
[stacktrace]
#0 D:/Backend-game-topup/web/project/vendor/laravel/framework/src/Illuminate/Foundation/Bootstrap/HandleExceptions.php(258): Illuminate/Foundation/Bootstrap/HandleExceptions->handleError(2, 'Undefined varia...', 'D://Backend-game...', 94)
#1 D:/Backend-game-topup/web/project/storage/framework/views/6166698dff91a6daea6a4f775f88b7f9.php(94): Illuminate/Foundation/Bootstrap/HandleExceptions->{closure:Illuminate/Foundation/Bootstrap/HandleExceptions::forwardsTo():257}(2, 'Undefined varia...', 'D://Backend-game...', 94)
#2 D:/Backend-game-topup/web/project/vendor/laravel/framework/src/Illuminate/Filesystem/Filesystem.php(123): require('D://Backend-game...')
#3 D:/Backend-game-topup/web/project/vendor/laravel/framework/src/Illuminate/Filesystem/Filesystem.php(124): Illuminate/Filesystem/Filesystem::{closure:Illuminate/Filesystem/Filesystem::getRequire():120}()
#4 D:/Backend-game-topup/web/project/vendor/laravel/framework/src/Illuminate/View/Engines/PhpEngine.php(57): Illuminate/Filesystem/Filesystem->getRequire('D://Backend-game...', Array)
#5 D:/Backend-game-topup/web/project/vendor/livewire/livewire/src/Mechanisms/ExtendBlade/ExtendedCompilerEngine.php(22): Illuminate/View/Engines/PhpEngine->evaluatePath('D://Backend-game...', Array)
#6 D:/Backend-game-topup/web/project/vendor/laravel/framework/src/Illuminate/View/Engines/CompilerEngine.php(76): Livewire/Mechanisms/ExtendBlade/ExtendedCompilerEngine->evaluatePath('D://Backend-game...', Array)
#7 D:/Backend-game-topup/web/project/vendor/livewire/livewire/src/Mechanisms/ExtendBlade/ExtendedCompilerEngine.php(10): Illuminate/View/Engines/CompilerEngine->get('D://Backend-game...', Array)
#8 D:/Backend-game-topup/web/project/vendor/laravel/framework/src/Illuminate/View/View.php(208): Livewire/Mechanisms/ExtendBlade/ExtendedCompilerEngine->get('D://Backend-game...', Array)
#9 D:/Backend-game-topup/web/project/vendor/laravel/framework/src/Illuminate/View/View.php(191): Illuminate/View/View->getContents()
#10 D:/Backend-game-topup/web/project/vendor/laravel/framework/src/Illuminate/View/View.php(160): Illuminate/View/View->renderContents()
#11 D:/Backend-game-topup/web/project/vendor/laravel/framework/src/Illuminate/Http/Response.php(78): Illuminate/View/View->render()
#12 D:/Backend-game-topup/web/project/vendor/laravel/framework/src/Illuminate/Http/Response.php(34): Illuminate/Http/Response->setContent(Object(Illuminate/View/View))
#13 D:/Backend-game-topup/web/project/vendor/laravel/framework/src/Illuminate/Routing/Router.php(939): Illuminate/Http/Response->__construct(Object(Illuminate/View/View), 200, Array)
#14 D:/Backend-game-topup/web/project/vendor/laravel/framework/src/Illuminate/Routing/Router.php(906): Illuminate/Routing/Router::toResponse(Object(Illuminate/Http/Request), Object(Illuminate/View/View))
#15 D:/Backend-game-topup/web/project/vendor/laravel/framework/src/Illuminate/Routing/Router.php(821): Illuminate/Routing/Router->prepareResponse(Object(Illuminate/Http/Request), Object(Illuminate/View/View))
#16 D:/Backend-game-topup/web/project/vendor/laravel/framework/src/Illuminate/Pipeline/Pipeline.php(180): Illuminate/Routing/Router->{closure:Illuminate/Routing/Router::runRouteWithinStack():821}(Object(Illuminate/Http/Request))
#17 D:/Backend-game-topup/web/project/app/Http/Middleware/SanitizeInput.php(27): Illuminate/Pipeline/Pipeline->{closure:Illuminate/Pipeline/Pipeline::prepareDestination():178}(Object(Illuminate/Http/Request))
#18 D:/Backend-game-topup/web/project/vendor/laravel/framework/src/Illuminate/Pipeline/Pipeline.php(219): App/Http/Middleware/SanitizeInput->handle(Object(Illuminate/Http/Request), Object(Closure))
#19 D:/Backend-game-topup/web/project/app/Http/Middleware/XSSProtectionMiddleware.php(26): Illuminate/Pipeline/Pipeline->{closure:{closure:Illuminate/Pipeline/Pipeline::carry():194}:195}(Object(Illuminate/Http/Request))
#20 D:/Backend-game-topup/web/project/vendor/laravel/framework/src/Illuminate/Pipeline/Pipeline.php(219): App/Http/Middleware/XSSProtectionMiddleware->handle(Object(Illuminate/Http/Request), Object(Closure))
#21 D:/Backend-game-topup/web/project/app/Http/Middleware/TrackReferral.php(26): Illuminate/Pipeline/Pipeline->{closure:{closure:Illuminate/Pipeline/Pipeline::carry():194}:195}(Object(Illuminate/Http/Request))
#22 D:/Backend-game-topup/web/project/vendor/laravel/framework/src/Illuminate/Pipeline/Pipeline.php(219): App/Http/Middleware/TrackReferral->handle(Object(Illuminate/Http/Request), Object(Closure))
#23 D:/Backend-game-topup/web/project/app/Http/Middleware/CaptureTrafficSource.php(82): Illuminate/Pipeline/Pipeline->{closure:{closure:Illuminate/Pipeline/Pipeline::carry():194}:195}(Object(Illuminate/Http/Request))
#24 D:/Backend-game-topup/web/project/vendor/laravel/framework/src/Illuminate/Pipeline/Pipeline.php(219): App/Http/Middleware/CaptureTrafficSource->handle(Object(Illuminate/Http/Request), Object(Closure))
#25 D:/Backend-game-topup/web/project/app/Http/Middleware/LanguageDetectMiddleware.php(24): Illuminate/Pipeline/Pipeline->{closure:{closure:Illuminate/Pipeline/Pipeline::carry():194}:195}(Object(Illuminate/Http/Request))
#26 D:/Backend-game-topup/web/project/vendor/laravel/framework/src/Illuminate/Pipeline/Pipeline.php(219): App/Http/Middleware/LanguageDetectMiddleware->handle(Object(Illuminate/Http/Request), Object(Closure))
#27 D:/Backend-game-topup/web/project/app/Http/Middleware/TrackVisitors.php(33): Illuminate/Pipeline/Pipeline->{closure:{closure:Illuminate/Pipeline/Pipeline::carry():194}:195}(Object(Illuminate/Http/Request))
#28 D:/Backend-game-topup/web/project/vendor/laravel/framework/src/Illuminate/Pipeline/Pipeline.php(219): App/Http/Middleware/TrackVisitors->handle(Object(Illuminate/Http/Request), Object(Closure))
#29 D:/Backend-game-topup/web/project/app/Http/Middleware/AddExpirationDateToCookie.php(21): Illuminate/Pipeline/Pipeline->{closure:{closure:Illuminate/Pipeline/Pipeline::carry():194}:195}(Object(Illuminate/Http/Request))
#30 D:/Backend-game-topup/web/project/vendor/laravel/framework/src/Illuminate/Pipeline/Pipeline.php(219): App/Http/Middleware/AddExpirationDateToCookie->handle(Object(Illuminate/Http/Request), Object(Closure))
#31 D:/Backend-game-topup/web/project/vendor/laravel/framework/src/Illuminate/Routing/Middleware/SubstituteBindings.php(50): Illuminate/Pipeline/Pipeline->{closure:{closure:Illuminate/Pipeline/Pipeline::carry():194}:195}(Object(Illuminate/Http/Request))
#32 D:/Backend-game-topup/web/project/vendor/laravel/framework/src/Illuminate/Pipeline/Pipeline.php(219): Illuminate/Routing/Middleware/SubstituteBindings->handle(Object(Illuminate/Http/Request), Object(Closure))
#33 D:/Backend-game-topup/web/project/app/Http/Middleware/VerifyCsrfToken.php(32): Illuminate/Pipeline/Pipeline->{closure:{closure:Illuminate/Pipeline/Pipeline::carry():194}:195}(Object(Illuminate/Http/Request))
#34 D:/Backend-game-topup/web/project/vendor/laravel/framework/src/Illuminate/Pipeline/Pipeline.php(219): App/Http/Middleware/VerifyCsrfToken->handle(Object(Illuminate/Http/Request), Object(Closure))
#35 D:/Backend-game-topup/web/project/vendor/laravel/framework/src/Illuminate/View/Middleware/ShareErrorsFromSession.php(48): Illuminate/Pipeline/Pipeline->{closure:{closure:Illuminate/Pipeline/Pipeline::carry():194}:195}(Object(Illuminate/Http/Request))
#36 D:/Backend-game-topup/web/project/vendor/laravel/framework/src/Illuminate/Pipeline/Pipeline.php(219): Illuminate/View/Middleware/ShareErrorsFromSession->handle(Object(Illuminate/Http/Request), Object(Closure))
#37 D:/Backend-game-topup/web/project/vendor/laravel/framework/src/Illuminate/Session/Middleware/StartSession.php(120): Illuminate/Pipeline/Pipeline->{closure:{closure:Illuminate/Pipeline/Pipeline::carry():194}:195}(Object(Illuminate/Http/Request))
#38 D:/Backend-game-topup/web/project/vendor/laravel/framework/src/Illuminate/Session/Middleware/StartSession.php(63): Illuminate/Session/Middleware/StartSession->handleStatefulRequest(Object(Illuminate/Http/Request), Object(Illuminate/Session/EncryptedStore), Object(Closure))
#39 D:/Backend-game-topup/web/project/vendor/laravel/framework/src/Illuminate/Pipeline/Pipeline.php(219): Illuminate/Session/Middleware/StartSession->handle(Object(Illuminate/Http/Request), Object(Closure))
#40 D:/Backend-game-topup/web/project/vendor/laravel/framework/src/Illuminate/Cookie/Middleware/AddQueuedCookiesToResponse.php(36): Illuminate/Pipeline/Pipeline->{closure:{closure:Illuminate/Pipeline/Pipeline::carry():194}:195}(Object(Illuminate/Http/Request))
#41 D:/Backend-game-topup/web/project/vendor/laravel/framework/src/Illuminate/Pipeline/Pipeline.php(219): Illuminate/Cookie/Middleware/AddQueuedCookiesToResponse->handle(Object(Illuminate/Http/Request), Object(Closure))
#42 D:/Backend-game-topup/web/project/vendor/laravel/framework/src/Illuminate/Cookie/Middleware/EncryptCookies.php(74): Illuminate/Pipeline/Pipeline->{closure:{closure:Illuminate/Pipeline/Pipeline::carry():194}:195}(Object(Illuminate/Http/Request))
#43 D:/Backend-game-topup/web/project/vendor/laravel/framework/src/Illuminate/Pipeline/Pipeline.php(219): Illuminate/Cookie/Middleware/EncryptCookies->handle(Object(Illuminate/Http/Request), Object(Closure))
#44 D:/Backend-game-topup/web/project/vendor/laravel/framework/src/Illuminate/Pipeline/Pipeline.php(137): Illuminate/Pipeline/Pipeline->{closure:{closure:Illuminate/Pipeline/Pipeline::carry():194}:195}(Object(Illuminate/Http/Request))
#45 D:/Backend-game-topup/web/project/vendor/laravel/framework/src/Illuminate/Routing/Router.php(821): Illuminate/Pipeline/Pipeline->then(Object(Closure))
#46 D:/Backend-game-topup/web/project/vendor/laravel/framework/src/Illuminate/Routing/Router.php(800): Illuminate/Routing/Router->runRouteWithinStack(Object(Illuminate/Routing/Route), Object(Illuminate/Http/Request))
#47 D:/Backend-game-topup/web/project/vendor/laravel/framework/src/Illuminate/Routing/Router.php(764): Illuminate/Routing/Router->runRoute(Object(Illuminate/Http/Request), Object(Illuminate/Routing/Route))
#48 D:/Backend-game-topup/web/project/vendor/laravel/framework/src/Illuminate/Routing/Router.php(753): Illuminate/Routing/Router->dispatchToRoute(Object(Illuminate/Http/Request))
#49 D:/Backend-game-topup/web/project/vendor/laravel/framework/src/Illuminate/Foundation/Http/Kernel.php(200): Illuminate/Routing/Router->dispatch(Object(Illuminate/Http/Request))
#50 D:/Backend-game-topup/web/project/vendor/laravel/framework/src/Illuminate/Pipeline/Pipeline.php(180): Illuminate/Foundation/Http/Kernel->{closure:Illuminate/Foundation/Http/Kernel::dispatchToRouter():197}(Object(Illuminate/Http/Request))
#51 D:/Backend-game-topup/web/project/vendor/livewire/livewire/src/Features/SupportDisablingBackButtonCache/DisableBackButtonCacheMiddleware.php(19): Illuminate/Pipeline/Pipeline->{closure:Illuminate/Pipeline/Pipeline::prepareDestination():178}(Object(Illuminate/Http/Request))
#52 D:/Backend-game-topup/web/project/vendor/laravel/framework/src/Illuminate/Pipeline/Pipeline.php(219): Livewire/Features/SupportDisablingBackButtonCache/DisableBackButtonCacheMiddleware->handle(Object(Illuminate/Http/Request), Object(Closure))
#53 D:/Backend-game-topup/web/project/vendor/laravel/framework/src/Illuminate/Foundation/Http/Middleware/TransformsRequest.php(21): Illuminate/Pipeline/Pipeline->{closure:{closure:Illuminate/Pipeline/Pipeline::carry():194}:195}(Object(Illuminate/Http/Request))
#54 D:/Backend-game-topup/web/project/vendor/laravel/framework/src/Illuminate/Foundation/Http/Middleware/ConvertEmptyStringsToNull.php(31): Illuminate/Foundation/Http/Middleware/TransformsRequest->handle(Object(Illuminate/Http/Request), Object(Closure))
#55 D:/Backend-game-topup/web/project/vendor/laravel/framework/src/Illuminate/Pipeline/Pipeline.php(219): Illuminate/Foundation/Http/Middleware/ConvertEmptyStringsToNull->handle(Object(Illuminate/Http/Request), Object(Closure))
#56 D:/Backend-game-topup/web/project/vendor/laravel/framework/src/Illuminate/Foundation/Http/Middleware/TransformsRequest.php(21): Illuminate/Pipeline/Pipeline->{closure:{closure:Illuminate/Pipeline/Pipeline::carry():194}:195}(Object(Illuminate/Http/Request))
#57 D:/Backend-game-topup/web/project/vendor/laravel/framework/src/Illuminate/Foundation/Http/Middleware/TrimStrings.php(51): Illuminate/Foundation/Http/Middleware/TransformsRequest->handle(Object(Illuminate/Http/Request), Object(Closure))
#58 D:/Backend-game-topup/web/project/vendor/laravel/framework/src/Illuminate/Pipeline/Pipeline.php(219): Illuminate/Foundation/Http/Middleware/TrimStrings->handle(Object(Illuminate/Http/Request), Object(Closure))
#59 D:/Backend-game-topup/web/project/vendor/laravel/framework/src/Illuminate/Http/Middleware/ValidatePostSize.php(27): Illuminate/Pipeline/Pipeline->{closure:{closure:Illuminate/Pipeline/Pipeline::carry():194}:195}(Object(Illuminate/Http/Request))
#60 D:/Backend-game-topup/web/project/vendor/laravel/framework/src/Illuminate/Pipeline/Pipeline.php(219): Illuminate/Http/Middleware/ValidatePostSize->handle(Object(Illuminate/Http/Request), Object(Closure))
#61 D:/Backend-game-topup/web/project/vendor/laravel/framework/src/Illuminate/Foundation/Http/Middleware/PreventRequestsDuringMaintenance.php(109): Illuminate/Pipeline/Pipeline->{closure:{closure:Illuminate/Pipeline/Pipeline::carry():194}:195}(Object(Illuminate/Http/Request))
#62 D:/Backend-game-topup/web/project/vendor/laravel/framework/src/Illuminate/Pipeline/Pipeline.php(219): Illuminate/Foundation/Http/Middleware/PreventRequestsDuringMaintenance->handle(Object(Illuminate/Http/Request), Object(Closure))
#63 D:/Backend-game-topup/web/project/vendor/laravel/framework/src/Illuminate/Http/Middleware/HandleCors.php(61): Illuminate/Pipeline/Pipeline->{closure:{closure:Illuminate/Pipeline/Pipeline::carry():194}:195}(Object(Illuminate/Http/Request))
#64 D:/Backend-game-topup/web/project/vendor/laravel/framework/src/Illuminate/Pipeline/Pipeline.php(219): Illuminate/Http/Middleware/HandleCors->handle(Object(Illuminate/Http/Request), Object(Closure))
#65 D:/Backend-game-topup/web/project/vendor/laravel/framework/src/Illuminate/Http/Middleware/TrustProxies.php(58): Illuminate/Pipeline/Pipeline->{closure:{closure:Illuminate/Pipeline/Pipeline::carry():194}:195}(Object(Illuminate/Http/Request))
#66 D:/Backend-game-topup/web/project/vendor/laravel/framework/src/Illuminate/Pipeline/Pipeline.php(219): Illuminate/Http/Middleware/TrustProxies->handle(Object(Illuminate/Http/Request), Object(Closure))
#67 D:/Backend-game-topup/web/project/vendor/laravel/framework/src/Illuminate/Http/Middleware/TrustHosts.php(78): Illuminate/Pipeline/Pipeline->{closure:{closure:Illuminate/Pipeline/Pipeline::carry():194}:195}(Object(Illuminate/Http/Request))
#68 D:/Backend-game-topup/web/project/vendor/laravel/framework/src/Illuminate/Pipeline/Pipeline.php(219): Illuminate/Http/Middleware/TrustHosts->handle(Object(Illuminate/Http/Request), Object(Closure))
#69 D:/Backend-game-topup/web/project/vendor/laravel/framework/src/Illuminate/Pipeline/Pipeline.php(137): Illuminate/Pipeline/Pipeline->{closure:{closure:Illuminate/Pipeline/Pipeline::carry():194}:195}(Object(Illuminate/Http/Request))
#70 D:/Backend-game-topup/web/project/vendor/laravel/framework/src/Illuminate/Foundation/Http/Kernel.php(175): Illuminate/Pipeline/Pipeline->then(Object(Closure))
#71 D:/Backend-game-topup/web/project/vendor/laravel/framework/src/Illuminate/Foundation/Http/Kernel.php(144): Illuminate/Foundation/Http/Kernel->sendRequestThroughRouter(Object(Illuminate/Http/Request))
#72 D:/Backend-game-topup/web/project/public/index.php(51): Illuminate/Foundation/Http/Kernel->handle(Object(Illuminate/Http/Request))
#73 D:/Backend-game-topup/web/project/server.php(21): require_once('D://Backend-game...')
#74 {main}
"} 
[2026-02-22 17:22:06] local.INFO: ApiCheckController:check - Start processing request. {"user_id":"329425502","zone_id":"9148","game":"Mobile Legends"} 
[2026-02-22 17:22:06] local.INFO: ApiCheckController:check - Parsed game name. {"original":"Mobile Legends","parsed":"mobile_legends"} 
[2026-02-22 17:22:06] local.INFO: ApiCheckController:connect - Sending data to external API. {"url":"https://api-cek-id-game-ten.vercel.app/api/check-id-game","data":"{\"type_name\":\"mobile_legends\",\"userId\":\"329425502\",\"zoneId\":\"9148\"}"} 
[2026-02-22 17:22:10] local.INFO: ApiCheckController:connect - Received response from external API. {"http_code":200,"response_body":"{\"message\":\"Success Requesting to API\",\"nickname\":\"Suzura%7cwise\",\"server_time\":\"2026-02-22 10:22:11\",\"status\":true,\"type_name\":\"MOBILE_LEGENDS\"}
"} 
[2026-02-22 17:22:10] local.INFO: ApiCheckController:check - User found successfully. {"nickname":"Suzura%7cwise","from_cache":true} 
[2026-02-22 17:22:26] local.INFO: ApiCheckController:check - Start processing request. {"user_id":"329425502","zone_id":"9148","game":"Mobile Legends"} 
[2026-02-22 17:22:26] local.INFO: ApiCheckController:check - Parsed game name. {"original":"Mobile Legends","parsed":"mobile_legends"} 
[2026-02-22 17:22:26] local.INFO: ApiCheckController:check - User found successfully. {"nickname":"Suzura%7cwise","from_cache":true} 
[2026-02-22 17:22:31] local.WARNING: ProviderRoutingService: No provider found for Service ID  (WEEKLY DIAMOND PASS). {"provider_paths_count":0,"legacy_provider_id":"MLWEEK1","legacy_provider_nominal":null} 
[2026-02-22 17:22:31] local.ERROR: No provider found for Layanan ID:   
[2026-02-22 17:22:31] local.ERROR: Order Store Exception {"error":"Layanan sedang gangguan (No Provider)","trace":"#0 D:\\Backend-game-topup\\web\\project\\vendor\\laravel\\framework\\src\\Illuminate\\Routing\\Controller.php(54): App\\Http\\Controllers\\OrderController->store(Object(Illuminate\\Http\\Request))
#1 D:\\Backend-game-topup\\web\\project\\vendor\\laravel\\framework\\src\\Illuminate\\Routing\\ControllerDispatcher.php(43): Illuminate\\Routing\\Controller->callAction('store', Array)
#2 D:\\Backend-game-topup\\web\\project\\vendor\\laravel\\framework\\src\\Illuminate\\Routing\\Route.php(265): Illuminate\\Routing\\ControllerDispatcher->dispatch(Object(Illuminate\\Routing\\Route), Object(App\\Http\\Controllers\\OrderController), 'store')
#3 D:\\Backend-game-topup\\web\\project\\vendor\\laravel\\framework\\src\\Illuminate\\Routing\\Route.php(211): Illuminate\\Routing\\Route->runController()
#4 D:\\Backend-game-topup\\web\\project\\vendor\\laravel\\framework\\src\\Illuminate\\Routing\\Router.php(822): Illuminate\\Routing\\Route->run()
#5 D:\\Backend-game-topup\\web\\project\\vendor\\laravel\\framework\\src\\Illuminate\\Pipeline\\Pipeline.php(180): Illuminate\\Routing\\Router->{closure:Illuminate\\Routing\\Router::runRouteWithinStack():821}(Object(Illuminate\\Http\\Request))
#6 D:\\Backend-game-topup\\web\\project\\app\\Http\\Middleware\\SanitizeInput.php(27): Illuminate\\Pipeline\\Pipeline->{closure:Illuminate\\Pipeline\\Pipeline::prepareDestination():178}(Object(Illuminate\\Http\\Request))
#7 D:\\Backend-game-topup\\web\\project\\vendor\\laravel\\framework\\src\\Illuminate\\Pipeline\\Pipeline.php(219): App\\Http\\Middleware\\SanitizeInput->handle(Object(Illuminate\\Http\\Request), Object(Closure))
#8 D:\\Backend-game-topup\\web\\project\\app\\Http\\Middleware\\XSSProtectionMiddleware.php(26): Illuminate\\Pipeline\\Pipeline->{closure:{closure:Illuminate\\Pipeline\\Pipeline::carry():194}:195}(Object(Illuminate\\Http\\Request))
#9 D:\\Backend-game-topup\\web\\project\\vendor\\laravel\\framework\\src\\Illuminate\\Pipeline\\Pipeline.php(219): App\\Http\\Middleware\\XSSProtectionMiddleware->handle(Object(Illuminate\\Http\\Request), Object(Closure))
#10 D:\\Backend-game-topup\\web\\project\\app\\Http\\Middleware\\TrackReferral.php(26): Illuminate\\Pipeline\\Pipeline->{closure:{closure:Illuminate\\Pipeline\\Pipeline::carry():194}:195}(Object(Illuminate\\Http\\Request))
#11 D:\\Backend-game-topup\\web\\project\\vendor\\laravel\\framework\\src\\Illuminate\\Pipeline\\Pipeline.php(219): App\\Http\\Middleware\\TrackReferral->handle(Object(Illuminate\\Http\\Request), Object(Closure))
#12 D:\\Backend-game-topup\\web\\project\\app\\Http\\Middleware\\CaptureTrafficSource.php(82): Illuminate\\Pipeline\\Pipeline->{closure:{closure:Illuminate\\Pipeline\\Pipeline::carry():194}:195}(Object(Illuminate\\Http\\Request))
#13 D:\\Backend-game-topup\\web\\project\\vendor\\laravel\\framework\\src\\Illuminate\\Pipeline\\Pipeline.php(219): App\\Http\\Middleware\\CaptureTrafficSource->handle(Object(Illuminate\\Http\\Request), Object(Closure))
#14 D:\\Backend-game-topup\\web\\project\\app\\Http\\Middleware\\LanguageDetectMiddleware.php(24): Illuminate\\Pipeline\\Pipeline->{closure:{closure:Illuminate\\Pipeline\\Pipeline::carry():194}:195}(Object(Illuminate\\Http\\Request))
#15 D:\\Backend-game-topup\\web\\project\\vendor\\laravel\\framework\\src\\Illuminate\\Pipeline\\Pipeline.php(219): App\\Http\\Middleware\\LanguageDetectMiddleware->handle(Object(Illuminate\\Http\\Request), Object(Closure))
#16 D:\\Backend-game-topup\\web\\project\\app\\Http\\Middleware\\TrackVisitors.php(33): Illuminate\\Pipeline\\Pipeline->{closure:{closure:Illuminate\\Pipeline\\Pipeline::carry():194}:195}(Object(Illuminate\\Http\\Request))
#17 D:\\Backend-game-topup\\web\\project\\vendor\\laravel\\framework\\src\\Illuminate\\Pipeline\\Pipeline.php(219): App\\Http\\Middleware\\TrackVisitors->handle(Object(Illuminate\\Http\\Request), Object(Closure))
#18 D:\\Backend-game-topup\\web\\project\\app\\Http\\Middleware\\AddExpirationDateToCookie.php(21): Illuminate\\Pipeline\\Pipeline->{closure:{closure:Illuminate\\Pipeline\\Pipeline::carry():194}:195}(Object(Illuminate\\Http\\Request))
#19 D:\\Backend-game-topup\\web\\project\\vendor\\laravel\\framework\\src\\Illuminate\\Pipeline\\Pipeline.php(219): App\\Http\\Middleware\\AddExpirationDateToCookie->handle(Object(Illuminate\\Http\\Request), Object(Closure))
#20 D:\\Backend-game-topup\\web\\project\\vendor\\laravel\\framework\\src\\Illuminate\\Routing\\Middleware\\SubstituteBindings.php(50): Illuminate\\Pipeline\\Pipeline->{closure:{closure:Illuminate\\Pipeline\\Pipeline::carry():194}:195}(Object(Illuminate\\Http\\Request))
#21 D:\\Backend-game-topup\\web\\project\\vendor\\laravel\\framework\\src\\Illuminate\\Pipeline\\Pipeline.php(219): Illuminate\\Routing\\Middleware\\SubstituteBindings->handle(Object(Illuminate\\Http\\Request), Object(Closure))
#22 D:\\Backend-game-topup\\web\\project\\app\\Http\\Middleware\\VerifyCsrfToken.php(32): Illuminate\\Pipeline\\Pipeline->{closure:{closure:Illuminate\\Pipeline\\Pipeline::carry():194}:195}(Object(Illuminate\\Http\\Request))
#23 D:\\Backend-game-topup\\web\\project\\vendor\\laravel\\framework\\src\\Illuminate\\Pipeline\\Pipeline.php(219): App\\Http\\Middleware\\VerifyCsrfToken->handle(Object(Illuminate\\Http\\Request), Object(Closure))
#24 D:\\Backend-game-topup\\web\\project\\vendor\\laravel\\framework\\src\\Illuminate\\View\\Middleware\\ShareErrorsFromSession.php(48): Illuminate\\Pipeline\\Pipeline->{closure:{closure:Illuminate\\Pipeline\\Pipeline::carry():194}:195}(Object(Illuminate\\Http\\Request))
#25 D:\\Backend-game-topup\\web\\project\\vendor\\laravel\\framework\\src\\Illuminate\\Pipeline\\Pipeline.php(219): Illuminate\\View\\Middleware\\ShareErrorsFromSession->handle(Object(Illuminate\\Http\\Request), Object(Closure))
#26 D:\\Backend-game-topup\\web\\project\\vendor\\laravel\\framework\\src\\Illuminate\\Session\\Middleware\\StartSession.php(120): Illuminate\\Pipeline\\Pipeline->{closure:{closure:Illuminate\\Pipeline\\Pipeline::carry():194}:195}(Object(Illuminate\\Http\\Request))
#27 D:\\Backend-game-topup\\web\\project\\vendor\\laravel\\framework\\src\\Illuminate\\Session\\Middleware\\StartSession.php(63): Illuminate\\Session\\Middleware\\StartSession->handleStatefulRequest(Object(Illuminate\\Http\\Request), Object(Illuminate\\Session\\EncryptedStore), Object(Closure))
#28 D:\\Backend-game-topup\\web\\project\\vendor\\laravel\\framework\\src\\Illuminate\\Pipeline\\Pipeline.php(219): Illuminate\\Session\\Middleware\\StartSession->handle(Object(Illuminate\\Http\\Request), Object(Closure))
#29 D:\\Backend-game-topup\\web\\project\\vendor\\laravel\\framework\\src\\Illuminate\\Cookie\\Middleware\\AddQueuedCookiesToResponse.php(36): Illuminate\\Pipeline\\Pipeline->{closure:{closure:Illuminate\\Pipeline\\Pipeline::carry():194}:195}(Object(Illuminate\\Http\\Request))
#30 D:\\Backend-game-topup\\web\\project\\vendor\\laravel\\framework\\src\\Illuminate\\Pipeline\\Pipeline.php(219): Illuminate\\Cookie\\Middleware\\AddQueuedCookiesToResponse->handle(Object(Illuminate\\Http\\Request), Object(Closure))
#31 D:\\Backend-game-topup\\web\\project\\vendor\\laravel\\framework\\src\\Illuminate\\Cookie\\Middleware\\EncryptCookies.php(74): Illuminate\\Pipeline\\Pipeline->{closure:{closure:Illuminate\\Pipeline\\Pipeline::carry():194}:195}(Object(Illuminate\\Http\\Request))
#32 D:\\Backend-game-topup\\web\\project\\vendor\\laravel\\framework\\src\\Illuminate\\Pipeline\\Pipeline.php(219): Illuminate\\Cookie\\Middleware\\EncryptCookies->handle(Object(Illuminate\\Http\\Request), Object(Closure))
#33 D:\\Backend-game-topup\\web\\project\\vendor\\laravel\\framework\\src\\Illuminate\\Pipeline\\Pipeline.php(137): Illuminate\\Pipeline\\Pipeline->{closure:{closure:Illuminate\\Pipeline\\Pipeline::carry():194}:195}(Object(Illuminate\\Http\\Request))
#34 D:\\Backend-game-topup\\web\\project\\vendor\\laravel\\framework\\src\\Illuminate\\Routing\\Router.php(821): Illuminate\\Pipeline\\Pipeline->then(Object(Closure))
#35 D:\\Backend-game-topup\\web\\project\\vendor\\laravel\\framework\\src\\Illuminate\\Routing\\Router.php(800): Illuminate\\Routing\\Router->runRouteWithinStack(Object(Illuminate\\Routing\\Route), Object(Illuminate\\Http\\Request))
#36 D:\\Backend-game-topup\\web\\project\\vendor\\laravel\\framework\\src\\Illuminate\\Routing\\Router.php(764): Illuminate\\Routing\\Router->runRoute(Object(Illuminate\\Http\\Request), Object(Illuminate\\Routing\\Route))
#37 D:\\Backend-game-topup\\web\\project\\vendor\\laravel\\framework\\src\\Illuminate\\Routing\\Router.php(753): Illuminate\\Routing\\Router->dispatchToRoute(Object(Illuminate\\Http\\Request))
#38 D:\\Backend-game-topup\\web\\project\\vendor\\laravel\\framework\\src\\Illuminate\\Foundation\\Http\\Kernel.php(200): Illuminate\\Routing\\Router->dispatch(Object(Illuminate\\Http\\Request))
#39 D:\\Backend-game-topup\\web\\project\\vendor\\laravel\\framework\\src\\Illuminate\\Pipeline\\Pipeline.php(180): Illuminate\\Foundation\\Http\\Kernel->{closure:Illuminate\\Foundation\\Http\\Kernel::dispatchToRouter():197}(Object(Illuminate\\Http\\Request))
#40 D:\\Backend-game-topup\\web\\project\\vendor\\livewire\\livewire\\src\\Features\\SupportDisablingBackButtonCache\\DisableBackButtonCacheMiddleware.php(19): Illuminate\\Pipeline\\Pipeline->{closure:Illuminate\\Pipeline\\Pipeline::prepareDestination():178}(Object(Illuminate\\Http\\Request))
#41 D:\\Backend-game-topup\\web\\project\\vendor\\laravel\\framework\\src\\Illuminate\\Pipeline\\Pipeline.php(219): Livewire\\Features\\SupportDisablingBackButtonCache\\DisableBackButtonCacheMiddleware->handle(Object(Illuminate\\Http\\Request), Object(Closure))
#42 D:\\Backend-game-topup\\web\\project\\vendor\\laravel\\framework\\src\\Illuminate\\Foundation\\Http\\Middleware\\TransformsRequest.php(21): Illuminate\\Pipeline\\Pipeline->{closure:{closure:Illuminate\\Pipeline\\Pipeline::carry():194}:195}(Object(Illuminate\\Http\\Request))
#43 D:\\Backend-game-topup\\web\\project\\vendor\\laravel\\framework\\src\\Illuminate\\Foundation\\Http\\Middleware\\ConvertEmptyStringsToNull.php(31): Illuminate\\Foundation\\Http\\Middleware\\TransformsRequest->handle(Object(Illuminate\\Http\\Request), Object(Closure))
#44 D:\\Backend-game-topup\\web\\project\\vendor\\laravel\\framework\\src\\Illuminate\\Pipeline\\Pipeline.php(219): Illuminate\\Foundation\\Http\\Middleware\\ConvertEmptyStringsToNull->handle(Object(Illuminate\\Http\\Request), Object(Closure))
#45 D:\\Backend-game-topup\\web\\project\\vendor\\laravel\\framework\\src\\Illuminate\\Foundation\\Http\\Middleware\\TransformsRequest.php(21): Illuminate\\Pipeline\\Pipeline->{closure:{closure:Illuminate\\Pipeline\\Pipeline::carry():194}:195}(Object(Illuminate\\Http\\Request))
#46 D:\\Backend-game-topup\\web\\project\\vendor\\laravel\\framework\\src\\Illuminate\\Foundation\\Http\\Middleware\\TrimStrings.php(51): Illuminate\\Foundation\\Http\\Middleware\\TransformsRequest->handle(Object(Illuminate\\Http\\Request), Object(Closure))
#47 D:\\Backend-game-topup\\web\\project\\vendor\\laravel\\framework\\src\\Illuminate\\Pipeline\\Pipeline.php(219): Illuminate\\Foundation\\Http\\Middleware\\TrimStrings->handle(Object(Illuminate\\Http\\Request), Object(Closure))
#48 D:\\Backend-game-topup\\web\\project\\vendor\\laravel\\framework\\src\\Illuminate\\Http\\Middleware\\ValidatePostSize.php(27): Illuminate\\Pipeline\\Pipeline->{closure:{closure:Illuminate\\Pipeline\\Pipeline::carry():194}:195}(Object(Illuminate\\Http\\Request))
#49 D:\\Backend-game-topup\\web\\project\\vendor\\laravel\\framework\\src\\Illuminate\\Pipeline\\Pipeline.php(219): Illuminate\\Http\\Middleware\\ValidatePostSize->handle(Object(Illuminate\\Http\\Request), Object(Closure))
#50 D:\\Backend-game-topup\\web\\project\\vendor\\laravel\\framework\\src\\Illuminate\\Foundation\\Http\\Middleware\\PreventRequestsDuringMaintenance.php(109): Illuminate\\Pipeline\\Pipeline->{closure:{closure:Illuminate\\Pipeline\\Pipeline::carry():194}:195}(Object(Illuminate\\Http\\Request))
#51 D:\\Backend-game-topup\\web\\project\\vendor\\laravel\\framework\\src\\Illuminate\\Pipeline\\Pipeline.php(219): Illuminate\\Foundation\\Http\\Middleware\\PreventRequestsDuringMaintenance->handle(Object(Illuminate\\Http\\Request), Object(Closure))
#52 D:\\Backend-game-topup\\web\\project\\vendor\\laravel\\framework\\src\\Illuminate\\Http\\Middleware\\HandleCors.php(61): Illuminate\\Pipeline\\Pipeline->{closure:{closure:Illuminate\\Pipeline\\Pipeline::carry():194}:195}(Object(Illuminate\\Http\\Request))
#53 D:\\Backend-game-topup\\web\\project\\vendor\\laravel\\framework\\src\\Illuminate\\Pipeline\\Pipeline.php(219): Illuminate\\Http\\Middleware\\HandleCors->handle(Object(Illuminate\\Http\\Request), Object(Closure))
#54 D:\\Backend-game-topup\\web\\project\\vendor\\laravel\\framework\\src\\Illuminate\\Http\\Middleware\\TrustProxies.php(58): Illuminate\\Pipeline\\Pipeline->{closure:{closure:Illuminate\\Pipeline\\Pipeline::carry():194}:195}(Object(Illuminate\\Http\\Request))
#55 D:\\Backend-game-topup\\web\\project\\vendor\\laravel\\framework\\src\\Illuminate\\Pipeline\\Pipeline.php(219): Illuminate\\Http\\Middleware\\TrustProxies->handle(Object(Illuminate\\Http\\Request), Object(Closure))
#56 D:\\Backend-game-topup\\web\\project\\vendor\\laravel\\framework\\src\\Illuminate\\Http\\Middleware\\TrustHosts.php(78): Illuminate\\Pipeline\\Pipeline->{closure:{closure:Illuminate\\Pipeline\\Pipeline::carry():194}:195}(Object(Illuminate\\Http\\Request))
#57 D:\\Backend-game-topup\\web\\project\\vendor\\laravel\\framework\\src\\Illuminate\\Pipeline\\Pipeline.php(219): Illuminate\\Http\\Middleware\\TrustHosts->handle(Object(Illuminate\\Http\\Request), Object(Closure))
#58 D:\\Backend-game-topup\\web\\project\\vendor\\laravel\\framework\\src\\Illuminate\\Pipeline\\Pipeline.php(137): Illuminate\\Pipeline\\Pipeline->{closure:{closure:Illuminate\\Pipeline\\Pipeline::carry():194}:195}(Object(Illuminate\\Http\\Request))
#59 D:\\Backend-game-topup\\web\\project\\vendor\\laravel\\framework\\src\\Illuminate\\Foundation\\Http\\Kernel.php(175): Illuminate\\Pipeline\\Pipeline->then(Object(Closure))
#60 D:\\Backend-game-topup\\web\\project\\vendor\\laravel\\framework\\src\\Illuminate\\Foundation\\Http\\Kernel.php(144): Illuminate\\Foundation\\Http\\Kernel->sendRequestThroughRouter(Object(Illuminate\\Http\\Request))
#61 D:\\Backend-game-topup\\web\\project\\public\\index.php(51): Illuminate\\Foundation\\Http\\Kernel->handle(Object(Illuminate\\Http\\Request))
#62 D:\\Backend-game-topup\\web\\project\\server.php(21): require_once('D:\\\\Backend-game...')
#63 {main}"} 
[2026-02-22 17:50:48] local.INFO: ApiCheckController:check - Start processing request. {"user_id":"329425502","zone_id":"9148","game":"Mobile Legends"} 
[2026-02-22 17:50:48] local.INFO: ApiCheckController:check - Parsed game name. {"original":"Mobile Legends","parsed":"mobile_legends"} 
[2026-02-22 17:50:48] local.INFO: ApiCheckController:connect - Sending data to external API. {"url":"https://api-cek-id-game-ten.vercel.app/api/check-id-game","data":"{\"type_name\":\"mobile_legends\",\"userId\":\"329425502\",\"zoneId\":\"9148\"}"} 
[2026-02-22 17:50:51] local.INFO: ApiCheckController:connect - Received response from external API. {"http_code":0,"response_body":false} 
[2026-02-22 17:50:51] local.ERROR: ApiCheckController:connect - cURL error or non-200 response. {"http_code":0,"curl_error":"Connection timed out after 3004 milliseconds"} 
[2026-02-22 17:50:51] local.ERROR: ApiCheckController:check - Failed to find user. {"error":"User not found or invalid.","api_response":null} 
[2026-02-22 17:51:02] local.INFO: ApiCheckController:check - Start processing request. {"user_id":"329425502","zone_id":"9148","game":"Mobile Legends"} 
[2026-02-22 17:51:02] local.INFO: ApiCheckController:check - Parsed game name. {"original":"Mobile Legends","parsed":"mobile_legends"} 
[2026-02-22 17:51:02] local.INFO: ApiCheckController:connect - Sending data to external API. {"url":"https://api-cek-id-game-ten.vercel.app/api/check-id-game","data":"{\"type_name\":\"mobile_legends\",\"userId\":\"329425502\",\"zoneId\":\"9148\"}"} 
[2026-02-22 17:51:07] local.INFO: ApiCheckController:connect - Received response from external API. {"http_code":200,"response_body":"{\"message\":\"Success Requesting to API\",\"nickname\":\"Suzura%7cwise\",\"server_time\":\"2026-02-22 10:51:08\",\"status\":true,\"type_name\":\"MOBILE_LEGENDS\"}
"} 
[2026-02-22 17:51:07] local.INFO: ApiCheckController:check - User found successfully. {"nickname":"Suzura%7cwise","from_cache":true} 
[2026-02-22 17:51:09] local.INFO: ApiCheckController:check - Start processing request. {"user_id":"329425502","zone_id":"9148","game":"Mobile Legends"} 
[2026-02-22 17:51:09] local.INFO: ApiCheckController:check - Parsed game name. {"original":"Mobile Legends","parsed":"mobile_legends"} 
[2026-02-22 17:51:09] local.INFO: ApiCheckController:check - User found successfully. {"nickname":"Suzura%7cwise","from_cache":true} 
[2026-02-22 17:51:12] local.WARNING: Provider credentials not found for code: mlweek1  
[2026-02-22 17:51:12] local.INFO: Order EM1712GMwZvaF5 routed to mlweek1 with SKU digiflazz  
[2026-02-22 17:51:12] local.WARNING: Provider unknown or unhandled: mlweek1  
[2026-02-22 17:51:12] local.ERROR: Order Store Exception {"error":"Terjadi kesalahan pada Provider","trace":"#0 D:\\Backend-game-topup\\web\\project\\vendor\\laravel\\framework\\src\\Illuminate\\Routing\\Controller.php(54): App\\Http\\Controllers\\OrderController->store(Object(Illuminate\\Http\\Request))
#1 D:\\Backend-game-topup\\web\\project\\vendor\\laravel\\framework\\src\\Illuminate\\Routing\\ControllerDispatcher.php(43): Illuminate\\Routing\\Controller->callAction('store', Array)
#2 D:\\Backend-game-topup\\web\\project\\vendor\\laravel\\framework\\src\\Illuminate\\Routing\\Route.php(265): Illuminate\\Routing\\ControllerDispatcher->dispatch(Object(Illuminate\\Routing\\Route), Object(App\\Http\\Controllers\\OrderController), 'store')
#3 D:\\Backend-game-topup\\web\\project\\vendor\\laravel\\framework\\src\\Illuminate\\Routing\\Route.php(211): Illuminate\\Routing\\Route->runController()
#4 D:\\Backend-game-topup\\web\\project\\vendor\\laravel\\framework\\src\\Illuminate\\Routing\\Router.php(822): Illuminate\\Routing\\Route->run()
#5 D:\\Backend-game-topup\\web\\project\\vendor\\laravel\\framework\\src\\Illuminate\\Pipeline\\Pipeline.php(180): Illuminate\\Routing\\Router->{closure:Illuminate\\Routing\\Router::runRouteWithinStack():821}(Object(Illuminate\\Http\\Request))
#6 D:\\Backend-game-topup\\web\\project\\app\\Http\\Middleware\\SanitizeInput.php(27): Illuminate\\Pipeline\\Pipeline->{closure:Illuminate\\Pipeline\\Pipeline::prepareDestination():178}(Object(Illuminate\\Http\\Request))
#7 D:\\Backend-game-topup\\web\\project\\vendor\\laravel\\framework\\src\\Illuminate\\Pipeline\\Pipeline.php(219): App\\Http\\Middleware\\SanitizeInput->handle(Object(Illuminate\\Http\\Request), Object(Closure))
#8 D:\\Backend-game-topup\\web\\project\\app\\Http\\Middleware\\XSSProtectionMiddleware.php(26): Illuminate\\Pipeline\\Pipeline->{closure:{closure:Illuminate\\Pipeline\\Pipeline::carry():194}:195}(Object(Illuminate\\Http\\Request))
#9 D:\\Backend-game-topup\\web\\project\\vendor\\laravel\\framework\\src\\Illuminate\\Pipeline\\Pipeline.php(219): App\\Http\\Middleware\\XSSProtectionMiddleware->handle(Object(Illuminate\\Http\\Request), Object(Closure))
#10 D:\\Backend-game-topup\\web\\project\\app\\Http\\Middleware\\TrackReferral.php(26): Illuminate\\Pipeline\\Pipeline->{closure:{closure:Illuminate\\Pipeline\\Pipeline::carry():194}:195}(Object(Illuminate\\Http\\Request))
#11 D:\\Backend-game-topup\\web\\project\\vendor\\laravel\\framework\\src\\Illuminate\\Pipeline\\Pipeline.php(219): App\\Http\\Middleware\\TrackReferral->handle(Object(Illuminate\\Http\\Request), Object(Closure))
#12 D:\\Backend-game-topup\\web\\project\\app\\Http\\Middleware\\CaptureTrafficSource.php(82): Illuminate\\Pipeline\\Pipeline->{closure:{closure:Illuminate\\Pipeline\\Pipeline::carry():194}:195}(Object(Illuminate\\Http\\Request))
#13 D:\\Backend-game-topup\\web\\project\\vendor\\laravel\\framework\\src\\Illuminate\\Pipeline\\Pipeline.php(219): App\\Http\\Middleware\\CaptureTrafficSource->handle(Object(Illuminate\\Http\\Request), Object(Closure))
#14 D:\\Backend-game-topup\\web\\project\\app\\Http\\Middleware\\LanguageDetectMiddleware.php(24): Illuminate\\Pipeline\\Pipeline->{closure:{closure:Illuminate\\Pipeline\\Pipeline::carry():194}:195}(Object(Illuminate\\Http\\Request))
#15 D:\\Backend-game-topup\\web\\project\\vendor\\laravel\\framework\\src\\Illuminate\\Pipeline\\Pipeline.php(219): App\\Http\\Middleware\\LanguageDetectMiddleware->handle(Object(Illuminate\\Http\\Request), Object(Closure))
#16 D:\\Backend-game-topup\\web\\project\\app\\Http\\Middleware\\TrackVisitors.php(33): Illuminate\\Pipeline\\Pipeline->{closure:{closure:Illuminate\\Pipeline\\Pipeline::carry():194}:195}(Object(Illuminate\\Http\\Request))
#17 D:\\Backend-game-topup\\web\\project\\vendor\\laravel\\framework\\src\\Illuminate\\Pipeline\\Pipeline.php(219): App\\Http\\Middleware\\TrackVisitors->handle(Object(Illuminate\\Http\\Request), Object(Closure))
#18 D:\\Backend-game-topup\\web\\project\\app\\Http\\Middleware\\AddExpirationDateToCookie.php(21): Illuminate\\Pipeline\\Pipeline->{closure:{closure:Illuminate\\Pipeline\\Pipeline::carry():194}:195}(Object(Illuminate\\Http\\Request))
#19 D:\\Backend-game-topup\\web\\project\\vendor\\laravel\\framework\\src\\Illuminate\\Pipeline\\Pipeline.php(219): App\\Http\\Middleware\\AddExpirationDateToCookie->handle(Object(Illuminate\\Http\\Request), Object(Closure))
#20 D:\\Backend-game-topup\\web\\project\\vendor\\laravel\\framework\\src\\Illuminate\\Routing\\Middleware\\SubstituteBindings.php(50): Illuminate\\Pipeline\\Pipeline->{closure:{closure:Illuminate\\Pipeline\\Pipeline::carry():194}:195}(Object(Illuminate\\Http\\Request))
#21 D:\\Backend-game-topup\\web\\project\\vendor\\laravel\\framework\\src\\Illuminate\\Pipeline\\Pipeline.php(219): Illuminate\\Routing\\Middleware\\SubstituteBindings->handle(Object(Illuminate\\Http\\Request), Object(Closure))
#22 D:\\Backend-game-topup\\web\\project\\app\\Http\\Middleware\\VerifyCsrfToken.php(32): Illuminate\\Pipeline\\Pipeline->{closure:{closure:Illuminate\\Pipeline\\Pipeline::carry():194}:195}(Object(Illuminate\\Http\\Request))
#23 D:\\Backend-game-topup\\web\\project\\vendor\\laravel\\framework\\src\\Illuminate\\Pipeline\\Pipeline.php(219): App\\Http\\Middleware\\VerifyCsrfToken->handle(Object(Illuminate\\Http\\Request), Object(Closure))
#24 D:\\Backend-game-topup\\web\\project\\vendor\\laravel\\framework\\src\\Illuminate\\View\\Middleware\\ShareErrorsFromSession.php(48): Illuminate\\Pipeline\\Pipeline->{closure:{closure:Illuminate\\Pipeline\\Pipeline::carry():194}:195}(Object(Illuminate\\Http\\Request))
#25 D:\\Backend-game-topup\\web\\project\\vendor\\laravel\\framework\\src\\Illuminate\\Pipeline\\Pipeline.php(219): Illuminate\\View\\Middleware\\ShareErrorsFromSession->handle(Object(Illuminate\\Http\\Request), Object(Closure))
#26 D:\\Backend-game-topup\\web\\project\\vendor\\laravel\\framework\\src\\Illuminate\\Session\\Middleware\\StartSession.php(120): Illuminate\\Pipeline\\Pipeline->{closure:{closure:Illuminate\\Pipeline\\Pipeline::carry():194}:195}(Object(Illuminate\\Http\\Request))
#27 D:\\Backend-game-topup\\web\\project\\vendor\\laravel\\framework\\src\\Illuminate\\Session\\Middleware\\StartSession.php(63): Illuminate\\Session\\Middleware\\StartSession->handleStatefulRequest(Object(Illuminate\\Http\\Request), Object(Illuminate\\Session\\EncryptedStore), Object(Closure))
#28 D:\\Backend-game-topup\\web\\project\\vendor\\laravel\\framework\\src\\Illuminate\\Pipeline\\Pipeline.php(219): Illuminate\\Session\\Middleware\\StartSession->handle(Object(Illuminate\\Http\\Request), Object(Closure))
#29 D:\\Backend-game-topup\\web\\project\\vendor\\laravel\\framework\\src\\Illuminate\\Cookie\\Middleware\\AddQueuedCookiesToResponse.php(36): Illuminate\\Pipeline\\Pipeline->{closure:{closure:Illuminate\\Pipeline\\Pipeline::carry():194}:195}(Object(Illuminate\\Http\\Request))
#30 D:\\Backend-game-topup\\web\\project\\vendor\\laravel\\framework\\src\\Illuminate\\Pipeline\\Pipeline.php(219): Illuminate\\Cookie\\Middleware\\AddQueuedCookiesToResponse->handle(Object(Illuminate\\Http\\Request), Object(Closure))
#31 D:\\Backend-game-topup\\web\\project\\vendor\\laravel\\framework\\src\\Illuminate\\Cookie\\Middleware\\EncryptCookies.php(74): Illuminate\\Pipeline\\Pipeline->{closure:{closure:Illuminate\\Pipeline\\Pipeline::carry():194}:195}(Object(Illuminate\\Http\\Request))
#32 D:\\Backend-game-topup\\web\\project\\vendor\\laravel\\framework\\src\\Illuminate\\Pipeline\\Pipeline.php(219): Illuminate\\Cookie\\Middleware\\EncryptCookies->handle(Object(Illuminate\\Http\\Request), Object(Closure))
#33 D:\\Backend-game-topup\\web\\project\\vendor\\laravel\\framework\\src\\Illuminate\\Pipeline\\Pipeline.php(137): Illuminate\\Pipeline\\Pipeline->{closure:{closure:Illuminate\\Pipeline\\Pipeline::carry():194}:195}(Object(Illuminate\\Http\\Request))
#34 D:\\Backend-game-topup\\web\\project\\vendor\\laravel\\framework\\src\\Illuminate\\Routing\\Router.php(821): Illuminate\\Pipeline\\Pipeline->then(Object(Closure))
#35 D:\\Backend-game-topup\\web\\project\\vendor\\laravel\\framework\\src\\Illuminate\\Routing\\Router.php(800): Illuminate\\Routing\\Router->runRouteWithinStack(Object(Illuminate\\Routing\\Route), Object(Illuminate\\Http\\Request))
#36 D:\\Backend-game-topup\\web\\project\\vendor\\laravel\\framework\\src\\Illuminate\\Routing\\Router.php(764): Illuminate\\Routing\\Router->runRoute(Object(Illuminate\\Http\\Request), Object(Illuminate\\Routing\\Route))
#37 D:\\Backend-game-topup\\web\\project\\vendor\\laravel\\framework\\src\\Illuminate\\Routing\\Router.php(753): Illuminate\\Routing\\Router->dispatchToRoute(Object(Illuminate\\Http\\Request))
#38 D:\\Backend-game-topup\\web\\project\\vendor\\laravel\\framework\\src\\Illuminate\\Foundation\\Http\\Kernel.php(200): Illuminate\\Routing\\Router->dispatch(Object(Illuminate\\Http\\Request))
#39 D:\\Backend-game-topup\\web\\project\\vendor\\laravel\\framework\\src\\Illuminate\\Pipeline\\Pipeline.php(180): Illuminate\\Foundation\\Http\\Kernel->{closure:Illuminate\\Foundation\\Http\\Kernel::dispatchToRouter():197}(Object(Illuminate\\Http\\Request))
#40 D:\\Backend-game-topup\\web\\project\\vendor\\livewire\\livewire\\src\\Features\\SupportDisablingBackButtonCache\\DisableBackButtonCacheMiddleware.php(19): Illuminate\\Pipeline\\Pipeline->{closure:Illuminate\\Pipeline\\Pipeline::prepareDestination():178}(Object(Illuminate\\Http\\Request))
#41 D:\\Backend-game-topup\\web\\project\\vendor\\laravel\\framework\\src\\Illuminate\\Pipeline\\Pipeline.php(219): Livewire\\Features\\SupportDisablingBackButtonCache\\DisableBackButtonCacheMiddleware->handle(Object(Illuminate\\Http\\Request), Object(Closure))
#42 D:\\Backend-game-topup\\web\\project\\vendor\\laravel\\framework\\src\\Illuminate\\Foundation\\Http\\Middleware\\TransformsRequest.php(21): Illuminate\\Pipeline\\Pipeline->{closure:{closure:Illuminate\\Pipeline\\Pipeline::carry():194}:195}(Object(Illuminate\\Http\\Request))
#43 D:\\Backend-game-topup\\web\\project\\vendor\\laravel\\framework\\src\\Illuminate\\Foundation\\Http\\Middleware\\ConvertEmptyStringsToNull.php(31): Illuminate\\Foundation\\Http\\Middleware\\TransformsRequest->handle(Object(Illuminate\\Http\\Request), Object(Closure))
#44 D:\\Backend-game-topup\\web\\project\\vendor\\laravel\\framework\\src\\Illuminate\\Pipeline\\Pipeline.php(219): Illuminate\\Foundation\\Http\\Middleware\\ConvertEmptyStringsToNull->handle(Object(Illuminate\\Http\\Request), Object(Closure))
#45 D:\\Backend-game-topup\\web\\project\\vendor\\laravel\\framework\\src\\Illuminate\\Foundation\\Http\\Middleware\\TransformsRequest.php(21): Illuminate\\Pipeline\\Pipeline->{closure:{closure:Illuminate\\Pipeline\\Pipeline::carry():194}:195}(Object(Illuminate\\Http\\Request))
#46 D:\\Backend-game-topup\\web\\project\\vendor\\laravel\\framework\\src\\Illuminate\\Foundation\\Http\\Middleware\\TrimStrings.php(51): Illuminate\\Foundation\\Http\\Middleware\\TransformsRequest->handle(Object(Illuminate\\Http\\Request), Object(Closure))
#47 D:\\Backend-game-topup\\web\\project\\vendor\\laravel\\framework\\src\\Illuminate\\Pipeline\\Pipeline.php(219): Illuminate\\Foundation\\Http\\Middleware\\TrimStrings->handle(Object(Illuminate\\Http\\Request), Object(Closure))
#48 D:\\Backend-game-topup\\web\\project\\vendor\\laravel\\framework\\src\\Illuminate\\Http\\Middleware\\ValidatePostSize.php(27): Illuminate\\Pipeline\\Pipeline->{closure:{closure:Illuminate\\Pipeline\\Pipeline::carry():194}:195}(Object(Illuminate\\Http\\Request))
#49 D:\\Backend-game-topup\\web\\project\\vendor\\laravel\\framework\\src\\Illuminate\\Pipeline\\Pipeline.php(219): Illuminate\\Http\\Middleware\\ValidatePostSize->handle(Object(Illuminate\\Http\\Request), Object(Closure))
#50 D:\\Backend-game-topup\\web\\project\\vendor\\laravel\\framework\\src\\Illuminate\\Foundation\\Http\\Middleware\\PreventRequestsDuringMaintenance.php(109): Illuminate\\Pipeline\\Pipeline->{closure:{closure:Illuminate\\Pipeline\\Pipeline::carry():194}:195}(Object(Illuminate\\Http\\Request))
#51 D:\\Backend-game-topup\\web\\project\\vendor\\laravel\\framework\\src\\Illuminate\\Pipeline\\Pipeline.php(219): Illuminate\\Foundation\\Http\\Middleware\\PreventRequestsDuringMaintenance->handle(Object(Illuminate\\Http\\Request), Object(Closure))
#52 D:\\Backend-game-topup\\web\\project\\vendor\\laravel\\framework\\src\\Illuminate\\Http\\Middleware\\HandleCors.php(61): Illuminate\\Pipeline\\Pipeline->{closure:{closure:Illuminate\\Pipeline\\Pipeline::carry():194}:195}(Object(Illuminate\\Http\\Request))
#53 D:\\Backend-game-topup\\web\\project\\vendor\\laravel\\framework\\src\\Illuminate\\Pipeline\\Pipeline.php(219): Illuminate\\Http\\Middleware\\HandleCors->handle(Object(Illuminate\\Http\\Request), Object(Closure))
#54 D:\\Backend-game-topup\\web\\project\\vendor\\laravel\\framework\\src\\Illuminate\\Http\\Middleware\\TrustProxies.php(58): Illuminate\\Pipeline\\Pipeline->{closure:{closure:Illuminate\\Pipeline\\Pipeline::carry():194}:195}(Object(Illuminate\\Http\\Request))
#55 D:\\Backend-game-topup\\web\\project\\vendor\\laravel\\framework\\src\\Illuminate\\Pipeline\\Pipeline.php(219): Illuminate\\Http\\Middleware\\TrustProxies->handle(Object(Illuminate\\Http\\Request), Object(Closure))
#56 D:\\Backend-game-topup\\web\\project\\vendor\\laravel\\framework\\src\\Illuminate\\Http\\Middleware\\TrustHosts.php(78): Illuminate\\Pipeline\\Pipeline->{closure:{closure:Illuminate\\Pipeline\\Pipeline::carry():194}:195}(Object(Illuminate\\Http\\Request))
#57 D:\\Backend-game-topup\\web\\project\\vendor\\laravel\\framework\\src\\Illuminate\\Pipeline\\Pipeline.php(219): Illuminate\\Http\\Middleware\\TrustHosts->handle(Object(Illuminate\\Http\\Request), Object(Closure))
#58 D:\\Backend-game-topup\\web\\project\\vendor\\laravel\\framework\\src\\Illuminate\\Pipeline\\Pipeline.php(137): Illuminate\\Pipeline\\Pipeline->{closure:{closure:Illuminate\\Pipeline\\Pipeline::carry():194}:195}(Object(Illuminate\\Http\\Request))
#59 D:\\Backend-game-topup\\web\\project\\vendor\\laravel\\framework\\src\\Illuminate\\Foundation\\Http\\Kernel.php(175): Illuminate\\Pipeline\\Pipeline->then(Object(Closure))
#60 D:\\Backend-game-topup\\web\\project\\vendor\\laravel\\framework\\src\\Illuminate\\Foundation\\Http\\Kernel.php(144): Illuminate\\Foundation\\Http\\Kernel->sendRequestThroughRouter(Object(Illuminate\\Http\\Request))
#61 D:\\Backend-game-topup\\web\\project\\public\\index.php(51): Illuminate\\Foundation\\Http\\Kernel->handle(Object(Illuminate\\Http\\Request))
#62 D:\\Backend-game-topup\\web\\project\\server.php(21): require_once('D:\\\\Backend-game...')
#63 {main}"} 
[2026-02-22 17:56:00] local.INFO: ApiCheckController:check - Start processing request. {"user_id":"329425502","zone_id":"9148","game":"Mobile Legends"} 
[2026-02-22 17:56:00] local.INFO: ApiCheckController:check - Parsed game name. {"original":"Mobile Legends","parsed":"mobile_legends"} 
[2026-02-22 17:56:00] local.INFO: ApiCheckController:check - User found successfully. {"nickname":"Suzura%7cwise","from_cache":true} 
[2026-02-22 17:56:04] local.INFO: Order EM1704ODGIDaoV routed to digiflazz with SKU MLWEEK1  
[2026-02-22 17:56:10] local.INFO: DigiFlazz Request to /v1/transaction {"data":{"username":"joxeheDRnYLD","buyer_sku_code":"MLWEEK1","customer_no":"3294255029148","ref_id":"EM1704ODGIDaoV","testing":true,"sign":"86e837859102e5aac3b36bc5715406a6","cb_url":"https://istanatopup.imhaf.online/wejizy/digi/payload"},"status":200,"body":"{\"data\":{\"ref_id\":\"EM1704ODGIDaoV\",\"customer_no\":\"3294255029148\",\"buyer_sku_code\":\"MLWEEK1\",\"message\":\"\",\"status\":\"Pending\",\"rc\":\"\",\"buyer_last_saldo\":990000,\"sn\":\"\",\"price\":10000,\"tele\":\"@telegram\",\"wa\":\"081234512345\"}}"} 
[2026-02-22 17:56:10] local.INFO: Digiflazz Order:  {"order":{"data":{"ref_id":"EM1704ODGIDaoV","customer_no":"3294255029148","buyer_sku_code":"MLWEEK1","message":"","status":"Pending","rc":"","buyer_last_saldo":990000,"sn":"","price":10000,"tele":"@telegram","wa":"081234512345"}},"status":true} 
[2026-02-22 17:56:19] local.INFO: WhatsApp API (Fonnte) Response {"response":"{\"reason\":\"request invalid on disconnected device\",\"requestid\":391912287,\"status\":false}"} 
[2026-02-22 18:47:53] local.INFO: ApiCheckController:check - Start processing request. {"user_id":"329425502","zone_id":"9148","game":"Mobile Legends"} 
[2026-02-22 18:47:53] local.INFO: ApiCheckController:check - Parsed game name. {"original":"Mobile Legends","parsed":"mobile_legends"} 
[2026-02-22 18:47:53] local.INFO: ApiCheckController:connect - Sending data to external API. {"url":"https://api-cek-id-game-ten.vercel.app/api/check-id-game","data":"{\"type_name\":\"mobile_legends\",\"userId\":\"329425502\",\"zoneId\":\"9148\"}"} 
[2026-02-22 18:47:56] local.INFO: ApiCheckController:connect - Received response from external API. {"http_code":200,"response_body":"{\"message\":\"Success Requesting to API\",\"nickname\":\"Suzura%7cwise\",\"server_time\":\"2026-02-22 11:47:57\",\"status\":true,\"type_name\":\"MOBILE_LEGENDS\"}
"} 
[2026-02-22 18:47:56] local.INFO: ApiCheckController:check - User found successfully. {"nickname":"Suzura%7cwise","from_cache":true} 
[2026-02-22 18:48:13] local.INFO: ApiCheckController:check - Start processing request. {"user_id":"329425502","zone_id":"9148","game":"Mobile Legends"} 
[2026-02-22 18:48:13] local.INFO: ApiCheckController:check - Parsed game name. {"original":"Mobile Legends","parsed":"mobile_legends"} 
[2026-02-22 18:48:13] local.INFO: ApiCheckController:check - User found successfully. {"nickname":"Suzura%7cwise","from_cache":true} 
[2026-02-22 18:48:17] local.INFO: Order EM1817moEkkhg0 routed to digiflazz with SKU MLWEEK1  
[2026-02-22 18:48:18] local.INFO: DigiFlazz Request to /v1/transaction {"data":{"username":"joxeheDRnYLD","buyer_sku_code":"MLWEEK1","customer_no":"3294255029148","ref_id":"EM1817moEkkhg0","testing":true,"sign":"f290b386e9bdf470e1223e521f7b073f","cb_url":"https://istanatopup.imhaf.online/wejizy/digi/payload"},"status":200,"body":"{\"data\":{\"ref_id\":\"EM1817moEkkhg0\",\"customer_no\":\"3294255029148\",\"buyer_sku_code\":\"MLWEEK1\",\"message\":\"\",\"status\":\"Pending\",\"rc\":\"\",\"buyer_last_saldo\":990000,\"sn\":\"\",\"price\":10000,\"tele\":\"@telegram\",\"wa\":\"081234512345\"}}"} 
[2026-02-22 18:48:18] local.INFO: Digiflazz Order:  {"order":{"data":{"ref_id":"EM1817moEkkhg0","customer_no":"3294255029148","buyer_sku_code":"MLWEEK1","message":"","status":"Pending","rc":"","buyer_last_saldo":990000,"sn":"","price":10000,"tele":"@telegram","wa":"081234512345"}},"status":true} 
[2026-02-22 18:48:21] local.INFO: WhatsApp API (Fonnte) Response {"response":"{\"reason\":\"request invalid on disconnected device\",\"requestid\":391949497,\"status\":false}"} 
[2026-02-22 18:56:05] local.INFO: OrderProcessingService: Processing order EM1817moEkkhg0 (WEEKLY DIAMOND PASS)  
[2026-02-22 18:56:05] local.INFO: OrderProcessingService: Routed to digiflazz with SKU MLWEEK1  
[2026-02-22 18:56:06] local.INFO: DigiFlazz Request to /v1/transaction {"data":{"username":"joxeheDRnYLD","buyer_sku_code":"MLWEEK1","customer_no":"3294255029148","ref_id":"EM1817moEkkhg0","testing":true,"sign":"f290b386e9bdf470e1223e521f7b073f","cb_url":"https://istanatopup.imhaf.online/wejizy/digi/payload"},"status":200,"body":"{\"data\":{\"ref_id\":\"EM1817moEkkhg0\",\"customer_no\":\"3294255029148\",\"buyer_sku_code\":\"MLWEEK1\",\"message\":\"\",\"status\":\"Pending\",\"rc\":\"\",\"buyer_last_saldo\":990000,\"sn\":\"\",\"price\":10000,\"tele\":\"@telegram\",\"wa\":\"081234512345\"}}"} 
[2026-02-22 18:56:06] local.INFO: Digiflazz Response for EM1817moEkkhg0: {"data":{"ref_id":"EM1817moEkkhg0","customer_no":"3294255029148","buyer_sku_code":"MLWEEK1","message":"","status":"Pending","rc":"","buyer_last_saldo":990000,"sn":"","price":10000,"tele":"@telegram","wa":"081234512345"}}  
[2026-02-22 18:57:10] local.INFO: OrderProcessingService: Processing order EM1704ODGIDaoV (WEEKLY DIAMOND PASS)  
[2026-02-22 18:57:10] local.INFO: OrderProcessingService: Routed to digiflazz with SKU MLWEEK1  
[2026-02-22 18:57:12] local.INFO: DigiFlazz Request to /v1/transaction {"data":{"username":"joxeheDRnYLD","buyer_sku_code":"MLWEEK1","customer_no":"3294255029148","ref_id":"EM1704ODGIDaoV","testing":true,"sign":"86e837859102e5aac3b36bc5715406a6","cb_url":"https://istanatopup.imhaf.online/wejizy/digi/payload"},"status":200,"body":"{\"data\":{\"ref_id\":\"EM1704ODGIDaoV\",\"customer_no\":\"3294255029148\",\"buyer_sku_code\":\"MLWEEK1\",\"message\":\"\",\"status\":\"Pending\",\"rc\":\"\",\"buyer_last_saldo\":990000,\"sn\":\"\",\"price\":10000,\"tele\":\"@telegram\",\"wa\":\"081234512345\"}}"} 
[2026-02-22 18:57:12] local.INFO: Digiflazz Response for EM1704ODGIDaoV: {"data":{"ref_id":"EM1704ODGIDaoV","customer_no":"3294255029148","buyer_sku_code":"MLWEEK1","message":"","status":"Pending","rc":"","buyer_last_saldo":990000,"sn":"","price":10000,"tele":"@telegram","wa":"081234512345"}}  
