[2026-02-02 17:07:13] local.ERROR: Exception occurred: SQLSTATE[42S22]: Column not found: 1054 Unknown column 'remember_token' in 'field list' (Connection: mysql, Host: localhost, Port: 3306, Database: topup, SQL: update `users` set `remember_token` = 8rUPpcmFy6iwXQ7DogPnLNGCQANC72nzZl31JP1jsAde1Rw6sWwRXJD8QXT8 where `id` = 350) {"exception":"[object] (Illuminate\\Database\\QueryException(code: 42S22): SQLSTATE[42S22]: Column not found: 1054 Unknown column 'remember_token' in 'field list' (Connection: mysql, Host: localhost, Port: 3306, Database: topup, SQL: update `users` set `remember_token` = 8rUPpcmFy6iwXQ7DogPnLNGCQANC72nzZl31JP1jsAde1Rw6sWwRXJD8QXT8 where `id` = 350) at D:/Backend-game-topup/web/project/vendor/laravel/framework/src/Illuminate/Database/Connection.php:838)
[stacktrace]
#0 D:/Backend-game-topup/web/project/vendor/laravel/framework/src/Illuminate/Database/Connection.php(794): Illuminate/Database/Connection->runQueryCallback('update `users` ...', Array, Object(Closure))
#1 D:/Backend-game-topup/web/project/vendor/laravel/framework/src/Illuminate/Database/Connection.php(597): Illuminate/Database/Connection->run('update `users` ...', Array, Object(Closure))
#2 D:/Backend-game-topup/web/project/vendor/laravel/framework/src/Illuminate/Database/Connection.php(549): Illuminate/Database/Connection->affectingStatement('update `users` ...', Array)
#3 D:/Backend-game-topup/web/project/vendor/laravel/framework/src/Illuminate/Database/Query/Builder.php(4097): Illuminate/Database/Connection->update('update `users` ...', Array)
#4 D:/Backend-game-topup/web/project/vendor/laravel/framework/src/Illuminate/Database/Eloquent/Builder.php(1266): Illuminate/Database/Query/Builder->update(Object(Illuminate/Support/Collection))
#5 D:/Backend-game-topup/web/project/vendor/laravel/framework/src/Illuminate/Database/Eloquent/Model.php(1316): Illuminate/Database/Eloquent/Builder->update(Array)
#6 D:/Backend-game-topup/web/project/vendor/laravel/framework/src/Illuminate/Database/Eloquent/Model.php(1233): Illuminate/Database/Eloquent/Model->performUpdate(Object(Illuminate/Database/Eloquent/Builder))
#7 D:/Backend-game-topup/web/project/vendor/laravel/framework/src/Illuminate/Auth/EloquentUserProvider.php(100): Illuminate/Database/Eloquent/Model->save()
#8 D:/Backend-game-topup/web/project/vendor/laravel/framework/src/Illuminate/Auth/SessionGuard.php(724): Illuminate/Auth/EloquentUserProvider->updateRememberToken(Object(App/Models/User), Object(SensitiveParameterValue))
#9 D:/Backend-game-topup/web/project/vendor/laravel/framework/src/Illuminate/Auth/SessionGuard.php(597): Illuminate/Auth/SessionGuard->cycleRememberToken(Object(App/Models/User))
#10 D:/Backend-game-topup/web/project/vendor/laravel/framework/src/Illuminate/Auth/SessionGuard.php(562): Illuminate/Auth/SessionGuard->ensureRememberTokenIsSet(Object(App/Models/User))
#11 D:/Backend-game-topup/web/project/vendor/laravel/framework/src/Illuminate/Auth/SessionGuard.php(466): Illuminate/Auth/SessionGuard->login(Object(App/Models/User), true)
#12 D:/Backend-game-topup/web/project/vendor/laravel/framework/src/Illuminate/Support/Timebox.php(34): Illuminate/Auth/SessionGuard->{closure:Illuminate/Auth/SessionGuard::attemptWhen():455}(Object(Illuminate/Support/Timebox))
#13 D:/Backend-game-topup/web/project/vendor/laravel/framework/src/Illuminate/Auth/SessionGuard.php(455): Illuminate/Support/Timebox->call(Object(Closure), 200000)
#14 D:/Backend-game-topup/web/project/vendor/filament/filament/src/Auth/Pages/Login.php(122): Illuminate/Auth/SessionGuard->attemptWhen(Array, Object(Closure), true)
#15 D:/Backend-game-topup/web/project/vendor/laravel/framework/src/Illuminate/Container/BoundMethod.php(36): Filament/Auth/Pages/Login->authenticate()
#16 D:/Backend-game-topup/web/project/vendor/laravel/framework/src/Illuminate/Container/Util.php(43): Illuminate/Container/BoundMethod::{closure:Illuminate/Container/BoundMethod::call():35}()
#17 D:/Backend-game-topup/web/project/vendor/laravel/framework/src/Illuminate/Container/BoundMethod.php(96): Illuminate/Container/Util::unwrapIfClosure(Object(Closure))
#18 D:/Backend-game-topup/web/project/vendor/laravel/framework/src/Illuminate/Container/BoundMethod.php(35): Illuminate/Container/BoundMethod::callBoundMethod(Object(Illuminate/Foundation/Application), Array, Object(Closure))
#19 D:/Backend-game-topup/web/project/vendor/livewire/livewire/src/Wrapped.php(23): Illuminate/Container/BoundMethod::call(Object(Illuminate/Foundation/Application), Array, Array)
#20 D:/Backend-game-topup/web/project/vendor/livewire/livewire/src/Mechanisms/HandleComponents/HandleComponents.php(492): Livewire/Wrapped->__call('authenticate', Array)
#21 D:/Backend-game-topup/web/project/vendor/livewire/livewire/src/Mechanisms/HandleComponents/HandleComponents.php(101): Livewire/Mechanisms/HandleComponents/HandleComponents->callMethods(Object(App/Filament/Admin/Pages/Auth/Login), Array, Object(Livewire/Mechanisms/HandleComponents/ComponentContext))
#22 D:/Backend-game-topup/web/project/vendor/livewire/livewire/src/LivewireManager.php(102): Livewire/Mechanisms/HandleComponents/HandleComponents->update(Array, Array, Array)
#23 D:/Backend-game-topup/web/project/vendor/livewire/livewire/src/Mechanisms/HandleRequests/HandleRequests.php(94): Livewire/LivewireManager->update(Array, Array, Array)
#24 D:/Backend-game-topup/web/project/vendor/laravel/framework/src/Illuminate/Routing/ControllerDispatcher.php(46): Livewire/Mechanisms/HandleRequests/HandleRequests->handleUpdate()
#25 D:/Backend-game-topup/web/project/vendor/laravel/framework/src/Illuminate/Routing/Route.php(265): Illuminate/Routing/ControllerDispatcher->dispatch(Object(Illuminate/Routing/Route), Object(Livewire/Mechanisms/HandleRequests/HandleRequests), 'handleUpdate')
#26 D:/Backend-game-topup/web/project/vendor/laravel/framework/src/Illuminate/Routing/Route.php(211): Illuminate/Routing/Route->runController()
#27 D:/Backend-game-topup/web/project/vendor/laravel/framework/src/Illuminate/Routing/Router.php(822): Illuminate/Routing/Route->run()
#28 D:/Backend-game-topup/web/project/vendor/laravel/framework/src/Illuminate/Pipeline/Pipeline.php(180): Illuminate/Routing/Router->{closure:Illuminate/Routing/Router::runRouteWithinStack():821}(Object(Illuminate/Http/Request))
#29 D:/Backend-game-topup/web/project/app/Http/Middleware/LanguageDetectMiddleware.php(24): Illuminate/Pipeline/Pipeline->{closure:Illuminate/Pipeline/Pipeline::prepareDestination():178}(Object(Illuminate/Http/Request))
#30 D:/Backend-game-topup/web/project/vendor/laravel/framework/src/Illuminate/Pipeline/Pipeline.php(219): App/Http/Middleware/LanguageDetectMiddleware->handle(Object(Illuminate/Http/Request), Object(Closure))
#31 D:/Backend-game-topup/web/project/app/Http/Middleware/TrackVisitors.php(33): Illuminate/Pipeline/Pipeline->{closure:{closure:Illuminate/Pipeline/Pipeline::carry():194}:195}(Object(Illuminate/Http/Request))
#32 D:/Backend-game-topup/web/project/vendor/laravel/framework/src/Illuminate/Pipeline/Pipeline.php(219): App/Http/Middleware/TrackVisitors->handle(Object(Illuminate/Http/Request), Object(Closure))
#33 D:/Backend-game-topup/web/project/app/Http/Middleware/AddExpirationDateToCookie.php(21): Illuminate/Pipeline/Pipeline->{closure:{closure:Illuminate/Pipeline/Pipeline::carry():194}:195}(Object(Illuminate/Http/Request))
#34 D:/Backend-game-topup/web/project/vendor/laravel/framework/src/Illuminate/Pipeline/Pipeline.php(219): App/Http/Middleware/AddExpirationDateToCookie->handle(Object(Illuminate/Http/Request), Object(Closure))
#35 D:/Backend-game-topup/web/project/vendor/laravel/framework/src/Illuminate/Routing/Middleware/SubstituteBindings.php(50): Illuminate/Pipeline/Pipeline->{closure:{closure:Illuminate/Pipeline/Pipeline::carry():194}:195}(Object(Illuminate/Http/Request))
#36 D:/Backend-game-topup/web/project/vendor/laravel/framework/src/Illuminate/Pipeline/Pipeline.php(219): Illuminate/Routing/Middleware/SubstituteBindings->handle(Object(Illuminate/Http/Request), Object(Closure))
#37 D:/Backend-game-topup/web/project/app/Http/Middleware/VerifyCsrfToken.php(31): Illuminate/Pipeline/Pipeline->{closure:{closure:Illuminate/Pipeline/Pipeline::carry():194}:195}(Object(Illuminate/Http/Request))
#38 D:/Backend-game-topup/web/project/vendor/laravel/framework/src/Illuminate/Pipeline/Pipeline.php(219): App/Http/Middleware/VerifyCsrfToken->handle(Object(Illuminate/Http/Request), Object(Closure))
#39 D:/Backend-game-topup/web/project/vendor/laravel/framework/src/Illuminate/View/Middleware/ShareErrorsFromSession.php(48): Illuminate/Pipeline/Pipeline->{closure:{closure:Illuminate/Pipeline/Pipeline::carry():194}:195}(Object(Illuminate/Http/Request))
#40 D:/Backend-game-topup/web/project/vendor/laravel/framework/src/Illuminate/Pipeline/Pipeline.php(219): Illuminate/View/Middleware/ShareErrorsFromSession->handle(Object(Illuminate/Http/Request), Object(Closure))
#41 D:/Backend-game-topup/web/project/vendor/laravel/framework/src/Illuminate/Session/Middleware/StartSession.php(120): Illuminate/Pipeline/Pipeline->{closure:{closure:Illuminate/Pipeline/Pipeline::carry():194}:195}(Object(Illuminate/Http/Request))
#42 D:/Backend-game-topup/web/project/vendor/laravel/framework/src/Illuminate/Session/Middleware/StartSession.php(63): Illuminate/Session/Middleware/StartSession->handleStatefulRequest(Object(Illuminate/Http/Request), Object(Illuminate/Session/EncryptedStore), Object(Closure))
#43 D:/Backend-game-topup/web/project/vendor/laravel/framework/src/Illuminate/Pipeline/Pipeline.php(219): Illuminate/Session/Middleware/StartSession->handle(Object(Illuminate/Http/Request), Object(Closure))
#44 D:/Backend-game-topup/web/project/vendor/laravel/framework/src/Illuminate/Cookie/Middleware/AddQueuedCookiesToResponse.php(36): Illuminate/Pipeline/Pipeline->{closure:{closure:Illuminate/Pipeline/Pipeline::carry():194}:195}(Object(Illuminate/Http/Request))
#45 D:/Backend-game-topup/web/project/vendor/laravel/framework/src/Illuminate/Pipeline/Pipeline.php(219): Illuminate/Cookie/Middleware/AddQueuedCookiesToResponse->handle(Object(Illuminate/Http/Request), Object(Closure))
#46 D:/Backend-game-topup/web/project/vendor/laravel/framework/src/Illuminate/Cookie/Middleware/EncryptCookies.php(74): Illuminate/Pipeline/Pipeline->{closure:{closure:Illuminate/Pipeline/Pipeline::carry():194}:195}(Object(Illuminate/Http/Request))
#47 D:/Backend-game-topup/web/project/vendor/laravel/framework/src/Illuminate/Pipeline/Pipeline.php(219): Illuminate/Cookie/Middleware/EncryptCookies->handle(Object(Illuminate/Http/Request), Object(Closure))
#48 D:/Backend-game-topup/web/project/vendor/laravel/framework/src/Illuminate/Pipeline/Pipeline.php(137): Illuminate/Pipeline/Pipeline->{closure:{closure:Illuminate/Pipeline/Pipeline::carry():194}:195}(Object(Illuminate/Http/Request))
#49 D:/Backend-game-topup/web/project/vendor/laravel/framework/src/Illuminate/Routing/Router.php(821): Illuminate/Pipeline/Pipeline->then(Object(Closure))
#50 D:/Backend-game-topup/web/project/vendor/laravel/framework/src/Illuminate/Routing/Router.php(800): Illuminate/Routing/Router->runRouteWithinStack(Object(Illuminate/Routing/Route), Object(Illuminate/Http/Request))
#51 D:/Backend-game-topup/web/project/vendor/laravel/framework/src/Illuminate/Routing/Router.php(764): Illuminate/Routing/Router->runRoute(Object(Illuminate/Http/Request), Object(Illuminate/Routing/Route))
#52 D:/Backend-game-topup/web/project/vendor/laravel/framework/src/Illuminate/Routing/Router.php(753): Illuminate/Routing/Router->dispatchToRoute(Object(Illuminate/Http/Request))
#53 D:/Backend-game-topup/web/project/vendor/laravel/framework/src/Illuminate/Foundation/Http/Kernel.php(200): Illuminate/Routing/Router->dispatch(Object(Illuminate/Http/Request))
#54 D:/Backend-game-topup/web/project/vendor/laravel/framework/src/Illuminate/Pipeline/Pipeline.php(180): Illuminate/Foundation/Http/Kernel->{closure:Illuminate/Foundation/Http/Kernel::dispatchToRouter():197}(Object(Illuminate/Http/Request))
#55 D:/Backend-game-topup/web/project/vendor/livewire/livewire/src/Features/SupportDisablingBackButtonCache/DisableBackButtonCacheMiddleware.php(19): Illuminate/Pipeline/Pipeline->{closure:Illuminate/Pipeline/Pipeline::prepareDestination():178}(Object(Illuminate/Http/Request))
#56 D:/Backend-game-topup/web/project/vendor/laravel/framework/src/Illuminate/Pipeline/Pipeline.php(219): Livewire/Features/SupportDisablingBackButtonCache/DisableBackButtonCacheMiddleware->handle(Object(Illuminate/Http/Request), Object(Closure))
#57 D:/Backend-game-topup/web/project/vendor/laravel/framework/src/Illuminate/Foundation/Http/Middleware/ConvertEmptyStringsToNull.php(27): Illuminate/Pipeline/Pipeline->{closure:{closure:Illuminate/Pipeline/Pipeline::carry():194}:195}(Object(Illuminate/Http/Request))
#58 D:/Backend-game-topup/web/project/vendor/laravel/framework/src/Illuminate/Pipeline/Pipeline.php(219): Illuminate/Foundation/Http/Middleware/ConvertEmptyStringsToNull->handle(Object(Illuminate/Http/Request), Object(Closure))
#59 D:/Backend-game-topup/web/project/vendor/laravel/framework/src/Illuminate/Foundation/Http/Middleware/TrimStrings.php(47): Illuminate/Pipeline/Pipeline->{closure:{closure:Illuminate/Pipeline/Pipeline::carry():194}:195}(Object(Illuminate/Http/Request))
#60 D:/Backend-game-topup/web/project/vendor/laravel/framework/src/Illuminate/Pipeline/Pipeline.php(219): Illuminate/Foundation/Http/Middleware/TrimStrings->handle(Object(Illuminate/Http/Request), Object(Closure))
#61 D:/Backend-game-topup/web/project/vendor/laravel/framework/src/Illuminate/Http/Middleware/ValidatePostSize.php(27): Illuminate/Pipeline/Pipeline->{closure:{closure:Illuminate/Pipeline/Pipeline::carry():194}:195}(Object(Illuminate/Http/Request))
#62 D:/Backend-game-topup/web/project/vendor/laravel/framework/src/Illuminate/Pipeline/Pipeline.php(219): Illuminate/Http/Middleware/ValidatePostSize->handle(Object(Illuminate/Http/Request), Object(Closure))
#63 D:/Backend-game-topup/web/project/vendor/laravel/framework/src/Illuminate/Foundation/Http/Middleware/PreventRequestsDuringMaintenance.php(109): Illuminate/Pipeline/Pipeline->{closure:{closure:Illuminate/Pipeline/Pipeline::carry():194}:195}(Object(Illuminate/Http/Request))
#64 D:/Backend-game-topup/web/project/vendor/laravel/framework/src/Illuminate/Pipeline/Pipeline.php(219): Illuminate/Foundation/Http/Middleware/PreventRequestsDuringMaintenance->handle(Object(Illuminate/Http/Request), Object(Closure))
#65 D:/Backend-game-topup/web/project/vendor/laravel/framework/src/Illuminate/Http/Middleware/HandleCors.php(48): Illuminate/Pipeline/Pipeline->{closure:{closure:Illuminate/Pipeline/Pipeline::carry():194}:195}(Object(Illuminate/Http/Request))
#66 D:/Backend-game-topup/web/project/vendor/laravel/framework/src/Illuminate/Pipeline/Pipeline.php(219): Illuminate/Http/Middleware/HandleCors->handle(Object(Illuminate/Http/Request), Object(Closure))
#67 D:/Backend-game-topup/web/project/vendor/laravel/framework/src/Illuminate/Http/Middleware/TrustProxies.php(58): Illuminate/Pipeline/Pipeline->{closure:{closure:Illuminate/Pipeline/Pipeline::carry():194}:195}(Object(Illuminate/Http/Request))
#68 D:/Backend-game-topup/web/project/vendor/laravel/framework/src/Illuminate/Pipeline/Pipeline.php(219): Illuminate/Http/Middleware/TrustProxies->handle(Object(Illuminate/Http/Request), Object(Closure))
#69 D:/Backend-game-topup/web/project/vendor/laravel/framework/src/Illuminate/Http/Middleware/TrustHosts.php(78): Illuminate/Pipeline/Pipeline->{closure:{closure:Illuminate/Pipeline/Pipeline::carry():194}:195}(Object(Illuminate/Http/Request))
#70 D:/Backend-game-topup/web/project/vendor/laravel/framework/src/Illuminate/Pipeline/Pipeline.php(219): Illuminate/Http/Middleware/TrustHosts->handle(Object(Illuminate/Http/Request), Object(Closure))
#71 D:/Backend-game-topup/web/project/vendor/laravel/framework/src/Illuminate/Pipeline/Pipeline.php(137): Illuminate/Pipeline/Pipeline->{closure:{closure:Illuminate/Pipeline/Pipeline::carry():194}:195}(Object(Illuminate/Http/Request))
#72 D:/Backend-game-topup/web/project/vendor/laravel/framework/src/Illuminate/Foundation/Http/Kernel.php(175): Illuminate/Pipeline/Pipeline->then(Object(Closure))
#73 D:/Backend-game-topup/web/project/vendor/laravel/framework/src/Illuminate/Foundation/Http/Kernel.php(144): Illuminate/Foundation/Http/Kernel->sendRequestThroughRouter(Object(Illuminate/Http/Request))
#74 D:/Backend-game-topup/web/project/public/index.php(51): Illuminate/Foundation/Http/Kernel->handle(Object(Illuminate/Http/Request))
#75 D:/Backend-game-topup/web/project/server.php(21): require_once('D://Backend-game...')
#76 {main}

[previous exception] [object] (PDOException(code: 42S22): SQLSTATE[42S22]: Column not found: 1054 Unknown column 'remember_token' in 'field list' at D:/Backend-game-topup/web/project/vendor/laravel/framework/src/Illuminate/Database/Connection.php:605)
[stacktrace]
#0 D:/Backend-game-topup/web/project/vendor/laravel/framework/src/Illuminate/Database/Connection.php(605): PDO->prepare('update `users` ...')
#1 D:/Backend-game-topup/web/project/vendor/laravel/framework/src/Illuminate/Database/Connection.php(827): Illuminate/Database/Connection->{closure:Illuminate/Database/Connection::affectingStatement():597}('update `users` ...', Array)
#2 D:/Backend-game-topup/web/project/vendor/laravel/framework/src/Illuminate/Database/Connection.php(794): Illuminate/Database/Connection->runQueryCallback('update `users` ...', Array, Object(Closure))
#3 D:/Backend-game-topup/web/project/vendor/laravel/framework/src/Illuminate/Database/Connection.php(597): Illuminate/Database/Connection->run('update `users` ...', Array, Object(Closure))
#4 D:/Backend-game-topup/web/project/vendor/laravel/framework/src/Illuminate/Database/Connection.php(549): Illuminate/Database/Connection->affectingStatement('update `users` ...', Array)
#5 D:/Backend-game-topup/web/project/vendor/laravel/framework/src/Illuminate/Database/Query/Builder.php(4097): Illuminate/Database/Connection->update('update `users` ...', Array)
#6 D:/Backend-game-topup/web/project/vendor/laravel/framework/src/Illuminate/Database/Eloquent/Builder.php(1266): Illuminate/Database/Query/Builder->update(Object(Illuminate/Support/Collection))
#7 D:/Backend-game-topup/web/project/vendor/laravel/framework/src/Illuminate/Database/Eloquent/Model.php(1316): Illuminate/Database/Eloquent/Builder->update(Array)
#8 D:/Backend-game-topup/web/project/vendor/laravel/framework/src/Illuminate/Database/Eloquent/Model.php(1233): Illuminate/Database/Eloquent/Model->performUpdate(Object(Illuminate/Database/Eloquent/Builder))
#9 D:/Backend-game-topup/web/project/vendor/laravel/framework/src/Illuminate/Auth/EloquentUserProvider.php(100): Illuminate/Database/Eloquent/Model->save()
#10 D:/Backend-game-topup/web/project/vendor/laravel/framework/src/Illuminate/Auth/SessionGuard.php(724): Illuminate/Auth/EloquentUserProvider->updateRememberToken(Object(App/Models/User), Object(SensitiveParameterValue))
#11 D:/Backend-game-topup/web/project/vendor/laravel/framework/src/Illuminate/Auth/SessionGuard.php(597): Illuminate/Auth/SessionGuard->cycleRememberToken(Object(App/Models/User))
#12 D:/Backend-game-topup/web/project/vendor/laravel/framework/src/Illuminate/Auth/SessionGuard.php(562): Illuminate/Auth/SessionGuard->ensureRememberTokenIsSet(Object(App/Models/User))
#13 D:/Backend-game-topup/web/project/vendor/laravel/framework/src/Illuminate/Auth/SessionGuard.php(466): Illuminate/Auth/SessionGuard->login(Object(App/Models/User), true)
#14 D:/Backend-game-topup/web/project/vendor/laravel/framework/src/Illuminate/Support/Timebox.php(34): Illuminate/Auth/SessionGuard->{closure:Illuminate/Auth/SessionGuard::attemptWhen():455}(Object(Illuminate/Support/Timebox))
#15 D:/Backend-game-topup/web/project/vendor/laravel/framework/src/Illuminate/Auth/SessionGuard.php(455): Illuminate/Support/Timebox->call(Object(Closure), 200000)
#16 D:/Backend-game-topup/web/project/vendor/filament/filament/src/Auth/Pages/Login.php(122): Illuminate/Auth/SessionGuard->attemptWhen(Array, Object(Closure), true)
#17 D:/Backend-game-topup/web/project/vendor/laravel/framework/src/Illuminate/Container/BoundMethod.php(36): Filament/Auth/Pages/Login->authenticate()
#18 D:/Backend-game-topup/web/project/vendor/laravel/framework/src/Illuminate/Container/Util.php(43): Illuminate/Container/BoundMethod::{closure:Illuminate/Container/BoundMethod::call():35}()
#19 D:/Backend-game-topup/web/project/vendor/laravel/framework/src/Illuminate/Container/BoundMethod.php(96): Illuminate/Container/Util::unwrapIfClosure(Object(Closure))
#20 D:/Backend-game-topup/web/project/vendor/laravel/framework/src/Illuminate/Container/BoundMethod.php(35): Illuminate/Container/BoundMethod::callBoundMethod(Object(Illuminate/Foundation/Application), Array, Object(Closure))
#21 D:/Backend-game-topup/web/project/vendor/livewire/livewire/src/Wrapped.php(23): Illuminate/Container/BoundMethod::call(Object(Illuminate/Foundation/Application), Array, Array)
#22 D:/Backend-game-topup/web/project/vendor/livewire/livewire/src/Mechanisms/HandleComponents/HandleComponents.php(492): Livewire/Wrapped->__call('authenticate', Array)
#23 D:/Backend-game-topup/web/project/vendor/livewire/livewire/src/Mechanisms/HandleComponents/HandleComponents.php(101): Livewire/Mechanisms/HandleComponents/HandleComponents->callMethods(Object(App/Filament/Admin/Pages/Auth/Login), Array, Object(Livewire/Mechanisms/HandleComponents/ComponentContext))
#24 D:/Backend-game-topup/web/project/vendor/livewire/livewire/src/LivewireManager.php(102): Livewire/Mechanisms/HandleComponents/HandleComponents->update(Array, Array, Array)
#25 D:/Backend-game-topup/web/project/vendor/livewire/livewire/src/Mechanisms/HandleRequests/HandleRequests.php(94): Livewire/LivewireManager->update(Array, Array, Array)
#26 D:/Backend-game-topup/web/project/vendor/laravel/framework/src/Illuminate/Routing/ControllerDispatcher.php(46): Livewire/Mechanisms/HandleRequests/HandleRequests->handleUpdate()
#27 D:/Backend-game-topup/web/project/vendor/laravel/framework/src/Illuminate/Routing/Route.php(265): Illuminate/Routing/ControllerDispatcher->dispatch(Object(Illuminate/Routing/Route), Object(Livewire/Mechanisms/HandleRequests/HandleRequests), 'handleUpdate')
#28 D:/Backend-game-topup/web/project/vendor/laravel/framework/src/Illuminate/Routing/Route.php(211): Illuminate/Routing/Route->runController()
#29 D:/Backend-game-topup/web/project/vendor/laravel/framework/src/Illuminate/Routing/Router.php(822): Illuminate/Routing/Route->run()
#30 D:/Backend-game-topup/web/project/vendor/laravel/framework/src/Illuminate/Pipeline/Pipeline.php(180): Illuminate/Routing/Router->{closure:Illuminate/Routing/Router::runRouteWithinStack():821}(Object(Illuminate/Http/Request))
#31 D:/Backend-game-topup/web/project/app/Http/Middleware/LanguageDetectMiddleware.php(24): Illuminate/Pipeline/Pipeline->{closure:Illuminate/Pipeline/Pipeline::prepareDestination():178}(Object(Illuminate/Http/Request))
#32 D:/Backend-game-topup/web/project/vendor/laravel/framework/src/Illuminate/Pipeline/Pipeline.php(219): App/Http/Middleware/LanguageDetectMiddleware->handle(Object(Illuminate/Http/Request), Object(Closure))
#33 D:/Backend-game-topup/web/project/app/Http/Middleware/TrackVisitors.php(33): Illuminate/Pipeline/Pipeline->{closure:{closure:Illuminate/Pipeline/Pipeline::carry():194}:195}(Object(Illuminate/Http/Request))
#34 D:/Backend-game-topup/web/project/vendor/laravel/framework/src/Illuminate/Pipeline/Pipeline.php(219): App/Http/Middleware/TrackVisitors->handle(Object(Illuminate/Http/Request), Object(Closure))
#35 D:/Backend-game-topup/web/project/app/Http/Middleware/AddExpirationDateToCookie.php(21): Illuminate/Pipeline/Pipeline->{closure:{closure:Illuminate/Pipeline/Pipeline::carry():194}:195}(Object(Illuminate/Http/Request))
#36 D:/Backend-game-topup/web/project/vendor/laravel/framework/src/Illuminate/Pipeline/Pipeline.php(219): App/Http/Middleware/AddExpirationDateToCookie->handle(Object(Illuminate/Http/Request), Object(Closure))
#37 D:/Backend-game-topup/web/project/vendor/laravel/framework/src/Illuminate/Routing/Middleware/SubstituteBindings.php(50): Illuminate/Pipeline/Pipeline->{closure:{closure:Illuminate/Pipeline/Pipeline::carry():194}:195}(Object(Illuminate/Http/Request))
#38 D:/Backend-game-topup/web/project/vendor/laravel/framework/src/Illuminate/Pipeline/Pipeline.php(219): Illuminate/Routing/Middleware/SubstituteBindings->handle(Object(Illuminate/Http/Request), Object(Closure))
#39 D:/Backend-game-topup/web/project/app/Http/Middleware/VerifyCsrfToken.php(31): Illuminate/Pipeline/Pipeline->{closure:{closure:Illuminate/Pipeline/Pipeline::carry():194}:195}(Object(Illuminate/Http/Request))
#40 D:/Backend-game-topup/web/project/vendor/laravel/framework/src/Illuminate/Pipeline/Pipeline.php(219): App/Http/Middleware/VerifyCsrfToken->handle(Object(Illuminate/Http/Request), Object(Closure))
#41 D:/Backend-game-topup/web/project/vendor/laravel/framework/src/Illuminate/View/Middleware/ShareErrorsFromSession.php(48): Illuminate/Pipeline/Pipeline->{closure:{closure:Illuminate/Pipeline/Pipeline::carry():194}:195}(Object(Illuminate/Http/Request))
#42 D:/Backend-game-topup/web/project/vendor/laravel/framework/src/Illuminate/Pipeline/Pipeline.php(219): Illuminate/View/Middleware/ShareErrorsFromSession->handle(Object(Illuminate/Http/Request), Object(Closure))
#43 D:/Backend-game-topup/web/project/vendor/laravel/framework/src/Illuminate/Session/Middleware/StartSession.php(120): Illuminate/Pipeline/Pipeline->{closure:{closure:Illuminate/Pipeline/Pipeline::carry():194}:195}(Object(Illuminate/Http/Request))
#44 D:/Backend-game-topup/web/project/vendor/laravel/framework/src/Illuminate/Session/Middleware/StartSession.php(63): Illuminate/Session/Middleware/StartSession->handleStatefulRequest(Object(Illuminate/Http/Request), Object(Illuminate/Session/EncryptedStore), Object(Closure))
#45 D:/Backend-game-topup/web/project/vendor/laravel/framework/src/Illuminate/Pipeline/Pipeline.php(219): Illuminate/Session/Middleware/StartSession->handle(Object(Illuminate/Http/Request), Object(Closure))
#46 D:/Backend-game-topup/web/project/vendor/laravel/framework/src/Illuminate/Cookie/Middleware/AddQueuedCookiesToResponse.php(36): Illuminate/Pipeline/Pipeline->{closure:{closure:Illuminate/Pipeline/Pipeline::carry():194}:195}(Object(Illuminate/Http/Request))
#47 D:/Backend-game-topup/web/project/vendor/laravel/framework/src/Illuminate/Pipeline/Pipeline.php(219): Illuminate/Cookie/Middleware/AddQueuedCookiesToResponse->handle(Object(Illuminate/Http/Request), Object(Closure))
#48 D:/Backend-game-topup/web/project/vendor/laravel/framework/src/Illuminate/Cookie/Middleware/EncryptCookies.php(74): Illuminate/Pipeline/Pipeline->{closure:{closure:Illuminate/Pipeline/Pipeline::carry():194}:195}(Object(Illuminate/Http/Request))
#49 D:/Backend-game-topup/web/project/vendor/laravel/framework/src/Illuminate/Pipeline/Pipeline.php(219): Illuminate/Cookie/Middleware/EncryptCookies->handle(Object(Illuminate/Http/Request), Object(Closure))
#50 D:/Backend-game-topup/web/project/vendor/laravel/framework/src/Illuminate/Pipeline/Pipeline.php(137): Illuminate/Pipeline/Pipeline->{closure:{closure:Illuminate/Pipeline/Pipeline::carry():194}:195}(Object(Illuminate/Http/Request))
#51 D:/Backend-game-topup/web/project/vendor/laravel/framework/src/Illuminate/Routing/Router.php(821): Illuminate/Pipeline/Pipeline->then(Object(Closure))
#52 D:/Backend-game-topup/web/project/vendor/laravel/framework/src/Illuminate/Routing/Router.php(800): Illuminate/Routing/Router->runRouteWithinStack(Object(Illuminate/Routing/Route), Object(Illuminate/Http/Request))
#53 D:/Backend-game-topup/web/project/vendor/laravel/framework/src/Illuminate/Routing/Router.php(764): Illuminate/Routing/Router->runRoute(Object(Illuminate/Http/Request), Object(Illuminate/Routing/Route))
#54 D:/Backend-game-topup/web/project/vendor/laravel/framework/src/Illuminate/Routing/Router.php(753): Illuminate/Routing/Router->dispatchToRoute(Object(Illuminate/Http/Request))
#55 D:/Backend-game-topup/web/project/vendor/laravel/framework/src/Illuminate/Foundation/Http/Kernel.php(200): Illuminate/Routing/Router->dispatch(Object(Illuminate/Http/Request))
#56 D:/Backend-game-topup/web/project/vendor/laravel/framework/src/Illuminate/Pipeline/Pipeline.php(180): Illuminate/Foundation/Http/Kernel->{closure:Illuminate/Foundation/Http/Kernel::dispatchToRouter():197}(Object(Illuminate/Http/Request))
#57 D:/Backend-game-topup/web/project/vendor/livewire/livewire/src/Features/SupportDisablingBackButtonCache/DisableBackButtonCacheMiddleware.php(19): Illuminate/Pipeline/Pipeline->{closure:Illuminate/Pipeline/Pipeline::prepareDestination():178}(Object(Illuminate/Http/Request))
#58 D:/Backend-game-topup/web/project/vendor/laravel/framework/src/Illuminate/Pipeline/Pipeline.php(219): Livewire/Features/SupportDisablingBackButtonCache/DisableBackButtonCacheMiddleware->handle(Object(Illuminate/Http/Request), Object(Closure))
#59 D:/Backend-game-topup/web/project/vendor/laravel/framework/src/Illuminate/Foundation/Http/Middleware/ConvertEmptyStringsToNull.php(27): Illuminate/Pipeline/Pipeline->{closure:{closure:Illuminate/Pipeline/Pipeline::carry():194}:195}(Object(Illuminate/Http/Request))
#60 D:/Backend-game-topup/web/project/vendor/laravel/framework/src/Illuminate/Pipeline/Pipeline.php(219): Illuminate/Foundation/Http/Middleware/ConvertEmptyStringsToNull->handle(Object(Illuminate/Http/Request), Object(Closure))
#61 D:/Backend-game-topup/web/project/vendor/laravel/framework/src/Illuminate/Foundation/Http/Middleware/TrimStrings.php(47): Illuminate/Pipeline/Pipeline->{closure:{closure:Illuminate/Pipeline/Pipeline::carry():194}:195}(Object(Illuminate/Http/Request))
#62 D:/Backend-game-topup/web/project/vendor/laravel/framework/src/Illuminate/Pipeline/Pipeline.php(219): Illuminate/Foundation/Http/Middleware/TrimStrings->handle(Object(Illuminate/Http/Request), Object(Closure))
#63 D:/Backend-game-topup/web/project/vendor/laravel/framework/src/Illuminate/Http/Middleware/ValidatePostSize.php(27): Illuminate/Pipeline/Pipeline->{closure:{closure:Illuminate/Pipeline/Pipeline::carry():194}:195}(Object(Illuminate/Http/Request))
#64 D:/Backend-game-topup/web/project/vendor/laravel/framework/src/Illuminate/Pipeline/Pipeline.php(219): Illuminate/Http/Middleware/ValidatePostSize->handle(Object(Illuminate/Http/Request), Object(Closure))
#65 D:/Backend-game-topup/web/project/vendor/laravel/framework/src/Illuminate/Foundation/Http/Middleware/PreventRequestsDuringMaintenance.php(109): Illuminate/Pipeline/Pipeline->{closure:{closure:Illuminate/Pipeline/Pipeline::carry():194}:195}(Object(Illuminate/Http/Request))
#66 D:/Backend-game-topup/web/project/vendor/laravel/framework/src/Illuminate/Pipeline/Pipeline.php(219): Illuminate/Foundation/Http/Middleware/PreventRequestsDuringMaintenance->handle(Object(Illuminate/Http/Request), Object(Closure))
#67 D:/Backend-game-topup/web/project/vendor/laravel/framework/src/Illuminate/Http/Middleware/HandleCors.php(48): Illuminate/Pipeline/Pipeline->{closure:{closure:Illuminate/Pipeline/Pipeline::carry():194}:195}(Object(Illuminate/Http/Request))
#68 D:/Backend-game-topup/web/project/vendor/laravel/framework/src/Illuminate/Pipeline/Pipeline.php(219): Illuminate/Http/Middleware/HandleCors->handle(Object(Illuminate/Http/Request), Object(Closure))
#69 D:/Backend-game-topup/web/project/vendor/laravel/framework/src/Illuminate/Http/Middleware/TrustProxies.php(58): Illuminate/Pipeline/Pipeline->{closure:{closure:Illuminate/Pipeline/Pipeline::carry():194}:195}(Object(Illuminate/Http/Request))
#70 D:/Backend-game-topup/web/project/vendor/laravel/framework/src/Illuminate/Pipeline/Pipeline.php(219): Illuminate/Http/Middleware/TrustProxies->handle(Object(Illuminate/Http/Request), Object(Closure))
#71 D:/Backend-game-topup/web/project/vendor/laravel/framework/src/Illuminate/Http/Middleware/TrustHosts.php(78): Illuminate/Pipeline/Pipeline->{closure:{closure:Illuminate/Pipeline/Pipeline::carry():194}:195}(Object(Illuminate/Http/Request))
#72 D:/Backend-game-topup/web/project/vendor/laravel/framework/src/Illuminate/Pipeline/Pipeline.php(219): Illuminate/Http/Middleware/TrustHosts->handle(Object(Illuminate/Http/Request), Object(Closure))
#73 D:/Backend-game-topup/web/project/vendor/laravel/framework/src/Illuminate/Pipeline/Pipeline.php(137): Illuminate/Pipeline/Pipeline->{closure:{closure:Illuminate/Pipeline/Pipeline::carry():194}:195}(Object(Illuminate/Http/Request))
#74 D:/Backend-game-topup/web/project/vendor/laravel/framework/src/Illuminate/Foundation/Http/Kernel.php(175): Illuminate/Pipeline/Pipeline->then(Object(Closure))
#75 D:/Backend-game-topup/web/project/vendor/laravel/framework/src/Illuminate/Foundation/Http/Kernel.php(144): Illuminate/Foundation/Http/Kernel->sendRequestThroughRouter(Object(Illuminate/Http/Request))
#76 D:/Backend-game-topup/web/project/public/index.php(51): Illuminate/Foundation/Http/Kernel->handle(Object(Illuminate/Http/Request))
#77 D:/Backend-game-topup/web/project/server.php(21): require_once('D://Backend-game...')
#78 {main}
"} 
[2026-02-02 17:07:13] local.ERROR: SQLSTATE[42S22]: Column not found: 1054 Unknown column 'remember_token' in 'field list' (Connection: mysql, Host: localhost, Port: 3306, Database: topup, SQL: update `users` set `remember_token` = 8rUPpcmFy6iwXQ7DogPnLNGCQANC72nzZl31JP1jsAde1Rw6sWwRXJD8QXT8 where `id` = 350) {"userId":350,"exception":"[object] (Illuminate\\Database\\QueryException(code: 42S22): SQLSTATE[42S22]: Column not found: 1054 Unknown column 'remember_token' in 'field list' (Connection: mysql, Host: localhost, Port: 3306, Database: topup, SQL: update `users` set `remember_token` = 8rUPpcmFy6iwXQ7DogPnLNGCQANC72nzZl31JP1jsAde1Rw6sWwRXJD8QXT8 where `id` = 350) at D:/Backend-game-topup/web/project/vendor/laravel/framework/src/Illuminate/Database/Connection.php:838)
[stacktrace]
#0 D:/Backend-game-topup/web/project/vendor/laravel/framework/src/Illuminate/Database/Connection.php(794): Illuminate/Database/Connection->runQueryCallback('update `users` ...', Array, Object(Closure))
#1 D:/Backend-game-topup/web/project/vendor/laravel/framework/src/Illuminate/Database/Connection.php(597): Illuminate/Database/Connection->run('update `users` ...', Array, Object(Closure))
#2 D:/Backend-game-topup/web/project/vendor/laravel/framework/src/Illuminate/Database/Connection.php(549): Illuminate/Database/Connection->affectingStatement('update `users` ...', Array)
#3 D:/Backend-game-topup/web/project/vendor/laravel/framework/src/Illuminate/Database/Query/Builder.php(4097): Illuminate/Database/Connection->update('update `users` ...', Array)
#4 D:/Backend-game-topup/web/project/vendor/laravel/framework/src/Illuminate/Database/Eloquent/Builder.php(1266): Illuminate/Database/Query/Builder->update(Object(Illuminate/Support/Collection))
#5 D:/Backend-game-topup/web/project/vendor/laravel/framework/src/Illuminate/Database/Eloquent/Model.php(1316): Illuminate/Database/Eloquent/Builder->update(Array)
#6 D:/Backend-game-topup/web/project/vendor/laravel/framework/src/Illuminate/Database/Eloquent/Model.php(1233): Illuminate/Database/Eloquent/Model->performUpdate(Object(Illuminate/Database/Eloquent/Builder))
#7 D:/Backend-game-topup/web/project/vendor/laravel/framework/src/Illuminate/Auth/EloquentUserProvider.php(100): Illuminate/Database/Eloquent/Model->save()
#8 D:/Backend-game-topup/web/project/vendor/laravel/framework/src/Illuminate/Auth/SessionGuard.php(724): Illuminate/Auth/EloquentUserProvider->updateRememberToken(Object(App/Models/User), Object(SensitiveParameterValue))
#9 D:/Backend-game-topup/web/project/vendor/laravel/framework/src/Illuminate/Auth/SessionGuard.php(597): Illuminate/Auth/SessionGuard->cycleRememberToken(Object(App/Models/User))
#10 D:/Backend-game-topup/web/project/vendor/laravel/framework/src/Illuminate/Auth/SessionGuard.php(562): Illuminate/Auth/SessionGuard->ensureRememberTokenIsSet(Object(App/Models/User))
#11 D:/Backend-game-topup/web/project/vendor/laravel/framework/src/Illuminate/Auth/SessionGuard.php(466): Illuminate/Auth/SessionGuard->login(Object(App/Models/User), true)
#12 D:/Backend-game-topup/web/project/vendor/laravel/framework/src/Illuminate/Support/Timebox.php(34): Illuminate/Auth/SessionGuard->{closure:Illuminate/Auth/SessionGuard::attemptWhen():455}(Object(Illuminate/Support/Timebox))
#13 D:/Backend-game-topup/web/project/vendor/laravel/framework/src/Illuminate/Auth/SessionGuard.php(455): Illuminate/Support/Timebox->call(Object(Closure), 200000)
#14 D:/Backend-game-topup/web/project/vendor/filament/filament/src/Auth/Pages/Login.php(122): Illuminate/Auth/SessionGuard->attemptWhen(Array, Object(Closure), true)
#15 D:/Backend-game-topup/web/project/vendor/laravel/framework/src/Illuminate/Container/BoundMethod.php(36): Filament/Auth/Pages/Login->authenticate()
#16 D:/Backend-game-topup/web/project/vendor/laravel/framework/src/Illuminate/Container/Util.php(43): Illuminate/Container/BoundMethod::{closure:Illuminate/Container/BoundMethod::call():35}()
#17 D:/Backend-game-topup/web/project/vendor/laravel/framework/src/Illuminate/Container/BoundMethod.php(96): Illuminate/Container/Util::unwrapIfClosure(Object(Closure))
#18 D:/Backend-game-topup/web/project/vendor/laravel/framework/src/Illuminate/Container/BoundMethod.php(35): Illuminate/Container/BoundMethod::callBoundMethod(Object(Illuminate/Foundation/Application), Array, Object(Closure))
#19 D:/Backend-game-topup/web/project/vendor/livewire/livewire/src/Wrapped.php(23): Illuminate/Container/BoundMethod::call(Object(Illuminate/Foundation/Application), Array, Array)
#20 D:/Backend-game-topup/web/project/vendor/livewire/livewire/src/Mechanisms/HandleComponents/HandleComponents.php(492): Livewire/Wrapped->__call('authenticate', Array)
#21 D:/Backend-game-topup/web/project/vendor/livewire/livewire/src/Mechanisms/HandleComponents/HandleComponents.php(101): Livewire/Mechanisms/HandleComponents/HandleComponents->callMethods(Object(App/Filament/Admin/Pages/Auth/Login), Array, Object(Livewire/Mechanisms/HandleComponents/ComponentContext))
#22 D:/Backend-game-topup/web/project/vendor/livewire/livewire/src/LivewireManager.php(102): Livewire/Mechanisms/HandleComponents/HandleComponents->update(Array, Array, Array)
#23 D:/Backend-game-topup/web/project/vendor/livewire/livewire/src/Mechanisms/HandleRequests/HandleRequests.php(94): Livewire/LivewireManager->update(Array, Array, Array)
#24 D:/Backend-game-topup/web/project/vendor/laravel/framework/src/Illuminate/Routing/ControllerDispatcher.php(46): Livewire/Mechanisms/HandleRequests/HandleRequests->handleUpdate()
#25 D:/Backend-game-topup/web/project/vendor/laravel/framework/src/Illuminate/Routing/Route.php(265): Illuminate/Routing/ControllerDispatcher->dispatch(Object(Illuminate/Routing/Route), Object(Livewire/Mechanisms/HandleRequests/HandleRequests), 'handleUpdate')
#26 D:/Backend-game-topup/web/project/vendor/laravel/framework/src/Illuminate/Routing/Route.php(211): Illuminate/Routing/Route->runController()
#27 D:/Backend-game-topup/web/project/vendor/laravel/framework/src/Illuminate/Routing/Router.php(822): Illuminate/Routing/Route->run()
#28 D:/Backend-game-topup/web/project/vendor/laravel/framework/src/Illuminate/Pipeline/Pipeline.php(180): Illuminate/Routing/Router->{closure:Illuminate/Routing/Router::runRouteWithinStack():821}(Object(Illuminate/Http/Request))
#29 D:/Backend-game-topup/web/project/app/Http/Middleware/LanguageDetectMiddleware.php(24): Illuminate/Pipeline/Pipeline->{closure:Illuminate/Pipeline/Pipeline::prepareDestination():178}(Object(Illuminate/Http/Request))
#30 D:/Backend-game-topup/web/project/vendor/laravel/framework/src/Illuminate/Pipeline/Pipeline.php(219): App/Http/Middleware/LanguageDetectMiddleware->handle(Object(Illuminate/Http/Request), Object(Closure))
#31 D:/Backend-game-topup/web/project/app/Http/Middleware/TrackVisitors.php(33): Illuminate/Pipeline/Pipeline->{closure:{closure:Illuminate/Pipeline/Pipeline::carry():194}:195}(Object(Illuminate/Http/Request))
#32 D:/Backend-game-topup/web/project/vendor/laravel/framework/src/Illuminate/Pipeline/Pipeline.php(219): App/Http/Middleware/TrackVisitors->handle(Object(Illuminate/Http/Request), Object(Closure))
#33 D:/Backend-game-topup/web/project/app/Http/Middleware/AddExpirationDateToCookie.php(21): Illuminate/Pipeline/Pipeline->{closure:{closure:Illuminate/Pipeline/Pipeline::carry():194}:195}(Object(Illuminate/Http/Request))
#34 D:/Backend-game-topup/web/project/vendor/laravel/framework/src/Illuminate/Pipeline/Pipeline.php(219): App/Http/Middleware/AddExpirationDateToCookie->handle(Object(Illuminate/Http/Request), Object(Closure))
#35 D:/Backend-game-topup/web/project/vendor/laravel/framework/src/Illuminate/Routing/Middleware/SubstituteBindings.php(50): Illuminate/Pipeline/Pipeline->{closure:{closure:Illuminate/Pipeline/Pipeline::carry():194}:195}(Object(Illuminate/Http/Request))
#36 D:/Backend-game-topup/web/project/vendor/laravel/framework/src/Illuminate/Pipeline/Pipeline.php(219): Illuminate/Routing/Middleware/SubstituteBindings->handle(Object(Illuminate/Http/Request), Object(Closure))
#37 D:/Backend-game-topup/web/project/app/Http/Middleware/VerifyCsrfToken.php(31): Illuminate/Pipeline/Pipeline->{closure:{closure:Illuminate/Pipeline/Pipeline::carry():194}:195}(Object(Illuminate/Http/Request))
#38 D:/Backend-game-topup/web/project/vendor/laravel/framework/src/Illuminate/Pipeline/Pipeline.php(219): App/Http/Middleware/VerifyCsrfToken->handle(Object(Illuminate/Http/Request), Object(Closure))
#39 D:/Backend-game-topup/web/project/vendor/laravel/framework/src/Illuminate/View/Middleware/ShareErrorsFromSession.php(48): Illuminate/Pipeline/Pipeline->{closure:{closure:Illuminate/Pipeline/Pipeline::carry():194}:195}(Object(Illuminate/Http/Request))
#40 D:/Backend-game-topup/web/project/vendor/laravel/framework/src/Illuminate/Pipeline/Pipeline.php(219): Illuminate/View/Middleware/ShareErrorsFromSession->handle(Object(Illuminate/Http/Request), Object(Closure))
#41 D:/Backend-game-topup/web/project/vendor/laravel/framework/src/Illuminate/Session/Middleware/StartSession.php(120): Illuminate/Pipeline/Pipeline->{closure:{closure:Illuminate/Pipeline/Pipeline::carry():194}:195}(Object(Illuminate/Http/Request))
#42 D:/Backend-game-topup/web/project/vendor/laravel/framework/src/Illuminate/Session/Middleware/StartSession.php(63): Illuminate/Session/Middleware/StartSession->handleStatefulRequest(Object(Illuminate/Http/Request), Object(Illuminate/Session/EncryptedStore), Object(Closure))
#43 D:/Backend-game-topup/web/project/vendor/laravel/framework/src/Illuminate/Pipeline/Pipeline.php(219): Illuminate/Session/Middleware/StartSession->handle(Object(Illuminate/Http/Request), Object(Closure))
#44 D:/Backend-game-topup/web/project/vendor/laravel/framework/src/Illuminate/Cookie/Middleware/AddQueuedCookiesToResponse.php(36): Illuminate/Pipeline/Pipeline->{closure:{closure:Illuminate/Pipeline/Pipeline::carry():194}:195}(Object(Illuminate/Http/Request))
#45 D:/Backend-game-topup/web/project/vendor/laravel/framework/src/Illuminate/Pipeline/Pipeline.php(219): Illuminate/Cookie/Middleware/AddQueuedCookiesToResponse->handle(Object(Illuminate/Http/Request), Object(Closure))
#46 D:/Backend-game-topup/web/project/vendor/laravel/framework/src/Illuminate/Cookie/Middleware/EncryptCookies.php(74): Illuminate/Pipeline/Pipeline->{closure:{closure:Illuminate/Pipeline/Pipeline::carry():194}:195}(Object(Illuminate/Http/Request))
#47 D:/Backend-game-topup/web/project/vendor/laravel/framework/src/Illuminate/Pipeline/Pipeline.php(219): Illuminate/Cookie/Middleware/EncryptCookies->handle(Object(Illuminate/Http/Request), Object(Closure))
#48 D:/Backend-game-topup/web/project/vendor/laravel/framework/src/Illuminate/Pipeline/Pipeline.php(137): Illuminate/Pipeline/Pipeline->{closure:{closure:Illuminate/Pipeline/Pipeline::carry():194}:195}(Object(Illuminate/Http/Request))
#49 D:/Backend-game-topup/web/project/vendor/laravel/framework/src/Illuminate/Routing/Router.php(821): Illuminate/Pipeline/Pipeline->then(Object(Closure))
#50 D:/Backend-game-topup/web/project/vendor/laravel/framework/src/Illuminate/Routing/Router.php(800): Illuminate/Routing/Router->runRouteWithinStack(Object(Illuminate/Routing/Route), Object(Illuminate/Http/Request))
#51 D:/Backend-game-topup/web/project/vendor/laravel/framework/src/Illuminate/Routing/Router.php(764): Illuminate/Routing/Router->runRoute(Object(Illuminate/Http/Request), Object(Illuminate/Routing/Route))
#52 D:/Backend-game-topup/web/project/vendor/laravel/framework/src/Illuminate/Routing/Router.php(753): Illuminate/Routing/Router->dispatchToRoute(Object(Illuminate/Http/Request))
#53 D:/Backend-game-topup/web/project/vendor/laravel/framework/src/Illuminate/Foundation/Http/Kernel.php(200): Illuminate/Routing/Router->dispatch(Object(Illuminate/Http/Request))
#54 D:/Backend-game-topup/web/project/vendor/laravel/framework/src/Illuminate/Pipeline/Pipeline.php(180): Illuminate/Foundation/Http/Kernel->{closure:Illuminate/Foundation/Http/Kernel::dispatchToRouter():197}(Object(Illuminate/Http/Request))
#55 D:/Backend-game-topup/web/project/vendor/livewire/livewire/src/Features/SupportDisablingBackButtonCache/DisableBackButtonCacheMiddleware.php(19): Illuminate/Pipeline/Pipeline->{closure:Illuminate/Pipeline/Pipeline::prepareDestination():178}(Object(Illuminate/Http/Request))
#56 D:/Backend-game-topup/web/project/vendor/laravel/framework/src/Illuminate/Pipeline/Pipeline.php(219): Livewire/Features/SupportDisablingBackButtonCache/DisableBackButtonCacheMiddleware->handle(Object(Illuminate/Http/Request), Object(Closure))
#57 D:/Backend-game-topup/web/project/vendor/laravel/framework/src/Illuminate/Foundation/Http/Middleware/ConvertEmptyStringsToNull.php(27): Illuminate/Pipeline/Pipeline->{closure:{closure:Illuminate/Pipeline/Pipeline::carry():194}:195}(Object(Illuminate/Http/Request))
#58 D:/Backend-game-topup/web/project/vendor/laravel/framework/src/Illuminate/Pipeline/Pipeline.php(219): Illuminate/Foundation/Http/Middleware/ConvertEmptyStringsToNull->handle(Object(Illuminate/Http/Request), Object(Closure))
#59 D:/Backend-game-topup/web/project/vendor/laravel/framework/src/Illuminate/Foundation/Http/Middleware/TrimStrings.php(47): Illuminate/Pipeline/Pipeline->{closure:{closure:Illuminate/Pipeline/Pipeline::carry():194}:195}(Object(Illuminate/Http/Request))
#60 D:/Backend-game-topup/web/project/vendor/laravel/framework/src/Illuminate/Pipeline/Pipeline.php(219): Illuminate/Foundation/Http/Middleware/TrimStrings->handle(Object(Illuminate/Http/Request), Object(Closure))
#61 D:/Backend-game-topup/web/project/vendor/laravel/framework/src/Illuminate/Http/Middleware/ValidatePostSize.php(27): Illuminate/Pipeline/Pipeline->{closure:{closure:Illuminate/Pipeline/Pipeline::carry():194}:195}(Object(Illuminate/Http/Request))
#62 D:/Backend-game-topup/web/project/vendor/laravel/framework/src/Illuminate/Pipeline/Pipeline.php(219): Illuminate/Http/Middleware/ValidatePostSize->handle(Object(Illuminate/Http/Request), Object(Closure))
#63 D:/Backend-game-topup/web/project/vendor/laravel/framework/src/Illuminate/Foundation/Http/Middleware/PreventRequestsDuringMaintenance.php(109): Illuminate/Pipeline/Pipeline->{closure:{closure:Illuminate/Pipeline/Pipeline::carry():194}:195}(Object(Illuminate/Http/Request))
#64 D:/Backend-game-topup/web/project/vendor/laravel/framework/src/Illuminate/Pipeline/Pipeline.php(219): Illuminate/Foundation/Http/Middleware/PreventRequestsDuringMaintenance->handle(Object(Illuminate/Http/Request), Object(Closure))
#65 D:/Backend-game-topup/web/project/vendor/laravel/framework/src/Illuminate/Http/Middleware/HandleCors.php(48): Illuminate/Pipeline/Pipeline->{closure:{closure:Illuminate/Pipeline/Pipeline::carry():194}:195}(Object(Illuminate/Http/Request))
#66 D:/Backend-game-topup/web/project/vendor/laravel/framework/src/Illuminate/Pipeline/Pipeline.php(219): Illuminate/Http/Middleware/HandleCors->handle(Object(Illuminate/Http/Request), Object(Closure))
#67 D:/Backend-game-topup/web/project/vendor/laravel/framework/src/Illuminate/Http/Middleware/TrustProxies.php(58): Illuminate/Pipeline/Pipeline->{closure:{closure:Illuminate/Pipeline/Pipeline::carry():194}:195}(Object(Illuminate/Http/Request))
#68 D:/Backend-game-topup/web/project/vendor/laravel/framework/src/Illuminate/Pipeline/Pipeline.php(219): Illuminate/Http/Middleware/TrustProxies->handle(Object(Illuminate/Http/Request), Object(Closure))
#69 D:/Backend-game-topup/web/project/vendor/laravel/framework/src/Illuminate/Http/Middleware/TrustHosts.php(78): Illuminate/Pipeline/Pipeline->{closure:{closure:Illuminate/Pipeline/Pipeline::carry():194}:195}(Object(Illuminate/Http/Request))
#70 D:/Backend-game-topup/web/project/vendor/laravel/framework/src/Illuminate/Pipeline/Pipeline.php(219): Illuminate/Http/Middleware/TrustHosts->handle(Object(Illuminate/Http/Request), Object(Closure))
#71 D:/Backend-game-topup/web/project/vendor/laravel/framework/src/Illuminate/Pipeline/Pipeline.php(137): Illuminate/Pipeline/Pipeline->{closure:{closure:Illuminate/Pipeline/Pipeline::carry():194}:195}(Object(Illuminate/Http/Request))
#72 D:/Backend-game-topup/web/project/vendor/laravel/framework/src/Illuminate/Foundation/Http/Kernel.php(175): Illuminate/Pipeline/Pipeline->then(Object(Closure))
#73 D:/Backend-game-topup/web/project/vendor/laravel/framework/src/Illuminate/Foundation/Http/Kernel.php(144): Illuminate/Foundation/Http/Kernel->sendRequestThroughRouter(Object(Illuminate/Http/Request))
#74 D:/Backend-game-topup/web/project/public/index.php(51): Illuminate/Foundation/Http/Kernel->handle(Object(Illuminate/Http/Request))
#75 D:/Backend-game-topup/web/project/server.php(21): require_once('D://Backend-game...')
#76 {main}

[previous exception] [object] (PDOException(code: 42S22): SQLSTATE[42S22]: Column not found: 1054 Unknown column 'remember_token' in 'field list' at D:/Backend-game-topup/web/project/vendor/laravel/framework/src/Illuminate/Database/Connection.php:605)
[stacktrace]
#0 D:/Backend-game-topup/web/project/vendor/laravel/framework/src/Illuminate/Database/Connection.php(605): PDO->prepare('update `users` ...')
#1 D:/Backend-game-topup/web/project/vendor/laravel/framework/src/Illuminate/Database/Connection.php(827): Illuminate/Database/Connection->{closure:Illuminate/Database/Connection::affectingStatement():597}('update `users` ...', Array)
#2 D:/Backend-game-topup/web/project/vendor/laravel/framework/src/Illuminate/Database/Connection.php(794): Illuminate/Database/Connection->runQueryCallback('update `users` ...', Array, Object(Closure))
#3 D:/Backend-game-topup/web/project/vendor/laravel/framework/src/Illuminate/Database/Connection.php(597): Illuminate/Database/Connection->run('update `users` ...', Array, Object(Closure))
#4 D:/Backend-game-topup/web/project/vendor/laravel/framework/src/Illuminate/Database/Connection.php(549): Illuminate/Database/Connection->affectingStatement('update `users` ...', Array)
#5 D:/Backend-game-topup/web/project/vendor/laravel/framework/src/Illuminate/Database/Query/Builder.php(4097): Illuminate/Database/Connection->update('update `users` ...', Array)
#6 D:/Backend-game-topup/web/project/vendor/laravel/framework/src/Illuminate/Database/Eloquent/Builder.php(1266): Illuminate/Database/Query/Builder->update(Object(Illuminate/Support/Collection))
#7 D:/Backend-game-topup/web/project/vendor/laravel/framework/src/Illuminate/Database/Eloquent/Model.php(1316): Illuminate/Database/Eloquent/Builder->update(Array)
#8 D:/Backend-game-topup/web/project/vendor/laravel/framework/src/Illuminate/Database/Eloquent/Model.php(1233): Illuminate/Database/Eloquent/Model->performUpdate(Object(Illuminate/Database/Eloquent/Builder))
#9 D:/Backend-game-topup/web/project/vendor/laravel/framework/src/Illuminate/Auth/EloquentUserProvider.php(100): Illuminate/Database/Eloquent/Model->save()
#10 D:/Backend-game-topup/web/project/vendor/laravel/framework/src/Illuminate/Auth/SessionGuard.php(724): Illuminate/Auth/EloquentUserProvider->updateRememberToken(Object(App/Models/User), Object(SensitiveParameterValue))
#11 D:/Backend-game-topup/web/project/vendor/laravel/framework/src/Illuminate/Auth/SessionGuard.php(597): Illuminate/Auth/SessionGuard->cycleRememberToken(Object(App/Models/User))
#12 D:/Backend-game-topup/web/project/vendor/laravel/framework/src/Illuminate/Auth/SessionGuard.php(562): Illuminate/Auth/SessionGuard->ensureRememberTokenIsSet(Object(App/Models/User))
#13 D:/Backend-game-topup/web/project/vendor/laravel/framework/src/Illuminate/Auth/SessionGuard.php(466): Illuminate/Auth/SessionGuard->login(Object(App/Models/User), true)
#14 D:/Backend-game-topup/web/project/vendor/laravel/framework/src/Illuminate/Support/Timebox.php(34): Illuminate/Auth/SessionGuard->{closure:Illuminate/Auth/SessionGuard::attemptWhen():455}(Object(Illuminate/Support/Timebox))
#15 D:/Backend-game-topup/web/project/vendor/laravel/framework/src/Illuminate/Auth/SessionGuard.php(455): Illuminate/Support/Timebox->call(Object(Closure), 200000)
#16 D:/Backend-game-topup/web/project/vendor/filament/filament/src/Auth/Pages/Login.php(122): Illuminate/Auth/SessionGuard->attemptWhen(Array, Object(Closure), true)
#17 D:/Backend-game-topup/web/project/vendor/laravel/framework/src/Illuminate/Container/BoundMethod.php(36): Filament/Auth/Pages/Login->authenticate()
#18 D:/Backend-game-topup/web/project/vendor/laravel/framework/src/Illuminate/Container/Util.php(43): Illuminate/Container/BoundMethod::{closure:Illuminate/Container/BoundMethod::call():35}()
#19 D:/Backend-game-topup/web/project/vendor/laravel/framework/src/Illuminate/Container/BoundMethod.php(96): Illuminate/Container/Util::unwrapIfClosure(Object(Closure))
#20 D:/Backend-game-topup/web/project/vendor/laravel/framework/src/Illuminate/Container/BoundMethod.php(35): Illuminate/Container/BoundMethod::callBoundMethod(Object(Illuminate/Foundation/Application), Array, Object(Closure))
#21 D:/Backend-game-topup/web/project/vendor/livewire/livewire/src/Wrapped.php(23): Illuminate/Container/BoundMethod::call(Object(Illuminate/Foundation/Application), Array, Array)
#22 D:/Backend-game-topup/web/project/vendor/livewire/livewire/src/Mechanisms/HandleComponents/HandleComponents.php(492): Livewire/Wrapped->__call('authenticate', Array)
#23 D:/Backend-game-topup/web/project/vendor/livewire/livewire/src/Mechanisms/HandleComponents/HandleComponents.php(101): Livewire/Mechanisms/HandleComponents/HandleComponents->callMethods(Object(App/Filament/Admin/Pages/Auth/Login), Array, Object(Livewire/Mechanisms/HandleComponents/ComponentContext))
#24 D:/Backend-game-topup/web/project/vendor/livewire/livewire/src/LivewireManager.php(102): Livewire/Mechanisms/HandleComponents/HandleComponents->update(Array, Array, Array)
#25 D:/Backend-game-topup/web/project/vendor/livewire/livewire/src/Mechanisms/HandleRequests/HandleRequests.php(94): Livewire/LivewireManager->update(Array, Array, Array)
#26 D:/Backend-game-topup/web/project/vendor/laravel/framework/src/Illuminate/Routing/ControllerDispatcher.php(46): Livewire/Mechanisms/HandleRequests/HandleRequests->handleUpdate()
#27 D:/Backend-game-topup/web/project/vendor/laravel/framework/src/Illuminate/Routing/Route.php(265): Illuminate/Routing/ControllerDispatcher->dispatch(Object(Illuminate/Routing/Route), Object(Livewire/Mechanisms/HandleRequests/HandleRequests), 'handleUpdate')
#28 D:/Backend-game-topup/web/project/vendor/laravel/framework/src/Illuminate/Routing/Route.php(211): Illuminate/Routing/Route->runController()
#29 D:/Backend-game-topup/web/project/vendor/laravel/framework/src/Illuminate/Routing/Router.php(822): Illuminate/Routing/Route->run()
#30 D:/Backend-game-topup/web/project/vendor/laravel/framework/src/Illuminate/Pipeline/Pipeline.php(180): Illuminate/Routing/Router->{closure:Illuminate/Routing/Router::runRouteWithinStack():821}(Object(Illuminate/Http/Request))
#31 D:/Backend-game-topup/web/project/app/Http/Middleware/LanguageDetectMiddleware.php(24): Illuminate/Pipeline/Pipeline->{closure:Illuminate/Pipeline/Pipeline::prepareDestination():178}(Object(Illuminate/Http/Request))
#32 D:/Backend-game-topup/web/project/vendor/laravel/framework/src/Illuminate/Pipeline/Pipeline.php(219): App/Http/Middleware/LanguageDetectMiddleware->handle(Object(Illuminate/Http/Request), Object(Closure))
#33 D:/Backend-game-topup/web/project/app/Http/Middleware/TrackVisitors.php(33): Illuminate/Pipeline/Pipeline->{closure:{closure:Illuminate/Pipeline/Pipeline::carry():194}:195}(Object(Illuminate/Http/Request))
#34 D:/Backend-game-topup/web/project/vendor/laravel/framework/src/Illuminate/Pipeline/Pipeline.php(219): App/Http/Middleware/TrackVisitors->handle(Object(Illuminate/Http/Request), Object(Closure))
#35 D:/Backend-game-topup/web/project/app/Http/Middleware/AddExpirationDateToCookie.php(21): Illuminate/Pipeline/Pipeline->{closure:{closure:Illuminate/Pipeline/Pipeline::carry():194}:195}(Object(Illuminate/Http/Request))
#36 D:/Backend-game-topup/web/project/vendor/laravel/framework/src/Illuminate/Pipeline/Pipeline.php(219): App/Http/Middleware/AddExpirationDateToCookie->handle(Object(Illuminate/Http/Request), Object(Closure))
#37 D:/Backend-game-topup/web/project/vendor/laravel/framework/src/Illuminate/Routing/Middleware/SubstituteBindings.php(50): Illuminate/Pipeline/Pipeline->{closure:{closure:Illuminate/Pipeline/Pipeline::carry():194}:195}(Object(Illuminate/Http/Request))
#38 D:/Backend-game-topup/web/project/vendor/laravel/framework/src/Illuminate/Pipeline/Pipeline.php(219): Illuminate/Routing/Middleware/SubstituteBindings->handle(Object(Illuminate/Http/Request), Object(Closure))
#39 D:/Backend-game-topup/web/project/app/Http/Middleware/VerifyCsrfToken.php(31): Illuminate/Pipeline/Pipeline->{closure:{closure:Illuminate/Pipeline/Pipeline::carry():194}:195}(Object(Illuminate/Http/Request))
#40 D:/Backend-game-topup/web/project/vendor/laravel/framework/src/Illuminate/Pipeline/Pipeline.php(219): App/Http/Middleware/VerifyCsrfToken->handle(Object(Illuminate/Http/Request), Object(Closure))
#41 D:/Backend-game-topup/web/project/vendor/laravel/framework/src/Illuminate/View/Middleware/ShareErrorsFromSession.php(48): Illuminate/Pipeline/Pipeline->{closure:{closure:Illuminate/Pipeline/Pipeline::carry():194}:195}(Object(Illuminate/Http/Request))
#42 D:/Backend-game-topup/web/project/vendor/laravel/framework/src/Illuminate/Pipeline/Pipeline.php(219): Illuminate/View/Middleware/ShareErrorsFromSession->handle(Object(Illuminate/Http/Request), Object(Closure))
#43 D:/Backend-game-topup/web/project/vendor/laravel/framework/src/Illuminate/Session/Middleware/StartSession.php(120): Illuminate/Pipeline/Pipeline->{closure:{closure:Illuminate/Pipeline/Pipeline::carry():194}:195}(Object(Illuminate/Http/Request))
#44 D:/Backend-game-topup/web/project/vendor/laravel/framework/src/Illuminate/Session/Middleware/StartSession.php(63): Illuminate/Session/Middleware/StartSession->handleStatefulRequest(Object(Illuminate/Http/Request), Object(Illuminate/Session/EncryptedStore), Object(Closure))
#45 D:/Backend-game-topup/web/project/vendor/laravel/framework/src/Illuminate/Pipeline/Pipeline.php(219): Illuminate/Session/Middleware/StartSession->handle(Object(Illuminate/Http/Request), Object(Closure))
#46 D:/Backend-game-topup/web/project/vendor/laravel/framework/src/Illuminate/Cookie/Middleware/AddQueuedCookiesToResponse.php(36): Illuminate/Pipeline/Pipeline->{closure:{closure:Illuminate/Pipeline/Pipeline::carry():194}:195}(Object(Illuminate/Http/Request))
#47 D:/Backend-game-topup/web/project/vendor/laravel/framework/src/Illuminate/Pipeline/Pipeline.php(219): Illuminate/Cookie/Middleware/AddQueuedCookiesToResponse->handle(Object(Illuminate/Http/Request), Object(Closure))
#48 D:/Backend-game-topup/web/project/vendor/laravel/framework/src/Illuminate/Cookie/Middleware/EncryptCookies.php(74): Illuminate/Pipeline/Pipeline->{closure:{closure:Illuminate/Pipeline/Pipeline::carry():194}:195}(Object(Illuminate/Http/Request))
#49 D:/Backend-game-topup/web/project/vendor/laravel/framework/src/Illuminate/Pipeline/Pipeline.php(219): Illuminate/Cookie/Middleware/EncryptCookies->handle(Object(Illuminate/Http/Request), Object(Closure))
#50 D:/Backend-game-topup/web/project/vendor/laravel/framework/src/Illuminate/Pipeline/Pipeline.php(137): Illuminate/Pipeline/Pipeline->{closure:{closure:Illuminate/Pipeline/Pipeline::carry():194}:195}(Object(Illuminate/Http/Request))
#51 D:/Backend-game-topup/web/project/vendor/laravel/framework/src/Illuminate/Routing/Router.php(821): Illuminate/Pipeline/Pipeline->then(Object(Closure))
#52 D:/Backend-game-topup/web/project/vendor/laravel/framework/src/Illuminate/Routing/Router.php(800): Illuminate/Routing/Router->runRouteWithinStack(Object(Illuminate/Routing/Route), Object(Illuminate/Http/Request))
#53 D:/Backend-game-topup/web/project/vendor/laravel/framework/src/Illuminate/Routing/Router.php(764): Illuminate/Routing/Router->runRoute(Object(Illuminate/Http/Request), Object(Illuminate/Routing/Route))
#54 D:/Backend-game-topup/web/project/vendor/laravel/framework/src/Illuminate/Routing/Router.php(753): Illuminate/Routing/Router->dispatchToRoute(Object(Illuminate/Http/Request))
#55 D:/Backend-game-topup/web/project/vendor/laravel/framework/src/Illuminate/Foundation/Http/Kernel.php(200): Illuminate/Routing/Router->dispatch(Object(Illuminate/Http/Request))
#56 D:/Backend-game-topup/web/project/vendor/laravel/framework/src/Illuminate/Pipeline/Pipeline.php(180): Illuminate/Foundation/Http/Kernel->{closure:Illuminate/Foundation/Http/Kernel::dispatchToRouter():197}(Object(Illuminate/Http/Request))
#57 D:/Backend-game-topup/web/project/vendor/livewire/livewire/src/Features/SupportDisablingBackButtonCache/DisableBackButtonCacheMiddleware.php(19): Illuminate/Pipeline/Pipeline->{closure:Illuminate/Pipeline/Pipeline::prepareDestination():178}(Object(Illuminate/Http/Request))
#58 D:/Backend-game-topup/web/project/vendor/laravel/framework/src/Illuminate/Pipeline/Pipeline.php(219): Livewire/Features/SupportDisablingBackButtonCache/DisableBackButtonCacheMiddleware->handle(Object(Illuminate/Http/Request), Object(Closure))
#59 D:/Backend-game-topup/web/project/vendor/laravel/framework/src/Illuminate/Foundation/Http/Middleware/ConvertEmptyStringsToNull.php(27): Illuminate/Pipeline/Pipeline->{closure:{closure:Illuminate/Pipeline/Pipeline::carry():194}:195}(Object(Illuminate/Http/Request))
#60 D:/Backend-game-topup/web/project/vendor/laravel/framework/src/Illuminate/Pipeline/Pipeline.php(219): Illuminate/Foundation/Http/Middleware/ConvertEmptyStringsToNull->handle(Object(Illuminate/Http/Request), Object(Closure))
#61 D:/Backend-game-topup/web/project/vendor/laravel/framework/src/Illuminate/Foundation/Http/Middleware/TrimStrings.php(47): Illuminate/Pipeline/Pipeline->{closure:{closure:Illuminate/Pipeline/Pipeline::carry():194}:195}(Object(Illuminate/Http/Request))
#62 D:/Backend-game-topup/web/project/vendor/laravel/framework/src/Illuminate/Pipeline/Pipeline.php(219): Illuminate/Foundation/Http/Middleware/TrimStrings->handle(Object(Illuminate/Http/Request), Object(Closure))
#63 D:/Backend-game-topup/web/project/vendor/laravel/framework/src/Illuminate/Http/Middleware/ValidatePostSize.php(27): Illuminate/Pipeline/Pipeline->{closure:{closure:Illuminate/Pipeline/Pipeline::carry():194}:195}(Object(Illuminate/Http/Request))
#64 D:/Backend-game-topup/web/project/vendor/laravel/framework/src/Illuminate/Pipeline/Pipeline.php(219): Illuminate/Http/Middleware/ValidatePostSize->handle(Object(Illuminate/Http/Request), Object(Closure))
#65 D:/Backend-game-topup/web/project/vendor/laravel/framework/src/Illuminate/Foundation/Http/Middleware/PreventRequestsDuringMaintenance.php(109): Illuminate/Pipeline/Pipeline->{closure:{closure:Illuminate/Pipeline/Pipeline::carry():194}:195}(Object(Illuminate/Http/Request))
#66 D:/Backend-game-topup/web/project/vendor/laravel/framework/src/Illuminate/Pipeline/Pipeline.php(219): Illuminate/Foundation/Http/Middleware/PreventRequestsDuringMaintenance->handle(Object(Illuminate/Http/Request), Object(Closure))
#67 D:/Backend-game-topup/web/project/vendor/laravel/framework/src/Illuminate/Http/Middleware/HandleCors.php(48): Illuminate/Pipeline/Pipeline->{closure:{closure:Illuminate/Pipeline/Pipeline::carry():194}:195}(Object(Illuminate/Http/Request))
#68 D:/Backend-game-topup/web/project/vendor/laravel/framework/src/Illuminate/Pipeline/Pipeline.php(219): Illuminate/Http/Middleware/HandleCors->handle(Object(Illuminate/Http/Request), Object(Closure))
#69 D:/Backend-game-topup/web/project/vendor/laravel/framework/src/Illuminate/Http/Middleware/TrustProxies.php(58): Illuminate/Pipeline/Pipeline->{closure:{closure:Illuminate/Pipeline/Pipeline::carry():194}:195}(Object(Illuminate/Http/Request))
#70 D:/Backend-game-topup/web/project/vendor/laravel/framework/src/Illuminate/Pipeline/Pipeline.php(219): Illuminate/Http/Middleware/TrustProxies->handle(Object(Illuminate/Http/Request), Object(Closure))
#71 D:/Backend-game-topup/web/project/vendor/laravel/framework/src/Illuminate/Http/Middleware/TrustHosts.php(78): Illuminate/Pipeline/Pipeline->{closure:{closure:Illuminate/Pipeline/Pipeline::carry():194}:195}(Object(Illuminate/Http/Request))
#72 D:/Backend-game-topup/web/project/vendor/laravel/framework/src/Illuminate/Pipeline/Pipeline.php(219): Illuminate/Http/Middleware/TrustHosts->handle(Object(Illuminate/Http/Request), Object(Closure))
#73 D:/Backend-game-topup/web/project/vendor/laravel/framework/src/Illuminate/Pipeline/Pipeline.php(137): Illuminate/Pipeline/Pipeline->{closure:{closure:Illuminate/Pipeline/Pipeline::carry():194}:195}(Object(Illuminate/Http/Request))
#74 D:/Backend-game-topup/web/project/vendor/laravel/framework/src/Illuminate/Foundation/Http/Kernel.php(175): Illuminate/Pipeline/Pipeline->then(Object(Closure))
#75 D:/Backend-game-topup/web/project/vendor/laravel/framework/src/Illuminate/Foundation/Http/Kernel.php(144): Illuminate/Foundation/Http/Kernel->sendRequestThroughRouter(Object(Illuminate/Http/Request))
#76 D:/Backend-game-topup/web/project/public/index.php(51): Illuminate/Foundation/Http/Kernel->handle(Object(Illuminate/Http/Request))
#77 D:/Backend-game-topup/web/project/server.php(21): require_once('D://Backend-game...')
#78 {main}
"} 
[2026-02-02 17:15:24] local.ERROR: Exception occurred: SQLSTATE[23000]: Integrity constraint violation: 1048 Column 'thumbnail' cannot be null (Connection: mysql, Host: localhost, Port: 3306, Database: topup, SQL: update `kategoris` set `thumbnail` = ?, `banner` = ?, `meta_title` = Topup Mobile Legends Tercepat dan Murah, `meta_description` = topup murah, `server_id` = 1, `kategoris`.`updated_at` = 2026-02-02 17:15:24 where `id` = 1) {"exception":"[object] (Illuminate\\Database\\QueryException(code: 23000): SQLSTATE[23000]: Integrity constraint violation: 1048 Column 'thumbnail' cannot be null (Connection: mysql, Host: localhost, Port: 3306, Database: topup, SQL: update `kategoris` set `thumbnail` = ?, `banner` = ?, `meta_title` = Topup Mobile Legends Tercepat dan Murah, `meta_description` = topup murah, `server_id` = 1, `kategoris`.`updated_at` = 2026-02-02 17:15:24 where `id` = 1) at D:/Backend-game-topup/web/project/vendor/laravel/framework/src/Illuminate/Database/Connection.php:838)
[stacktrace]
#0 D:/Backend-game-topup/web/project/vendor/laravel/framework/src/Illuminate/Database/Connection.php(794): Illuminate/Database/Connection->runQueryCallback('update `kategor...', Array, Object(Closure))
#1 D:/Backend-game-topup/web/project/vendor/laravel/framework/src/Illuminate/Database/Connection.php(597): Illuminate/Database/Connection->run('update `kategor...', Array, Object(Closure))
#2 D:/Backend-game-topup/web/project/vendor/laravel/framework/src/Illuminate/Database/Connection.php(549): Illuminate/Database/Connection->affectingStatement('update `kategor...', Array)
#3 D:/Backend-game-topup/web/project/vendor/laravel/framework/src/Illuminate/Database/Query/Builder.php(4097): Illuminate/Database/Connection->update('update `kategor...', Array)
#4 D:/Backend-game-topup/web/project/vendor/laravel/framework/src/Illuminate/Database/Eloquent/Builder.php(1266): Illuminate/Database/Query/Builder->update(Object(Illuminate/Support/Collection))
#5 D:/Backend-game-topup/web/project/vendor/laravel/framework/src/Illuminate/Database/Eloquent/Model.php(1316): Illuminate/Database/Eloquent/Builder->update(Array)
#6 D:/Backend-game-topup/web/project/vendor/laravel/framework/src/Illuminate/Database/Eloquent/Model.php(1233): Illuminate/Database/Eloquent/Model->performUpdate(Object(Illuminate/Database/Eloquent/Builder))
#7 D:/Backend-game-topup/web/project/vendor/laravel/framework/src/Illuminate/Database/Eloquent/Model.php(1090): Illuminate/Database/Eloquent/Model->save(Array)
#8 D:/Backend-game-topup/web/project/vendor/filament/filament/src/Resources/Pages/EditRecord.php(258): Illuminate/Database/Eloquent/Model->update(Array)
#9 D:/Backend-game-topup/web/project/vendor/filament/filament/src/Resources/Pages/EditRecord.php(158): Filament/Resources/Pages/EditRecord->handleRecordUpdate(Object(App/Models/Kategori), Array)
#10 D:/Backend-game-topup/web/project/vendor/laravel/framework/src/Illuminate/Container/BoundMethod.php(36): Filament/Resources/Pages/EditRecord->save(true, true)
#11 D:/Backend-game-topup/web/project/vendor/laravel/framework/src/Illuminate/Container/Util.php(43): Illuminate/Container/BoundMethod::{closure:Illuminate/Container/BoundMethod::call():35}()
#12 D:/Backend-game-topup/web/project/vendor/laravel/framework/src/Illuminate/Container/BoundMethod.php(96): Illuminate/Container/Util::unwrapIfClosure(Object(Closure))
#13 D:/Backend-game-topup/web/project/vendor/laravel/framework/src/Illuminate/Container/BoundMethod.php(35): Illuminate/Container/BoundMethod::callBoundMethod(Object(Illuminate/Foundation/Application), Array, Object(Closure))
#14 D:/Backend-game-topup/web/project/vendor/livewire/livewire/src/Wrapped.php(23): Illuminate/Container/BoundMethod::call(Object(Illuminate/Foundation/Application), Array, Array)
#15 D:/Backend-game-topup/web/project/vendor/livewire/livewire/src/Mechanisms/HandleComponents/HandleComponents.php(492): Livewire/Wrapped->__call('save', Array)
#16 D:/Backend-game-topup/web/project/vendor/livewire/livewire/src/Mechanisms/HandleComponents/HandleComponents.php(101): Livewire/Mechanisms/HandleComponents/HandleComponents->callMethods(Object(App/Filament/Admin/Resources/Kategoris/Pages/EditKategori), Array, Object(Livewire/Mechanisms/HandleComponents/ComponentContext))
#17 D:/Backend-game-topup/web/project/vendor/livewire/livewire/src/LivewireManager.php(102): Livewire/Mechanisms/HandleComponents/HandleComponents->update(Array, Array, Array)
#18 D:/Backend-game-topup/web/project/vendor/livewire/livewire/src/Mechanisms/HandleRequests/HandleRequests.php(94): Livewire/LivewireManager->update(Array, Array, Array)
#19 D:/Backend-game-topup/web/project/vendor/laravel/framework/src/Illuminate/Routing/ControllerDispatcher.php(46): Livewire/Mechanisms/HandleRequests/HandleRequests->handleUpdate()
#20 D:/Backend-game-topup/web/project/vendor/laravel/framework/src/Illuminate/Routing/Route.php(265): Illuminate/Routing/ControllerDispatcher->dispatch(Object(Illuminate/Routing/Route), Object(Livewire/Mechanisms/HandleRequests/HandleRequests), 'handleUpdate')
#21 D:/Backend-game-topup/web/project/vendor/laravel/framework/src/Illuminate/Routing/Route.php(211): Illuminate/Routing/Route->runController()
#22 D:/Backend-game-topup/web/project/vendor/laravel/framework/src/Illuminate/Routing/Router.php(822): Illuminate/Routing/Route->run()
#23 D:/Backend-game-topup/web/project/vendor/laravel/framework/src/Illuminate/Pipeline/Pipeline.php(180): Illuminate/Routing/Router->{closure:Illuminate/Routing/Router::runRouteWithinStack():821}(Object(Illuminate/Http/Request))
#24 D:/Backend-game-topup/web/project/app/Http/Middleware/LanguageDetectMiddleware.php(24): Illuminate/Pipeline/Pipeline->{closure:Illuminate/Pipeline/Pipeline::prepareDestination():178}(Object(Illuminate/Http/Request))
#25 D:/Backend-game-topup/web/project/vendor/laravel/framework/src/Illuminate/Pipeline/Pipeline.php(219): App/Http/Middleware/LanguageDetectMiddleware->handle(Object(Illuminate/Http/Request), Object(Closure))
#26 D:/Backend-game-topup/web/project/app/Http/Middleware/TrackVisitors.php(33): Illuminate/Pipeline/Pipeline->{closure:{closure:Illuminate/Pipeline/Pipeline::carry():194}:195}(Object(Illuminate/Http/Request))
#27 D:/Backend-game-topup/web/project/vendor/laravel/framework/src/Illuminate/Pipeline/Pipeline.php(219): App/Http/Middleware/TrackVisitors->handle(Object(Illuminate/Http/Request), Object(Closure))
#28 D:/Backend-game-topup/web/project/app/Http/Middleware/AddExpirationDateToCookie.php(21): Illuminate/Pipeline/Pipeline->{closure:{closure:Illuminate/Pipeline/Pipeline::carry():194}:195}(Object(Illuminate/Http/Request))
#29 D:/Backend-game-topup/web/project/vendor/laravel/framework/src/Illuminate/Pipeline/Pipeline.php(219): App/Http/Middleware/AddExpirationDateToCookie->handle(Object(Illuminate/Http/Request), Object(Closure))
#30 D:/Backend-game-topup/web/project/vendor/laravel/framework/src/Illuminate/Routing/Middleware/SubstituteBindings.php(50): Illuminate/Pipeline/Pipeline->{closure:{closure:Illuminate/Pipeline/Pipeline::carry():194}:195}(Object(Illuminate/Http/Request))
#31 D:/Backend-game-topup/web/project/vendor/laravel/framework/src/Illuminate/Pipeline/Pipeline.php(219): Illuminate/Routing/Middleware/SubstituteBindings->handle(Object(Illuminate/Http/Request), Object(Closure))
#32 D:/Backend-game-topup/web/project/app/Http/Middleware/VerifyCsrfToken.php(31): Illuminate/Pipeline/Pipeline->{closure:{closure:Illuminate/Pipeline/Pipeline::carry():194}:195}(Object(Illuminate/Http/Request))
#33 D:/Backend-game-topup/web/project/vendor/laravel/framework/src/Illuminate/Pipeline/Pipeline.php(219): App/Http/Middleware/VerifyCsrfToken->handle(Object(Illuminate/Http/Request), Object(Closure))
#34 D:/Backend-game-topup/web/project/vendor/laravel/framework/src/Illuminate/View/Middleware/ShareErrorsFromSession.php(48): Illuminate/Pipeline/Pipeline->{closure:{closure:Illuminate/Pipeline/Pipeline::carry():194}:195}(Object(Illuminate/Http/Request))
#35 D:/Backend-game-topup/web/project/vendor/laravel/framework/src/Illuminate/Pipeline/Pipeline.php(219): Illuminate/View/Middleware/ShareErrorsFromSession->handle(Object(Illuminate/Http/Request), Object(Closure))
#36 D:/Backend-game-topup/web/project/vendor/laravel/framework/src/Illuminate/Session/Middleware/StartSession.php(120): Illuminate/Pipeline/Pipeline->{closure:{closure:Illuminate/Pipeline/Pipeline::carry():194}:195}(Object(Illuminate/Http/Request))
#37 D:/Backend-game-topup/web/project/vendor/laravel/framework/src/Illuminate/Session/Middleware/StartSession.php(63): Illuminate/Session/Middleware/StartSession->handleStatefulRequest(Object(Illuminate/Http/Request), Object(Illuminate/Session/EncryptedStore), Object(Closure))
#38 D:/Backend-game-topup/web/project/vendor/laravel/framework/src/Illuminate/Pipeline/Pipeline.php(219): Illuminate/Session/Middleware/StartSession->handle(Object(Illuminate/Http/Request), Object(Closure))
#39 D:/Backend-game-topup/web/project/vendor/laravel/framework/src/Illuminate/Cookie/Middleware/AddQueuedCookiesToResponse.php(36): Illuminate/Pipeline/Pipeline->{closure:{closure:Illuminate/Pipeline/Pipeline::carry():194}:195}(Object(Illuminate/Http/Request))
#40 D:/Backend-game-topup/web/project/vendor/laravel/framework/src/Illuminate/Pipeline/Pipeline.php(219): Illuminate/Cookie/Middleware/AddQueuedCookiesToResponse->handle(Object(Illuminate/Http/Request), Object(Closure))
#41 D:/Backend-game-topup/web/project/vendor/laravel/framework/src/Illuminate/Cookie/Middleware/EncryptCookies.php(74): Illuminate/Pipeline/Pipeline->{closure:{closure:Illuminate/Pipeline/Pipeline::carry():194}:195}(Object(Illuminate/Http/Request))
#42 D:/Backend-game-topup/web/project/vendor/laravel/framework/src/Illuminate/Pipeline/Pipeline.php(219): Illuminate/Cookie/Middleware/EncryptCookies->handle(Object(Illuminate/Http/Request), Object(Closure))
#43 D:/Backend-game-topup/web/project/vendor/laravel/framework/src/Illuminate/Pipeline/Pipeline.php(137): Illuminate/Pipeline/Pipeline->{closure:{closure:Illuminate/Pipeline/Pipeline::carry():194}:195}(Object(Illuminate/Http/Request))
#44 D:/Backend-game-topup/web/project/vendor/laravel/framework/src/Illuminate/Routing/Router.php(821): Illuminate/Pipeline/Pipeline->then(Object(Closure))
#45 D:/Backend-game-topup/web/project/vendor/laravel/framework/src/Illuminate/Routing/Router.php(800): Illuminate/Routing/Router->runRouteWithinStack(Object(Illuminate/Routing/Route), Object(Illuminate/Http/Request))
#46 D:/Backend-game-topup/web/project/vendor/laravel/framework/src/Illuminate/Routing/Router.php(764): Illuminate/Routing/Router->runRoute(Object(Illuminate/Http/Request), Object(Illuminate/Routing/Route))
#47 D:/Backend-game-topup/web/project/vendor/laravel/framework/src/Illuminate/Routing/Router.php(753): Illuminate/Routing/Router->dispatchToRoute(Object(Illuminate/Http/Request))
#48 D:/Backend-game-topup/web/project/vendor/laravel/framework/src/Illuminate/Foundation/Http/Kernel.php(200): Illuminate/Routing/Router->dispatch(Object(Illuminate/Http/Request))
#49 D:/Backend-game-topup/web/project/vendor/laravel/framework/src/Illuminate/Pipeline/Pipeline.php(180): Illuminate/Foundation/Http/Kernel->{closure:Illuminate/Foundation/Http/Kernel::dispatchToRouter():197}(Object(Illuminate/Http/Request))
#50 D:/Backend-game-topup/web/project/vendor/livewire/livewire/src/Features/SupportDisablingBackButtonCache/DisableBackButtonCacheMiddleware.php(19): Illuminate/Pipeline/Pipeline->{closure:Illuminate/Pipeline/Pipeline::prepareDestination():178}(Object(Illuminate/Http/Request))
#51 D:/Backend-game-topup/web/project/vendor/laravel/framework/src/Illuminate/Pipeline/Pipeline.php(219): Livewire/Features/SupportDisablingBackButtonCache/DisableBackButtonCacheMiddleware->handle(Object(Illuminate/Http/Request), Object(Closure))
#52 D:/Backend-game-topup/web/project/vendor/laravel/framework/src/Illuminate/Foundation/Http/Middleware/ConvertEmptyStringsToNull.php(27): Illuminate/Pipeline/Pipeline->{closure:{closure:Illuminate/Pipeline/Pipeline::carry():194}:195}(Object(Illuminate/Http/Request))
#53 D:/Backend-game-topup/web/project/vendor/laravel/framework/src/Illuminate/Pipeline/Pipeline.php(219): Illuminate/Foundation/Http/Middleware/ConvertEmptyStringsToNull->handle(Object(Illuminate/Http/Request), Object(Closure))
#54 D:/Backend-game-topup/web/project/vendor/laravel/framework/src/Illuminate/Foundation/Http/Middleware/TrimStrings.php(47): Illuminate/Pipeline/Pipeline->{closure:{closure:Illuminate/Pipeline/Pipeline::carry():194}:195}(Object(Illuminate/Http/Request))
#55 D:/Backend-game-topup/web/project/vendor/laravel/framework/src/Illuminate/Pipeline/Pipeline.php(219): Illuminate/Foundation/Http/Middleware/TrimStrings->handle(Object(Illuminate/Http/Request), Object(Closure))
#56 D:/Backend-game-topup/web/project/vendor/laravel/framework/src/Illuminate/Http/Middleware/ValidatePostSize.php(27): Illuminate/Pipeline/Pipeline->{closure:{closure:Illuminate/Pipeline/Pipeline::carry():194}:195}(Object(Illuminate/Http/Request))
#57 D:/Backend-game-topup/web/project/vendor/laravel/framework/src/Illuminate/Pipeline/Pipeline.php(219): Illuminate/Http/Middleware/ValidatePostSize->handle(Object(Illuminate/Http/Request), Object(Closure))
#58 D:/Backend-game-topup/web/project/vendor/laravel/framework/src/Illuminate/Foundation/Http/Middleware/PreventRequestsDuringMaintenance.php(109): Illuminate/Pipeline/Pipeline->{closure:{closure:Illuminate/Pipeline/Pipeline::carry():194}:195}(Object(Illuminate/Http/Request))
#59 D:/Backend-game-topup/web/project/vendor/laravel/framework/src/Illuminate/Pipeline/Pipeline.php(219): Illuminate/Foundation/Http/Middleware/PreventRequestsDuringMaintenance->handle(Object(Illuminate/Http/Request), Object(Closure))
#60 D:/Backend-game-topup/web/project/vendor/laravel/framework/src/Illuminate/Http/Middleware/HandleCors.php(48): Illuminate/Pipeline/Pipeline->{closure:{closure:Illuminate/Pipeline/Pipeline::carry():194}:195}(Object(Illuminate/Http/Request))
#61 D:/Backend-game-topup/web/project/vendor/laravel/framework/src/Illuminate/Pipeline/Pipeline.php(219): Illuminate/Http/Middleware/HandleCors->handle(Object(Illuminate/Http/Request), Object(Closure))
#62 D:/Backend-game-topup/web/project/vendor/laravel/framework/src/Illuminate/Http/Middleware/TrustProxies.php(58): Illuminate/Pipeline/Pipeline->{closure:{closure:Illuminate/Pipeline/Pipeline::carry():194}:195}(Object(Illuminate/Http/Request))
#63 D:/Backend-game-topup/web/project/vendor/laravel/framework/src/Illuminate/Pipeline/Pipeline.php(219): Illuminate/Http/Middleware/TrustProxies->handle(Object(Illuminate/Http/Request), Object(Closure))
#64 D:/Backend-game-topup/web/project/vendor/laravel/framework/src/Illuminate/Http/Middleware/TrustHosts.php(78): Illuminate/Pipeline/Pipeline->{closure:{closure:Illuminate/Pipeline/Pipeline::carry():194}:195}(Object(Illuminate/Http/Request))
#65 D:/Backend-game-topup/web/project/vendor/laravel/framework/src/Illuminate/Pipeline/Pipeline.php(219): Illuminate/Http/Middleware/TrustHosts->handle(Object(Illuminate/Http/Request), Object(Closure))
#66 D:/Backend-game-topup/web/project/vendor/laravel/framework/src/Illuminate/Pipeline/Pipeline.php(137): Illuminate/Pipeline/Pipeline->{closure:{closure:Illuminate/Pipeline/Pipeline::carry():194}:195}(Object(Illuminate/Http/Request))
#67 D:/Backend-game-topup/web/project/vendor/laravel/framework/src/Illuminate/Foundation/Http/Kernel.php(175): Illuminate/Pipeline/Pipeline->then(Object(Closure))
#68 D:/Backend-game-topup/web/project/vendor/laravel/framework/src/Illuminate/Foundation/Http/Kernel.php(144): Illuminate/Foundation/Http/Kernel->sendRequestThroughRouter(Object(Illuminate/Http/Request))
#69 D:/Backend-game-topup/web/project/public/index.php(51): Illuminate/Foundation/Http/Kernel->handle(Object(Illuminate/Http/Request))
#70 D:/Backend-game-topup/web/project/server.php(21): require_once('D://Backend-game...')
#71 {main}

[previous exception] [object] (PDOException(code: 23000): SQLSTATE[23000]: Integrity constraint violation: 1048 Column 'thumbnail' cannot be null at D:/Backend-game-topup/web/project/vendor/laravel/framework/src/Illuminate/Database/Connection.php:609)
[stacktrace]
#0 D:/Backend-game-topup/web/project/vendor/laravel/framework/src/Illuminate/Database/Connection.php(609): PDOStatement->execute()
#1 D:/Backend-game-topup/web/project/vendor/laravel/framework/src/Illuminate/Database/Connection.php(827): Illuminate/Database/Connection->{closure:Illuminate/Database/Connection::affectingStatement():597}('update `kategor...', Array)
#2 D:/Backend-game-topup/web/project/vendor/laravel/framework/src/Illuminate/Database/Connection.php(794): Illuminate/Database/Connection->runQueryCallback('update `kategor...', Array, Object(Closure))
#3 D:/Backend-game-topup/web/project/vendor/laravel/framework/src/Illuminate/Database/Connection.php(597): Illuminate/Database/Connection->run('update `kategor...', Array, Object(Closure))
#4 D:/Backend-game-topup/web/project/vendor/laravel/framework/src/Illuminate/Database/Connection.php(549): Illuminate/Database/Connection->affectingStatement('update `kategor...', Array)
#5 D:/Backend-game-topup/web/project/vendor/laravel/framework/src/Illuminate/Database/Query/Builder.php(4097): Illuminate/Database/Connection->update('update `kategor...', Array)
#6 D:/Backend-game-topup/web/project/vendor/laravel/framework/src/Illuminate/Database/Eloquent/Builder.php(1266): Illuminate/Database/Query/Builder->update(Object(Illuminate/Support/Collection))
#7 D:/Backend-game-topup/web/project/vendor/laravel/framework/src/Illuminate/Database/Eloquent/Model.php(1316): Illuminate/Database/Eloquent/Builder->update(Array)
#8 D:/Backend-game-topup/web/project/vendor/laravel/framework/src/Illuminate/Database/Eloquent/Model.php(1233): Illuminate/Database/Eloquent/Model->performUpdate(Object(Illuminate/Database/Eloquent/Builder))
#9 D:/Backend-game-topup/web/project/vendor/laravel/framework/src/Illuminate/Database/Eloquent/Model.php(1090): Illuminate/Database/Eloquent/Model->save(Array)
#10 D:/Backend-game-topup/web/project/vendor/filament/filament/src/Resources/Pages/EditRecord.php(258): Illuminate/Database/Eloquent/Model->update(Array)
#11 D:/Backend-game-topup/web/project/vendor/filament/filament/src/Resources/Pages/EditRecord.php(158): Filament/Resources/Pages/EditRecord->handleRecordUpdate(Object(App/Models/Kategori), Array)
#12 D:/Backend-game-topup/web/project/vendor/laravel/framework/src/Illuminate/Container/BoundMethod.php(36): Filament/Resources/Pages/EditRecord->save(true, true)
#13 D:/Backend-game-topup/web/project/vendor/laravel/framework/src/Illuminate/Container/Util.php(43): Illuminate/Container/BoundMethod::{closure:Illuminate/Container/BoundMethod::call():35}()
#14 D:/Backend-game-topup/web/project/vendor/laravel/framework/src/Illuminate/Container/BoundMethod.php(96): Illuminate/Container/Util::unwrapIfClosure(Object(Closure))
#15 D:/Backend-game-topup/web/project/vendor/laravel/framework/src/Illuminate/Container/BoundMethod.php(35): Illuminate/Container/BoundMethod::callBoundMethod(Object(Illuminate/Foundation/Application), Array, Object(Closure))
#16 D:/Backend-game-topup/web/project/vendor/livewire/livewire/src/Wrapped.php(23): Illuminate/Container/BoundMethod::call(Object(Illuminate/Foundation/Application), Array, Array)
#17 D:/Backend-game-topup/web/project/vendor/livewire/livewire/src/Mechanisms/HandleComponents/HandleComponents.php(492): Livewire/Wrapped->__call('save', Array)
#18 D:/Backend-game-topup/web/project/vendor/livewire/livewire/src/Mechanisms/HandleComponents/HandleComponents.php(101): Livewire/Mechanisms/HandleComponents/HandleComponents->callMethods(Object(App/Filament/Admin/Resources/Kategoris/Pages/EditKategori), Array, Object(Livewire/Mechanisms/HandleComponents/ComponentContext))
#19 D:/Backend-game-topup/web/project/vendor/livewire/livewire/src/LivewireManager.php(102): Livewire/Mechanisms/HandleComponents/HandleComponents->update(Array, Array, Array)
#20 D:/Backend-game-topup/web/project/vendor/livewire/livewire/src/Mechanisms/HandleRequests/HandleRequests.php(94): Livewire/LivewireManager->update(Array, Array, Array)
#21 D:/Backend-game-topup/web/project/vendor/laravel/framework/src/Illuminate/Routing/ControllerDispatcher.php(46): Livewire/Mechanisms/HandleRequests/HandleRequests->handleUpdate()
#22 D:/Backend-game-topup/web/project/vendor/laravel/framework/src/Illuminate/Routing/Route.php(265): Illuminate/Routing/ControllerDispatcher->dispatch(Object(Illuminate/Routing/Route), Object(Livewire/Mechanisms/HandleRequests/HandleRequests), 'handleUpdate')
#23 D:/Backend-game-topup/web/project/vendor/laravel/framework/src/Illuminate/Routing/Route.php(211): Illuminate/Routing/Route->runController()
#24 D:/Backend-game-topup/web/project/vendor/laravel/framework/src/Illuminate/Routing/Router.php(822): Illuminate/Routing/Route->run()
#25 D:/Backend-game-topup/web/project/vendor/laravel/framework/src/Illuminate/Pipeline/Pipeline.php(180): Illuminate/Routing/Router->{closure:Illuminate/Routing/Router::runRouteWithinStack():821}(Object(Illuminate/Http/Request))
#26 D:/Backend-game-topup/web/project/app/Http/Middleware/LanguageDetectMiddleware.php(24): Illuminate/Pipeline/Pipeline->{closure:Illuminate/Pipeline/Pipeline::prepareDestination():178}(Object(Illuminate/Http/Request))
#27 D:/Backend-game-topup/web/project/vendor/laravel/framework/src/Illuminate/Pipeline/Pipeline.php(219): App/Http/Middleware/LanguageDetectMiddleware->handle(Object(Illuminate/Http/Request), Object(Closure))
#28 D:/Backend-game-topup/web/project/app/Http/Middleware/TrackVisitors.php(33): Illuminate/Pipeline/Pipeline->{closure:{closure:Illuminate/Pipeline/Pipeline::carry():194}:195}(Object(Illuminate/Http/Request))
#29 D:/Backend-game-topup/web/project/vendor/laravel/framework/src/Illuminate/Pipeline/Pipeline.php(219): App/Http/Middleware/TrackVisitors->handle(Object(Illuminate/Http/Request), Object(Closure))
#30 D:/Backend-game-topup/web/project/app/Http/Middleware/AddExpirationDateToCookie.php(21): Illuminate/Pipeline/Pipeline->{closure:{closure:Illuminate/Pipeline/Pipeline::carry():194}:195}(Object(Illuminate/Http/Request))
#31 D:/Backend-game-topup/web/project/vendor/laravel/framework/src/Illuminate/Pipeline/Pipeline.php(219): App/Http/Middleware/AddExpirationDateToCookie->handle(Object(Illuminate/Http/Request), Object(Closure))
#32 D:/Backend-game-topup/web/project/vendor/laravel/framework/src/Illuminate/Routing/Middleware/SubstituteBindings.php(50): Illuminate/Pipeline/Pipeline->{closure:{closure:Illuminate/Pipeline/Pipeline::carry():194}:195}(Object(Illuminate/Http/Request))
#33 D:/Backend-game-topup/web/project/vendor/laravel/framework/src/Illuminate/Pipeline/Pipeline.php(219): Illuminate/Routing/Middleware/SubstituteBindings->handle(Object(Illuminate/Http/Request), Object(Closure))
#34 D:/Backend-game-topup/web/project/app/Http/Middleware/VerifyCsrfToken.php(31): Illuminate/Pipeline/Pipeline->{closure:{closure:Illuminate/Pipeline/Pipeline::carry():194}:195}(Object(Illuminate/Http/Request))
#35 D:/Backend-game-topup/web/project/vendor/laravel/framework/src/Illuminate/Pipeline/Pipeline.php(219): App/Http/Middleware/VerifyCsrfToken->handle(Object(Illuminate/Http/Request), Object(Closure))
#36 D:/Backend-game-topup/web/project/vendor/laravel/framework/src/Illuminate/View/Middleware/ShareErrorsFromSession.php(48): Illuminate/Pipeline/Pipeline->{closure:{closure:Illuminate/Pipeline/Pipeline::carry():194}:195}(Object(Illuminate/Http/Request))
#37 D:/Backend-game-topup/web/project/vendor/laravel/framework/src/Illuminate/Pipeline/Pipeline.php(219): Illuminate/View/Middleware/ShareErrorsFromSession->handle(Object(Illuminate/Http/Request), Object(Closure))
#38 D:/Backend-game-topup/web/project/vendor/laravel/framework/src/Illuminate/Session/Middleware/StartSession.php(120): Illuminate/Pipeline/Pipeline->{closure:{closure:Illuminate/Pipeline/Pipeline::carry():194}:195}(Object(Illuminate/Http/Request))
#39 D:/Backend-game-topup/web/project/vendor/laravel/framework/src/Illuminate/Session/Middleware/StartSession.php(63): Illuminate/Session/Middleware/StartSession->handleStatefulRequest(Object(Illuminate/Http/Request), Object(Illuminate/Session/EncryptedStore), Object(Closure))
#40 D:/Backend-game-topup/web/project/vendor/laravel/framework/src/Illuminate/Pipeline/Pipeline.php(219): Illuminate/Session/Middleware/StartSession->handle(Object(Illuminate/Http/Request), Object(Closure))
#41 D:/Backend-game-topup/web/project/vendor/laravel/framework/src/Illuminate/Cookie/Middleware/AddQueuedCookiesToResponse.php(36): Illuminate/Pipeline/Pipeline->{closure:{closure:Illuminate/Pipeline/Pipeline::carry():194}:195}(Object(Illuminate/Http/Request))
#42 D:/Backend-game-topup/web/project/vendor/laravel/framework/src/Illuminate/Pipeline/Pipeline.php(219): Illuminate/Cookie/Middleware/AddQueuedCookiesToResponse->handle(Object(Illuminate/Http/Request), Object(Closure))
#43 D:/Backend-game-topup/web/project/vendor/laravel/framework/src/Illuminate/Cookie/Middleware/EncryptCookies.php(74): Illuminate/Pipeline/Pipeline->{closure:{closure:Illuminate/Pipeline/Pipeline::carry():194}:195}(Object(Illuminate/Http/Request))
#44 D:/Backend-game-topup/web/project/vendor/laravel/framework/src/Illuminate/Pipeline/Pipeline.php(219): Illuminate/Cookie/Middleware/EncryptCookies->handle(Object(Illuminate/Http/Request), Object(Closure))
#45 D:/Backend-game-topup/web/project/vendor/laravel/framework/src/Illuminate/Pipeline/Pipeline.php(137): Illuminate/Pipeline/Pipeline->{closure:{closure:Illuminate/Pipeline/Pipeline::carry():194}:195}(Object(Illuminate/Http/Request))
#46 D:/Backend-game-topup/web/project/vendor/laravel/framework/src/Illuminate/Routing/Router.php(821): Illuminate/Pipeline/Pipeline->then(Object(Closure))
#47 D:/Backend-game-topup/web/project/vendor/laravel/framework/src/Illuminate/Routing/Router.php(800): Illuminate/Routing/Router->runRouteWithinStack(Object(Illuminate/Routing/Route), Object(Illuminate/Http/Request))
#48 D:/Backend-game-topup/web/project/vendor/laravel/framework/src/Illuminate/Routing/Router.php(764): Illuminate/Routing/Router->runRoute(Object(Illuminate/Http/Request), Object(Illuminate/Routing/Route))
#49 D:/Backend-game-topup/web/project/vendor/laravel/framework/src/Illuminate/Routing/Router.php(753): Illuminate/Routing/Router->dispatchToRoute(Object(Illuminate/Http/Request))
#50 D:/Backend-game-topup/web/project/vendor/laravel/framework/src/Illuminate/Foundation/Http/Kernel.php(200): Illuminate/Routing/Router->dispatch(Object(Illuminate/Http/Request))
#51 D:/Backend-game-topup/web/project/vendor/laravel/framework/src/Illuminate/Pipeline/Pipeline.php(180): Illuminate/Foundation/Http/Kernel->{closure:Illuminate/Foundation/Http/Kernel::dispatchToRouter():197}(Object(Illuminate/Http/Request))
#52 D:/Backend-game-topup/web/project/vendor/livewire/livewire/src/Features/SupportDisablingBackButtonCache/DisableBackButtonCacheMiddleware.php(19): Illuminate/Pipeline/Pipeline->{closure:Illuminate/Pipeline/Pipeline::prepareDestination():178}(Object(Illuminate/Http/Request))
#53 D:/Backend-game-topup/web/project/vendor/laravel/framework/src/Illuminate/Pipeline/Pipeline.php(219): Livewire/Features/SupportDisablingBackButtonCache/DisableBackButtonCacheMiddleware->handle(Object(Illuminate/Http/Request), Object(Closure))
#54 D:/Backend-game-topup/web/project/vendor/laravel/framework/src/Illuminate/Foundation/Http/Middleware/ConvertEmptyStringsToNull.php(27): Illuminate/Pipeline/Pipeline->{closure:{closure:Illuminate/Pipeline/Pipeline::carry():194}:195}(Object(Illuminate/Http/Request))
#55 D:/Backend-game-topup/web/project/vendor/laravel/framework/src/Illuminate/Pipeline/Pipeline.php(219): Illuminate/Foundation/Http/Middleware/ConvertEmptyStringsToNull->handle(Object(Illuminate/Http/Request), Object(Closure))
#56 D:/Backend-game-topup/web/project/vendor/laravel/framework/src/Illuminate/Foundation/Http/Middleware/TrimStrings.php(47): Illuminate/Pipeline/Pipeline->{closure:{closure:Illuminate/Pipeline/Pipeline::carry():194}:195}(Object(Illuminate/Http/Request))
#57 D:/Backend-game-topup/web/project/vendor/laravel/framework/src/Illuminate/Pipeline/Pipeline.php(219): Illuminate/Foundation/Http/Middleware/TrimStrings->handle(Object(Illuminate/Http/Request), Object(Closure))
#58 D:/Backend-game-topup/web/project/vendor/laravel/framework/src/Illuminate/Http/Middleware/ValidatePostSize.php(27): Illuminate/Pipeline/Pipeline->{closure:{closure:Illuminate/Pipeline/Pipeline::carry():194}:195}(Object(Illuminate/Http/Request))
#59 D:/Backend-game-topup/web/project/vendor/laravel/framework/src/Illuminate/Pipeline/Pipeline.php(219): Illuminate/Http/Middleware/ValidatePostSize->handle(Object(Illuminate/Http/Request), Object(Closure))
#60 D:/Backend-game-topup/web/project/vendor/laravel/framework/src/Illuminate/Foundation/Http/Middleware/PreventRequestsDuringMaintenance.php(109): Illuminate/Pipeline/Pipeline->{closure:{closure:Illuminate/Pipeline/Pipeline::carry():194}:195}(Object(Illuminate/Http/Request))
#61 D:/Backend-game-topup/web/project/vendor/laravel/framework/src/Illuminate/Pipeline/Pipeline.php(219): Illuminate/Foundation/Http/Middleware/PreventRequestsDuringMaintenance->handle(Object(Illuminate/Http/Request), Object(Closure))
#62 D:/Backend-game-topup/web/project/vendor/laravel/framework/src/Illuminate/Http/Middleware/HandleCors.php(48): Illuminate/Pipeline/Pipeline->{closure:{closure:Illuminate/Pipeline/Pipeline::carry():194}:195}(Object(Illuminate/Http/Request))
#63 D:/Backend-game-topup/web/project/vendor/laravel/framework/src/Illuminate/Pipeline/Pipeline.php(219): Illuminate/Http/Middleware/HandleCors->handle(Object(Illuminate/Http/Request), Object(Closure))
#64 D:/Backend-game-topup/web/project/vendor/laravel/framework/src/Illuminate/Http/Middleware/TrustProxies.php(58): Illuminate/Pipeline/Pipeline->{closure:{closure:Illuminate/Pipeline/Pipeline::carry():194}:195}(Object(Illuminate/Http/Request))
#65 D:/Backend-game-topup/web/project/vendor/laravel/framework/src/Illuminate/Pipeline/Pipeline.php(219): Illuminate/Http/Middleware/TrustProxies->handle(Object(Illuminate/Http/Request), Object(Closure))
#66 D:/Backend-game-topup/web/project/vendor/laravel/framework/src/Illuminate/Http/Middleware/TrustHosts.php(78): Illuminate/Pipeline/Pipeline->{closure:{closure:Illuminate/Pipeline/Pipeline::carry():194}:195}(Object(Illuminate/Http/Request))
#67 D:/Backend-game-topup/web/project/vendor/laravel/framework/src/Illuminate/Pipeline/Pipeline.php(219): Illuminate/Http/Middleware/TrustHosts->handle(Object(Illuminate/Http/Request), Object(Closure))
#68 D:/Backend-game-topup/web/project/vendor/laravel/framework/src/Illuminate/Pipeline/Pipeline.php(137): Illuminate/Pipeline/Pipeline->{closure:{closure:Illuminate/Pipeline/Pipeline::carry():194}:195}(Object(Illuminate/Http/Request))
#69 D:/Backend-game-topup/web/project/vendor/laravel/framework/src/Illuminate/Foundation/Http/Kernel.php(175): Illuminate/Pipeline/Pipeline->then(Object(Closure))
#70 D:/Backend-game-topup/web/project/vendor/laravel/framework/src/Illuminate/Foundation/Http/Kernel.php(144): Illuminate/Foundation/Http/Kernel->sendRequestThroughRouter(Object(Illuminate/Http/Request))
#71 D:/Backend-game-topup/web/project/public/index.php(51): Illuminate/Foundation/Http/Kernel->handle(Object(Illuminate/Http/Request))
#72 D:/Backend-game-topup/web/project/server.php(21): require_once('D://Backend-game...')
#73 {main}
"} 
[2026-02-02 17:15:24] local.ERROR: SQLSTATE[23000]: Integrity constraint violation: 1048 Column 'thumbnail' cannot be null (Connection: mysql, Host: localhost, Port: 3306, Database: topup, SQL: update `kategoris` set `thumbnail` = ?, `banner` = ?, `meta_title` = Topup Mobile Legends Tercepat dan Murah, `meta_description` = topup murah, `server_id` = 1, `kategoris`.`updated_at` = 2026-02-02 17:15:24 where `id` = 1) {"userId":350,"exception":"[object] (Illuminate\\Database\\QueryException(code: 23000): SQLSTATE[23000]: Integrity constraint violation: 1048 Column 'thumbnail' cannot be null (Connection: mysql, Host: localhost, Port: 3306, Database: topup, SQL: update `kategoris` set `thumbnail` = ?, `banner` = ?, `meta_title` = Topup Mobile Legends Tercepat dan Murah, `meta_description` = topup murah, `server_id` = 1, `kategoris`.`updated_at` = 2026-02-02 17:15:24 where `id` = 1) at D:/Backend-game-topup/web/project/vendor/laravel/framework/src/Illuminate/Database/Connection.php:838)
[stacktrace]
#0 D:/Backend-game-topup/web/project/vendor/laravel/framework/src/Illuminate/Database/Connection.php(794): Illuminate/Database/Connection->runQueryCallback('update `kategor...', Array, Object(Closure))
#1 D:/Backend-game-topup/web/project/vendor/laravel/framework/src/Illuminate/Database/Connection.php(597): Illuminate/Database/Connection->run('update `kategor...', Array, Object(Closure))
#2 D:/Backend-game-topup/web/project/vendor/laravel/framework/src/Illuminate/Database/Connection.php(549): Illuminate/Database/Connection->affectingStatement('update `kategor...', Array)
#3 D:/Backend-game-topup/web/project/vendor/laravel/framework/src/Illuminate/Database/Query/Builder.php(4097): Illuminate/Database/Connection->update('update `kategor...', Array)
#4 D:/Backend-game-topup/web/project/vendor/laravel/framework/src/Illuminate/Database/Eloquent/Builder.php(1266): Illuminate/Database/Query/Builder->update(Object(Illuminate/Support/Collection))
#5 D:/Backend-game-topup/web/project/vendor/laravel/framework/src/Illuminate/Database/Eloquent/Model.php(1316): Illuminate/Database/Eloquent/Builder->update(Array)
#6 D:/Backend-game-topup/web/project/vendor/laravel/framework/src/Illuminate/Database/Eloquent/Model.php(1233): Illuminate/Database/Eloquent/Model->performUpdate(Object(Illuminate/Database/Eloquent/Builder))
#7 D:/Backend-game-topup/web/project/vendor/laravel/framework/src/Illuminate/Database/Eloquent/Model.php(1090): Illuminate/Database/Eloquent/Model->save(Array)
#8 D:/Backend-game-topup/web/project/vendor/filament/filament/src/Resources/Pages/EditRecord.php(258): Illuminate/Database/Eloquent/Model->update(Array)
#9 D:/Backend-game-topup/web/project/vendor/filament/filament/src/Resources/Pages/EditRecord.php(158): Filament/Resources/Pages/EditRecord->handleRecordUpdate(Object(App/Models/Kategori), Array)
#10 D:/Backend-game-topup/web/project/vendor/laravel/framework/src/Illuminate/Container/BoundMethod.php(36): Filament/Resources/Pages/EditRecord->save(true, true)
#11 D:/Backend-game-topup/web/project/vendor/laravel/framework/src/Illuminate/Container/Util.php(43): Illuminate/Container/BoundMethod::{closure:Illuminate/Container/BoundMethod::call():35}()
#12 D:/Backend-game-topup/web/project/vendor/laravel/framework/src/Illuminate/Container/BoundMethod.php(96): Illuminate/Container/Util::unwrapIfClosure(Object(Closure))
#13 D:/Backend-game-topup/web/project/vendor/laravel/framework/src/Illuminate/Container/BoundMethod.php(35): Illuminate/Container/BoundMethod::callBoundMethod(Object(Illuminate/Foundation/Application), Array, Object(Closure))
#14 D:/Backend-game-topup/web/project/vendor/livewire/livewire/src/Wrapped.php(23): Illuminate/Container/BoundMethod::call(Object(Illuminate/Foundation/Application), Array, Array)
#15 D:/Backend-game-topup/web/project/vendor/livewire/livewire/src/Mechanisms/HandleComponents/HandleComponents.php(492): Livewire/Wrapped->__call('save', Array)
#16 D:/Backend-game-topup/web/project/vendor/livewire/livewire/src/Mechanisms/HandleComponents/HandleComponents.php(101): Livewire/Mechanisms/HandleComponents/HandleComponents->callMethods(Object(App/Filament/Admin/Resources/Kategoris/Pages/EditKategori), Array, Object(Livewire/Mechanisms/HandleComponents/ComponentContext))
#17 D:/Backend-game-topup/web/project/vendor/livewire/livewire/src/LivewireManager.php(102): Livewire/Mechanisms/HandleComponents/HandleComponents->update(Array, Array, Array)
#18 D:/Backend-game-topup/web/project/vendor/livewire/livewire/src/Mechanisms/HandleRequests/HandleRequests.php(94): Livewire/LivewireManager->update(Array, Array, Array)
#19 D:/Backend-game-topup/web/project/vendor/laravel/framework/src/Illuminate/Routing/ControllerDispatcher.php(46): Livewire/Mechanisms/HandleRequests/HandleRequests->handleUpdate()
#20 D:/Backend-game-topup/web/project/vendor/laravel/framework/src/Illuminate/Routing/Route.php(265): Illuminate/Routing/ControllerDispatcher->dispatch(Object(Illuminate/Routing/Route), Object(Livewire/Mechanisms/HandleRequests/HandleRequests), 'handleUpdate')
#21 D:/Backend-game-topup/web/project/vendor/laravel/framework/src/Illuminate/Routing/Route.php(211): Illuminate/Routing/Route->runController()
#22 D:/Backend-game-topup/web/project/vendor/laravel/framework/src/Illuminate/Routing/Router.php(822): Illuminate/Routing/Route->run()
#23 D:/Backend-game-topup/web/project/vendor/laravel/framework/src/Illuminate/Pipeline/Pipeline.php(180): Illuminate/Routing/Router->{closure:Illuminate/Routing/Router::runRouteWithinStack():821}(Object(Illuminate/Http/Request))
#24 D:/Backend-game-topup/web/project/app/Http/Middleware/LanguageDetectMiddleware.php(24): Illuminate/Pipeline/Pipeline->{closure:Illuminate/Pipeline/Pipeline::prepareDestination():178}(Object(Illuminate/Http/Request))
#25 D:/Backend-game-topup/web/project/vendor/laravel/framework/src/Illuminate/Pipeline/Pipeline.php(219): App/Http/Middleware/LanguageDetectMiddleware->handle(Object(Illuminate/Http/Request), Object(Closure))
#26 D:/Backend-game-topup/web/project/app/Http/Middleware/TrackVisitors.php(33): Illuminate/Pipeline/Pipeline->{closure:{closure:Illuminate/Pipeline/Pipeline::carry():194}:195}(Object(Illuminate/Http/Request))
#27 D:/Backend-game-topup/web/project/vendor/laravel/framework/src/Illuminate/Pipeline/Pipeline.php(219): App/Http/Middleware/TrackVisitors->handle(Object(Illuminate/Http/Request), Object(Closure))
#28 D:/Backend-game-topup/web/project/app/Http/Middleware/AddExpirationDateToCookie.php(21): Illuminate/Pipeline/Pipeline->{closure:{closure:Illuminate/Pipeline/Pipeline::carry():194}:195}(Object(Illuminate/Http/Request))
#29 D:/Backend-game-topup/web/project/vendor/laravel/framework/src/Illuminate/Pipeline/Pipeline.php(219): App/Http/Middleware/AddExpirationDateToCookie->handle(Object(Illuminate/Http/Request), Object(Closure))
#30 D:/Backend-game-topup/web/project/vendor/laravel/framework/src/Illuminate/Routing/Middleware/SubstituteBindings.php(50): Illuminate/Pipeline/Pipeline->{closure:{closure:Illuminate/Pipeline/Pipeline::carry():194}:195}(Object(Illuminate/Http/Request))
#31 D:/Backend-game-topup/web/project/vendor/laravel/framework/src/Illuminate/Pipeline/Pipeline.php(219): Illuminate/Routing/Middleware/SubstituteBindings->handle(Object(Illuminate/Http/Request), Object(Closure))
#32 D:/Backend-game-topup/web/project/app/Http/Middleware/VerifyCsrfToken.php(31): Illuminate/Pipeline/Pipeline->{closure:{closure:Illuminate/Pipeline/Pipeline::carry():194}:195}(Object(Illuminate/Http/Request))
#33 D:/Backend-game-topup/web/project/vendor/laravel/framework/src/Illuminate/Pipeline/Pipeline.php(219): App/Http/Middleware/VerifyCsrfToken->handle(Object(Illuminate/Http/Request), Object(Closure))
#34 D:/Backend-game-topup/web/project/vendor/laravel/framework/src/Illuminate/View/Middleware/ShareErrorsFromSession.php(48): Illuminate/Pipeline/Pipeline->{closure:{closure:Illuminate/Pipeline/Pipeline::carry():194}:195}(Object(Illuminate/Http/Request))
#35 D:/Backend-game-topup/web/project/vendor/laravel/framework/src/Illuminate/Pipeline/Pipeline.php(219): Illuminate/View/Middleware/ShareErrorsFromSession->handle(Object(Illuminate/Http/Request), Object(Closure))
#36 D:/Backend-game-topup/web/project/vendor/laravel/framework/src/Illuminate/Session/Middleware/StartSession.php(120): Illuminate/Pipeline/Pipeline->{closure:{closure:Illuminate/Pipeline/Pipeline::carry():194}:195}(Object(Illuminate/Http/Request))
#37 D:/Backend-game-topup/web/project/vendor/laravel/framework/src/Illuminate/Session/Middleware/StartSession.php(63): Illuminate/Session/Middleware/StartSession->handleStatefulRequest(Object(Illuminate/Http/Request), Object(Illuminate/Session/EncryptedStore), Object(Closure))
#38 D:/Backend-game-topup/web/project/vendor/laravel/framework/src/Illuminate/Pipeline/Pipeline.php(219): Illuminate/Session/Middleware/StartSession->handle(Object(Illuminate/Http/Request), Object(Closure))
#39 D:/Backend-game-topup/web/project/vendor/laravel/framework/src/Illuminate/Cookie/Middleware/AddQueuedCookiesToResponse.php(36): Illuminate/Pipeline/Pipeline->{closure:{closure:Illuminate/Pipeline/Pipeline::carry():194}:195}(Object(Illuminate/Http/Request))
#40 D:/Backend-game-topup/web/project/vendor/laravel/framework/src/Illuminate/Pipeline/Pipeline.php(219): Illuminate/Cookie/Middleware/AddQueuedCookiesToResponse->handle(Object(Illuminate/Http/Request), Object(Closure))
#41 D:/Backend-game-topup/web/project/vendor/laravel/framework/src/Illuminate/Cookie/Middleware/EncryptCookies.php(74): Illuminate/Pipeline/Pipeline->{closure:{closure:Illuminate/Pipeline/Pipeline::carry():194}:195}(Object(Illuminate/Http/Request))
#42 D:/Backend-game-topup/web/project/vendor/laravel/framework/src/Illuminate/Pipeline/Pipeline.php(219): Illuminate/Cookie/Middleware/EncryptCookies->handle(Object(Illuminate/Http/Request), Object(Closure))
#43 D:/Backend-game-topup/web/project/vendor/laravel/framework/src/Illuminate/Pipeline/Pipeline.php(137): Illuminate/Pipeline/Pipeline->{closure:{closure:Illuminate/Pipeline/Pipeline::carry():194}:195}(Object(Illuminate/Http/Request))
#44 D:/Backend-game-topup/web/project/vendor/laravel/framework/src/Illuminate/Routing/Router.php(821): Illuminate/Pipeline/Pipeline->then(Object(Closure))
#45 D:/Backend-game-topup/web/project/vendor/laravel/framework/src/Illuminate/Routing/Router.php(800): Illuminate/Routing/Router->runRouteWithinStack(Object(Illuminate/Routing/Route), Object(Illuminate/Http/Request))
#46 D:/Backend-game-topup/web/project/vendor/laravel/framework/src/Illuminate/Routing/Router.php(764): Illuminate/Routing/Router->runRoute(Object(Illuminate/Http/Request), Object(Illuminate/Routing/Route))
#47 D:/Backend-game-topup/web/project/vendor/laravel/framework/src/Illuminate/Routing/Router.php(753): Illuminate/Routing/Router->dispatchToRoute(Object(Illuminate/Http/Request))
#48 D:/Backend-game-topup/web/project/vendor/laravel/framework/src/Illuminate/Foundation/Http/Kernel.php(200): Illuminate/Routing/Router->dispatch(Object(Illuminate/Http/Request))
#49 D:/Backend-game-topup/web/project/vendor/laravel/framework/src/Illuminate/Pipeline/Pipeline.php(180): Illuminate/Foundation/Http/Kernel->{closure:Illuminate/Foundation/Http/Kernel::dispatchToRouter():197}(Object(Illuminate/Http/Request))
#50 D:/Backend-game-topup/web/project/vendor/livewire/livewire/src/Features/SupportDisablingBackButtonCache/DisableBackButtonCacheMiddleware.php(19): Illuminate/Pipeline/Pipeline->{closure:Illuminate/Pipeline/Pipeline::prepareDestination():178}(Object(Illuminate/Http/Request))
#51 D:/Backend-game-topup/web/project/vendor/laravel/framework/src/Illuminate/Pipeline/Pipeline.php(219): Livewire/Features/SupportDisablingBackButtonCache/DisableBackButtonCacheMiddleware->handle(Object(Illuminate/Http/Request), Object(Closure))
#52 D:/Backend-game-topup/web/project/vendor/laravel/framework/src/Illuminate/Foundation/Http/Middleware/ConvertEmptyStringsToNull.php(27): Illuminate/Pipeline/Pipeline->{closure:{closure:Illuminate/Pipeline/Pipeline::carry():194}:195}(Object(Illuminate/Http/Request))
#53 D:/Backend-game-topup/web/project/vendor/laravel/framework/src/Illuminate/Pipeline/Pipeline.php(219): Illuminate/Foundation/Http/Middleware/ConvertEmptyStringsToNull->handle(Object(Illuminate/Http/Request), Object(Closure))
#54 D:/Backend-game-topup/web/project/vendor/laravel/framework/src/Illuminate/Foundation/Http/Middleware/TrimStrings.php(47): Illuminate/Pipeline/Pipeline->{closure:{closure:Illuminate/Pipeline/Pipeline::carry():194}:195}(Object(Illuminate/Http/Request))
#55 D:/Backend-game-topup/web/project/vendor/laravel/framework/src/Illuminate/Pipeline/Pipeline.php(219): Illuminate/Foundation/Http/Middleware/TrimStrings->handle(Object(Illuminate/Http/Request), Object(Closure))
#56 D:/Backend-game-topup/web/project/vendor/laravel/framework/src/Illuminate/Http/Middleware/ValidatePostSize.php(27): Illuminate/Pipeline/Pipeline->{closure:{closure:Illuminate/Pipeline/Pipeline::carry():194}:195}(Object(Illuminate/Http/Request))
#57 D:/Backend-game-topup/web/project/vendor/laravel/framework/src/Illuminate/Pipeline/Pipeline.php(219): Illuminate/Http/Middleware/ValidatePostSize->handle(Object(Illuminate/Http/Request), Object(Closure))
#58 D:/Backend-game-topup/web/project/vendor/laravel/framework/src/Illuminate/Foundation/Http/Middleware/PreventRequestsDuringMaintenance.php(109): Illuminate/Pipeline/Pipeline->{closure:{closure:Illuminate/Pipeline/Pipeline::carry():194}:195}(Object(Illuminate/Http/Request))
#59 D:/Backend-game-topup/web/project/vendor/laravel/framework/src/Illuminate/Pipeline/Pipeline.php(219): Illuminate/Foundation/Http/Middleware/PreventRequestsDuringMaintenance->handle(Object(Illuminate/Http/Request), Object(Closure))
#60 D:/Backend-game-topup/web/project/vendor/laravel/framework/src/Illuminate/Http/Middleware/HandleCors.php(48): Illuminate/Pipeline/Pipeline->{closure:{closure:Illuminate/Pipeline/Pipeline::carry():194}:195}(Object(Illuminate/Http/Request))
#61 D:/Backend-game-topup/web/project/vendor/laravel/framework/src/Illuminate/Pipeline/Pipeline.php(219): Illuminate/Http/Middleware/HandleCors->handle(Object(Illuminate/Http/Request), Object(Closure))
#62 D:/Backend-game-topup/web/project/vendor/laravel/framework/src/Illuminate/Http/Middleware/TrustProxies.php(58): Illuminate/Pipeline/Pipeline->{closure:{closure:Illuminate/Pipeline/Pipeline::carry():194}:195}(Object(Illuminate/Http/Request))
#63 D:/Backend-game-topup/web/project/vendor/laravel/framework/src/Illuminate/Pipeline/Pipeline.php(219): Illuminate/Http/Middleware/TrustProxies->handle(Object(Illuminate/Http/Request), Object(Closure))
#64 D:/Backend-game-topup/web/project/vendor/laravel/framework/src/Illuminate/Http/Middleware/TrustHosts.php(78): Illuminate/Pipeline/Pipeline->{closure:{closure:Illuminate/Pipeline/Pipeline::carry():194}:195}(Object(Illuminate/Http/Request))
#65 D:/Backend-game-topup/web/project/vendor/laravel/framework/src/Illuminate/Pipeline/Pipeline.php(219): Illuminate/Http/Middleware/TrustHosts->handle(Object(Illuminate/Http/Request), Object(Closure))
#66 D:/Backend-game-topup/web/project/vendor/laravel/framework/src/Illuminate/Pipeline/Pipeline.php(137): Illuminate/Pipeline/Pipeline->{closure:{closure:Illuminate/Pipeline/Pipeline::carry():194}:195}(Object(Illuminate/Http/Request))
#67 D:/Backend-game-topup/web/project/vendor/laravel/framework/src/Illuminate/Foundation/Http/Kernel.php(175): Illuminate/Pipeline/Pipeline->then(Object(Closure))
#68 D:/Backend-game-topup/web/project/vendor/laravel/framework/src/Illuminate/Foundation/Http/Kernel.php(144): Illuminate/Foundation/Http/Kernel->sendRequestThroughRouter(Object(Illuminate/Http/Request))
#69 D:/Backend-game-topup/web/project/public/index.php(51): Illuminate/Foundation/Http/Kernel->handle(Object(Illuminate/Http/Request))
#70 D:/Backend-game-topup/web/project/server.php(21): require_once('D://Backend-game...')
#71 {main}

[previous exception] [object] (PDOException(code: 23000): SQLSTATE[23000]: Integrity constraint violation: 1048 Column 'thumbnail' cannot be null at D:/Backend-game-topup/web/project/vendor/laravel/framework/src/Illuminate/Database/Connection.php:609)
[stacktrace]
#0 D:/Backend-game-topup/web/project/vendor/laravel/framework/src/Illuminate/Database/Connection.php(609): PDOStatement->execute()
#1 D:/Backend-game-topup/web/project/vendor/laravel/framework/src/Illuminate/Database/Connection.php(827): Illuminate/Database/Connection->{closure:Illuminate/Database/Connection::affectingStatement():597}('update `kategor...', Array)
#2 D:/Backend-game-topup/web/project/vendor/laravel/framework/src/Illuminate/Database/Connection.php(794): Illuminate/Database/Connection->runQueryCallback('update `kategor...', Array, Object(Closure))
#3 D:/Backend-game-topup/web/project/vendor/laravel/framework/src/Illuminate/Database/Connection.php(597): Illuminate/Database/Connection->run('update `kategor...', Array, Object(Closure))
#4 D:/Backend-game-topup/web/project/vendor/laravel/framework/src/Illuminate/Database/Connection.php(549): Illuminate/Database/Connection->affectingStatement('update `kategor...', Array)
#5 D:/Backend-game-topup/web/project/vendor/laravel/framework/src/Illuminate/Database/Query/Builder.php(4097): Illuminate/Database/Connection->update('update `kategor...', Array)
#6 D:/Backend-game-topup/web/project/vendor/laravel/framework/src/Illuminate/Database/Eloquent/Builder.php(1266): Illuminate/Database/Query/Builder->update(Object(Illuminate/Support/Collection))
#7 D:/Backend-game-topup/web/project/vendor/laravel/framework/src/Illuminate/Database/Eloquent/Model.php(1316): Illuminate/Database/Eloquent/Builder->update(Array)
#8 D:/Backend-game-topup/web/project/vendor/laravel/framework/src/Illuminate/Database/Eloquent/Model.php(1233): Illuminate/Database/Eloquent/Model->performUpdate(Object(Illuminate/Database/Eloquent/Builder))
#9 D:/Backend-game-topup/web/project/vendor/laravel/framework/src/Illuminate/Database/Eloquent/Model.php(1090): Illuminate/Database/Eloquent/Model->save(Array)
#10 D:/Backend-game-topup/web/project/vendor/filament/filament/src/Resources/Pages/EditRecord.php(258): Illuminate/Database/Eloquent/Model->update(Array)
#11 D:/Backend-game-topup/web/project/vendor/filament/filament/src/Resources/Pages/EditRecord.php(158): Filament/Resources/Pages/EditRecord->handleRecordUpdate(Object(App/Models/Kategori), Array)
#12 D:/Backend-game-topup/web/project/vendor/laravel/framework/src/Illuminate/Container/BoundMethod.php(36): Filament/Resources/Pages/EditRecord->save(true, true)
#13 D:/Backend-game-topup/web/project/vendor/laravel/framework/src/Illuminate/Container/Util.php(43): Illuminate/Container/BoundMethod::{closure:Illuminate/Container/BoundMethod::call():35}()
#14 D:/Backend-game-topup/web/project/vendor/laravel/framework/src/Illuminate/Container/BoundMethod.php(96): Illuminate/Container/Util::unwrapIfClosure(Object(Closure))
#15 D:/Backend-game-topup/web/project/vendor/laravel/framework/src/Illuminate/Container/BoundMethod.php(35): Illuminate/Container/BoundMethod::callBoundMethod(Object(Illuminate/Foundation/Application), Array, Object(Closure))
#16 D:/Backend-game-topup/web/project/vendor/livewire/livewire/src/Wrapped.php(23): Illuminate/Container/BoundMethod::call(Object(Illuminate/Foundation/Application), Array, Array)
#17 D:/Backend-game-topup/web/project/vendor/livewire/livewire/src/Mechanisms/HandleComponents/HandleComponents.php(492): Livewire/Wrapped->__call('save', Array)
#18 D:/Backend-game-topup/web/project/vendor/livewire/livewire/src/Mechanisms/HandleComponents/HandleComponents.php(101): Livewire/Mechanisms/HandleComponents/HandleComponents->callMethods(Object(App/Filament/Admin/Resources/Kategoris/Pages/EditKategori), Array, Object(Livewire/Mechanisms/HandleComponents/ComponentContext))
#19 D:/Backend-game-topup/web/project/vendor/livewire/livewire/src/LivewireManager.php(102): Livewire/Mechanisms/HandleComponents/HandleComponents->update(Array, Array, Array)
#20 D:/Backend-game-topup/web/project/vendor/livewire/livewire/src/Mechanisms/HandleRequests/HandleRequests.php(94): Livewire/LivewireManager->update(Array, Array, Array)
#21 D:/Backend-game-topup/web/project/vendor/laravel/framework/src/Illuminate/Routing/ControllerDispatcher.php(46): Livewire/Mechanisms/HandleRequests/HandleRequests->handleUpdate()
#22 D:/Backend-game-topup/web/project/vendor/laravel/framework/src/Illuminate/Routing/Route.php(265): Illuminate/Routing/ControllerDispatcher->dispatch(Object(Illuminate/Routing/Route), Object(Livewire/Mechanisms/HandleRequests/HandleRequests), 'handleUpdate')
#23 D:/Backend-game-topup/web/project/vendor/laravel/framework/src/Illuminate/Routing/Route.php(211): Illuminate/Routing/Route->runController()
#24 D:/Backend-game-topup/web/project/vendor/laravel/framework/src/Illuminate/Routing/Router.php(822): Illuminate/Routing/Route->run()
#25 D:/Backend-game-topup/web/project/vendor/laravel/framework/src/Illuminate/Pipeline/Pipeline.php(180): Illuminate/Routing/Router->{closure:Illuminate/Routing/Router::runRouteWithinStack():821}(Object(Illuminate/Http/Request))
#26 D:/Backend-game-topup/web/project/app/Http/Middleware/LanguageDetectMiddleware.php(24): Illuminate/Pipeline/Pipeline->{closure:Illuminate/Pipeline/Pipeline::prepareDestination():178}(Object(Illuminate/Http/Request))
#27 D:/Backend-game-topup/web/project/vendor/laravel/framework/src/Illuminate/Pipeline/Pipeline.php(219): App/Http/Middleware/LanguageDetectMiddleware->handle(Object(Illuminate/Http/Request), Object(Closure))
#28 D:/Backend-game-topup/web/project/app/Http/Middleware/TrackVisitors.php(33): Illuminate/Pipeline/Pipeline->{closure:{closure:Illuminate/Pipeline/Pipeline::carry():194}:195}(Object(Illuminate/Http/Request))
#29 D:/Backend-game-topup/web/project/vendor/laravel/framework/src/Illuminate/Pipeline/Pipeline.php(219): App/Http/Middleware/TrackVisitors->handle(Object(Illuminate/Http/Request), Object(Closure))
#30 D:/Backend-game-topup/web/project/app/Http/Middleware/AddExpirationDateToCookie.php(21): Illuminate/Pipeline/Pipeline->{closure:{closure:Illuminate/Pipeline/Pipeline::carry():194}:195}(Object(Illuminate/Http/Request))
#31 D:/Backend-game-topup/web/project/vendor/laravel/framework/src/Illuminate/Pipeline/Pipeline.php(219): App/Http/Middleware/AddExpirationDateToCookie->handle(Object(Illuminate/Http/Request), Object(Closure))
#32 D:/Backend-game-topup/web/project/vendor/laravel/framework/src/Illuminate/Routing/Middleware/SubstituteBindings.php(50): Illuminate/Pipeline/Pipeline->{closure:{closure:Illuminate/Pipeline/Pipeline::carry():194}:195}(Object(Illuminate/Http/Request))
#33 D:/Backend-game-topup/web/project/vendor/laravel/framework/src/Illuminate/Pipeline/Pipeline.php(219): Illuminate/Routing/Middleware/SubstituteBindings->handle(Object(Illuminate/Http/Request), Object(Closure))
#34 D:/Backend-game-topup/web/project/app/Http/Middleware/VerifyCsrfToken.php(31): Illuminate/Pipeline/Pipeline->{closure:{closure:Illuminate/Pipeline/Pipeline::carry():194}:195}(Object(Illuminate/Http/Request))
#35 D:/Backend-game-topup/web/project/vendor/laravel/framework/src/Illuminate/Pipeline/Pipeline.php(219): App/Http/Middleware/VerifyCsrfToken->handle(Object(Illuminate/Http/Request), Object(Closure))
#36 D:/Backend-game-topup/web/project/vendor/laravel/framework/src/Illuminate/View/Middleware/ShareErrorsFromSession.php(48): Illuminate/Pipeline/Pipeline->{closure:{closure:Illuminate/Pipeline/Pipeline::carry():194}:195}(Object(Illuminate/Http/Request))
#37 D:/Backend-game-topup/web/project/vendor/laravel/framework/src/Illuminate/Pipeline/Pipeline.php(219): Illuminate/View/Middleware/ShareErrorsFromSession->handle(Object(Illuminate/Http/Request), Object(Closure))
#38 D:/Backend-game-topup/web/project/vendor/laravel/framework/src/Illuminate/Session/Middleware/StartSession.php(120): Illuminate/Pipeline/Pipeline->{closure:{closure:Illuminate/Pipeline/Pipeline::carry():194}:195}(Object(Illuminate/Http/Request))
#39 D:/Backend-game-topup/web/project/vendor/laravel/framework/src/Illuminate/Session/Middleware/StartSession.php(63): Illuminate/Session/Middleware/StartSession->handleStatefulRequest(Object(Illuminate/Http/Request), Object(Illuminate/Session/EncryptedStore), Object(Closure))
#40 D:/Backend-game-topup/web/project/vendor/laravel/framework/src/Illuminate/Pipeline/Pipeline.php(219): Illuminate/Session/Middleware/StartSession->handle(Object(Illuminate/Http/Request), Object(Closure))
#41 D:/Backend-game-topup/web/project/vendor/laravel/framework/src/Illuminate/Cookie/Middleware/AddQueuedCookiesToResponse.php(36): Illuminate/Pipeline/Pipeline->{closure:{closure:Illuminate/Pipeline/Pipeline::carry():194}:195}(Object(Illuminate/Http/Request))
#42 D:/Backend-game-topup/web/project/vendor/laravel/framework/src/Illuminate/Pipeline/Pipeline.php(219): Illuminate/Cookie/Middleware/AddQueuedCookiesToResponse->handle(Object(Illuminate/Http/Request), Object(Closure))
#43 D:/Backend-game-topup/web/project/vendor/laravel/framework/src/Illuminate/Cookie/Middleware/EncryptCookies.php(74): Illuminate/Pipeline/Pipeline->{closure:{closure:Illuminate/Pipeline/Pipeline::carry():194}:195}(Object(Illuminate/Http/Request))
#44 D:/Backend-game-topup/web/project/vendor/laravel/framework/src/Illuminate/Pipeline/Pipeline.php(219): Illuminate/Cookie/Middleware/EncryptCookies->handle(Object(Illuminate/Http/Request), Object(Closure))
#45 D:/Backend-game-topup/web/project/vendor/laravel/framework/src/Illuminate/Pipeline/Pipeline.php(137): Illuminate/Pipeline/Pipeline->{closure:{closure:Illuminate/Pipeline/Pipeline::carry():194}:195}(Object(Illuminate/Http/Request))
#46 D:/Backend-game-topup/web/project/vendor/laravel/framework/src/Illuminate/Routing/Router.php(821): Illuminate/Pipeline/Pipeline->then(Object(Closure))
#47 D:/Backend-game-topup/web/project/vendor/laravel/framework/src/Illuminate/Routing/Router.php(800): Illuminate/Routing/Router->runRouteWithinStack(Object(Illuminate/Routing/Route), Object(Illuminate/Http/Request))
#48 D:/Backend-game-topup/web/project/vendor/laravel/framework/src/Illuminate/Routing/Router.php(764): Illuminate/Routing/Router->runRoute(Object(Illuminate/Http/Request), Object(Illuminate/Routing/Route))
#49 D:/Backend-game-topup/web/project/vendor/laravel/framework/src/Illuminate/Routing/Router.php(753): Illuminate/Routing/Router->dispatchToRoute(Object(Illuminate/Http/Request))
#50 D:/Backend-game-topup/web/project/vendor/laravel/framework/src/Illuminate/Foundation/Http/Kernel.php(200): Illuminate/Routing/Router->dispatch(Object(Illuminate/Http/Request))
#51 D:/Backend-game-topup/web/project/vendor/laravel/framework/src/Illuminate/Pipeline/Pipeline.php(180): Illuminate/Foundation/Http/Kernel->{closure:Illuminate/Foundation/Http/Kernel::dispatchToRouter():197}(Object(Illuminate/Http/Request))
#52 D:/Backend-game-topup/web/project/vendor/livewire/livewire/src/Features/SupportDisablingBackButtonCache/DisableBackButtonCacheMiddleware.php(19): Illuminate/Pipeline/Pipeline->{closure:Illuminate/Pipeline/Pipeline::prepareDestination():178}(Object(Illuminate/Http/Request))
#53 D:/Backend-game-topup/web/project/vendor/laravel/framework/src/Illuminate/Pipeline/Pipeline.php(219): Livewire/Features/SupportDisablingBackButtonCache/DisableBackButtonCacheMiddleware->handle(Object(Illuminate/Http/Request), Object(Closure))
#54 D:/Backend-game-topup/web/project/vendor/laravel/framework/src/Illuminate/Foundation/Http/Middleware/ConvertEmptyStringsToNull.php(27): Illuminate/Pipeline/Pipeline->{closure:{closure:Illuminate/Pipeline/Pipeline::carry():194}:195}(Object(Illuminate/Http/Request))
#55 D:/Backend-game-topup/web/project/vendor/laravel/framework/src/Illuminate/Pipeline/Pipeline.php(219): Illuminate/Foundation/Http/Middleware/ConvertEmptyStringsToNull->handle(Object(Illuminate/Http/Request), Object(Closure))
#56 D:/Backend-game-topup/web/project/vendor/laravel/framework/src/Illuminate/Foundation/Http/Middleware/TrimStrings.php(47): Illuminate/Pipeline/Pipeline->{closure:{closure:Illuminate/Pipeline/Pipeline::carry():194}:195}(Object(Illuminate/Http/Request))
#57 D:/Backend-game-topup/web/project/vendor/laravel/framework/src/Illuminate/Pipeline/Pipeline.php(219): Illuminate/Foundation/Http/Middleware/TrimStrings->handle(Object(Illuminate/Http/Request), Object(Closure))
#58 D:/Backend-game-topup/web/project/vendor/laravel/framework/src/Illuminate/Http/Middleware/ValidatePostSize.php(27): Illuminate/Pipeline/Pipeline->{closure:{closure:Illuminate/Pipeline/Pipeline::carry():194}:195}(Object(Illuminate/Http/Request))
#59 D:/Backend-game-topup/web/project/vendor/laravel/framework/src/Illuminate/Pipeline/Pipeline.php(219): Illuminate/Http/Middleware/ValidatePostSize->handle(Object(Illuminate/Http/Request), Object(Closure))
#60 D:/Backend-game-topup/web/project/vendor/laravel/framework/src/Illuminate/Foundation/Http/Middleware/PreventRequestsDuringMaintenance.php(109): Illuminate/Pipeline/Pipeline->{closure:{closure:Illuminate/Pipeline/Pipeline::carry():194}:195}(Object(Illuminate/Http/Request))
#61 D:/Backend-game-topup/web/project/vendor/laravel/framework/src/Illuminate/Pipeline/Pipeline.php(219): Illuminate/Foundation/Http/Middleware/PreventRequestsDuringMaintenance->handle(Object(Illuminate/Http/Request), Object(Closure))
#62 D:/Backend-game-topup/web/project/vendor/laravel/framework/src/Illuminate/Http/Middleware/HandleCors.php(48): Illuminate/Pipeline/Pipeline->{closure:{closure:Illuminate/Pipeline/Pipeline::carry():194}:195}(Object(Illuminate/Http/Request))
#63 D:/Backend-game-topup/web/project/vendor/laravel/framework/src/Illuminate/Pipeline/Pipeline.php(219): Illuminate/Http/Middleware/HandleCors->handle(Object(Illuminate/Http/Request), Object(Closure))
#64 D:/Backend-game-topup/web/project/vendor/laravel/framework/src/Illuminate/Http/Middleware/TrustProxies.php(58): Illuminate/Pipeline/Pipeline->{closure:{closure:Illuminate/Pipeline/Pipeline::carry():194}:195}(Object(Illuminate/Http/Request))
#65 D:/Backend-game-topup/web/project/vendor/laravel/framework/src/Illuminate/Pipeline/Pipeline.php(219): Illuminate/Http/Middleware/TrustProxies->handle(Object(Illuminate/Http/Request), Object(Closure))
#66 D:/Backend-game-topup/web/project/vendor/laravel/framework/src/Illuminate/Http/Middleware/TrustHosts.php(78): Illuminate/Pipeline/Pipeline->{closure:{closure:Illuminate/Pipeline/Pipeline::carry():194}:195}(Object(Illuminate/Http/Request))
#67 D:/Backend-game-topup/web/project/vendor/laravel/framework/src/Illuminate/Pipeline/Pipeline.php(219): Illuminate/Http/Middleware/TrustHosts->handle(Object(Illuminate/Http/Request), Object(Closure))
#68 D:/Backend-game-topup/web/project/vendor/laravel/framework/src/Illuminate/Pipeline/Pipeline.php(137): Illuminate/Pipeline/Pipeline->{closure:{closure:Illuminate/Pipeline/Pipeline::carry():194}:195}(Object(Illuminate/Http/Request))
#69 D:/Backend-game-topup/web/project/vendor/laravel/framework/src/Illuminate/Foundation/Http/Kernel.php(175): Illuminate/Pipeline/Pipeline->then(Object(Closure))
#70 D:/Backend-game-topup/web/project/vendor/laravel/framework/src/Illuminate/Foundation/Http/Kernel.php(144): Illuminate/Foundation/Http/Kernel->sendRequestThroughRouter(Object(Illuminate/Http/Request))
#71 D:/Backend-game-topup/web/project/public/index.php(51): Illuminate/Foundation/Http/Kernel->handle(Object(Illuminate/Http/Request))
#72 D:/Backend-game-topup/web/project/server.php(21): require_once('D://Backend-game...')
#73 {main}
"} 
[2026-02-02 17:33:33] local.ERROR: Exception occurred: Method Filament\Tables\Columns\ImageColumn::directory does not exist. {"exception":"[object] (BadMethodCallException(code: 0): Method Filament\\Tables\\Columns\\ImageColumn::directory does not exist. at D:/Backend-game-topup/web/project/vendor/filament/support/src/Concerns/Macroable.php:77)
[stacktrace]
#0 D:/Backend-game-topup/web/project/app/Filament/Admin/Resources/Kategoris/Tables/KategorisTable.php(40): Filament/Support/Components/Component->__call('directory', Array)
#1 D:/Backend-game-topup/web/project/app/Filament/Admin/Resources/Kategoris/KategoriResource.php(39): App/Filament/Admin/Resources/Kategoris/Tables/KategorisTable::configure(Object(Filament/Tables/Table))
#2 D:/Backend-game-topup/web/project/vendor/filament/filament/src/Resources/Resource.php(64): App/Filament/Admin/Resources/Kategoris/KategoriResource::table(Object(Filament/Tables/Table))
#3 D:/Backend-game-topup/web/project/vendor/filament/filament/src/Resources/Pages/ListRecords.php(196): Filament/Resources/Resource::configureTable(Object(Filament/Tables/Table))
#4 D:/Backend-game-topup/web/project/vendor/filament/tables/src/Concerns/InteractsWithTable.php(46): Filament/Resources/Pages/ListRecords->makeTable()
#5 D:/Backend-game-topup/web/project/vendor/laravel/framework/src/Illuminate/Container/BoundMethod.php(36): Filament/Resources/Pages/ListRecords->bootedInteractsWithTable()
#6 D:/Backend-game-topup/web/project/vendor/laravel/framework/src/Illuminate/Container/Util.php(43): Illuminate/Container/BoundMethod::{closure:Illuminate/Container/BoundMethod::call():35}()
#7 D:/Backend-game-topup/web/project/vendor/laravel/framework/src/Illuminate/Container/BoundMethod.php(96): Illuminate/Container/Util::unwrapIfClosure(Object(Closure))
#8 D:/Backend-game-topup/web/project/vendor/laravel/framework/src/Illuminate/Container/BoundMethod.php(35): Illuminate/Container/BoundMethod::callBoundMethod(Object(Illuminate/Foundation/Application), Array, Object(Closure))
#9 D:/Backend-game-topup/web/project/vendor/livewire/livewire/src/Wrapped.php(23): Illuminate/Container/BoundMethod::call(Object(Illuminate/Foundation/Application), Array, Array)
#10 D:/Backend-game-topup/web/project/vendor/livewire/livewire/src/Features/SupportLifecycleHooks/SupportLifecycleHooks.php(144): Livewire/Wrapped->__call('bootedInteracts...', Array)
#11 D:/Backend-game-topup/web/project/vendor/livewire/livewire/src/Features/SupportLifecycleHooks/SupportLifecycleHooks.php(24): Livewire/Features/SupportLifecycleHooks/SupportLifecycleHooks->callTraitHook('booted')
#12 D:/Backend-game-topup/web/project/vendor/livewire/livewire/src/ComponentHook.php(19): Livewire/Features/SupportLifecycleHooks/SupportLifecycleHooks->mount(Array, false)
#13 D:/Backend-game-topup/web/project/vendor/livewire/livewire/src/ComponentHookRegistry.php(45): Livewire/ComponentHook->callMount(Array, false)
#14 D:/Backend-game-topup/web/project/vendor/livewire/livewire/src/EventBus.php(60): Livewire/ComponentHookRegistry::{closure:Livewire/ComponentHookRegistry::boot():39}(Object(App/Filament/Admin/Resources/Kategoris/Pages/ListKategoris), Array, NULL, false)
#15 D:/Backend-game-topup/web/project/vendor/livewire/livewire/src/helpers.php(98): Livewire/EventBus->trigger('mount', Object(App/Filament/Admin/Resources/Kategoris/Pages/ListKategoris), Array, NULL, false)
#16 D:/Backend-game-topup/web/project/vendor/livewire/livewire/src/Mechanisms/HandleComponents/HandleComponents.php(50): Livewire/trigger('mount', Object(App/Filament/Admin/Resources/Kategoris/Pages/ListKategoris), Array, NULL, false)
#17 D:/Backend-game-topup/web/project/vendor/livewire/livewire/src/LivewireManager.php(73): Livewire/Mechanisms/HandleComponents/HandleComponents->mount('App//Filament//Ad...', Array, NULL)
#18 D:/Backend-game-topup/web/project/vendor/livewire/livewire/src/Features/SupportPageComponents/HandlesPageComponents.php(17): Livewire/LivewireManager->mount('App//Filament//Ad...', Array)
#19 D:/Backend-game-topup/web/project/vendor/livewire/livewire/src/Features/SupportPageComponents/SupportPageComponents.php(117): Livewire/Component->{closure:Livewire/Features/SupportPageComponents/HandlesPageComponents::__invoke():14}()
#20 D:/Backend-game-topup/web/project/vendor/livewire/livewire/src/Features/SupportPageComponents/HandlesPageComponents.php(14): Livewire/Features/SupportPageComponents/SupportPageComponents::interceptTheRenderOfTheComponentAndRetreiveTheLayoutConfiguration(Object(Closure))
#21 D:/Backend-game-topup/web/project/vendor/laravel/framework/src/Illuminate/Routing/ControllerDispatcher.php(46): Livewire/Component->__invoke()
#22 D:/Backend-game-topup/web/project/vendor/laravel/framework/src/Illuminate/Routing/Route.php(265): Illuminate/Routing/ControllerDispatcher->dispatch(Object(Illuminate/Routing/Route), Object(App/Filament/Admin/Resources/Kategoris/Pages/ListKategoris), '__invoke')
#23 D:/Backend-game-topup/web/project/vendor/laravel/framework/src/Illuminate/Routing/Route.php(211): Illuminate/Routing/Route->runController()
#24 D:/Backend-game-topup/web/project/vendor/laravel/framework/src/Illuminate/Routing/Router.php(822): Illuminate/Routing/Route->run()
#25 D:/Backend-game-topup/web/project/vendor/laravel/framework/src/Illuminate/Pipeline/Pipeline.php(180): Illuminate/Routing/Router->{closure:Illuminate/Routing/Router::runRouteWithinStack():821}(Object(Illuminate/Http/Request))
#26 D:/Backend-game-topup/web/project/app/Http/Middleware/CheckRole.php(22): Illuminate/Pipeline/Pipeline->{closure:Illuminate/Pipeline/Pipeline::prepareDestination():178}(Object(Illuminate/Http/Request))
#27 D:/Backend-game-topup/web/project/vendor/laravel/framework/src/Illuminate/Pipeline/Pipeline.php(219): App/Http/Middleware/CheckRole->handle(Object(Illuminate/Http/Request), Object(Closure))
#28 D:/Backend-game-topup/web/project/vendor/filament/filament/src/Http/Middleware/DispatchServingFilamentEvent.php(15): Illuminate/Pipeline/Pipeline->{closure:{closure:Illuminate/Pipeline/Pipeline::carry():194}:195}(Object(Illuminate/Http/Request))
#29 D:/Backend-game-topup/web/project/vendor/laravel/framework/src/Illuminate/Pipeline/Pipeline.php(219): Filament/Http/Middleware/DispatchServingFilamentEvent->handle(Object(Illuminate/Http/Request), Object(Closure))
#30 D:/Backend-game-topup/web/project/vendor/filament/filament/src/Http/Middleware/DisableBladeIconComponents.php(14): Illuminate/Pipeline/Pipeline->{closure:{closure:Illuminate/Pipeline/Pipeline::carry():194}:195}(Object(Illuminate/Http/Request))
#31 D:/Backend-game-topup/web/project/vendor/laravel/framework/src/Illuminate/Pipeline/Pipeline.php(219): Filament/Http/Middleware/DisableBladeIconComponents->handle(Object(Illuminate/Http/Request), Object(Closure))
#32 D:/Backend-game-topup/web/project/vendor/laravel/framework/src/Illuminate/Routing/Middleware/SubstituteBindings.php(50): Illuminate/Pipeline/Pipeline->{closure:{closure:Illuminate/Pipeline/Pipeline::carry():194}:195}(Object(Illuminate/Http/Request))
#33 D:/Backend-game-topup/web/project/vendor/laravel/framework/src/Illuminate/Pipeline/Pipeline.php(219): Illuminate/Routing/Middleware/SubstituteBindings->handle(Object(Illuminate/Http/Request), Object(Closure))
#34 D:/Backend-game-topup/web/project/vendor/laravel/framework/src/Illuminate/Foundation/Http/Middleware/VerifyCsrfToken.php(87): Illuminate/Pipeline/Pipeline->{closure:{closure:Illuminate/Pipeline/Pipeline::carry():194}:195}(Object(Illuminate/Http/Request))
#35 D:/Backend-game-topup/web/project/vendor/laravel/framework/src/Illuminate/Pipeline/Pipeline.php(219): Illuminate/Foundation/Http/Middleware/VerifyCsrfToken->handle(Object(Illuminate/Http/Request), Object(Closure))
#36 D:/Backend-game-topup/web/project/vendor/laravel/framework/src/Illuminate/Session/Middleware/AuthenticateSession.php(69): Illuminate/Pipeline/Pipeline->{closure:{closure:Illuminate/Pipeline/Pipeline::carry():194}:195}(Object(Illuminate/Http/Request))
#37 D:/Backend-game-topup/web/project/vendor/laravel/framework/src/Illuminate/Pipeline/Pipeline.php(219): Illuminate/Session/Middleware/AuthenticateSession->handle(Object(Illuminate/Http/Request), Object(Closure))
#38 D:/Backend-game-topup/web/project/vendor/laravel/framework/src/Illuminate/Auth/Middleware/Authenticate.php(63): Illuminate/Pipeline/Pipeline->{closure:{closure:Illuminate/Pipeline/Pipeline::carry():194}:195}(Object(Illuminate/Http/Request))
#39 D:/Backend-game-topup/web/project/vendor/laravel/framework/src/Illuminate/Pipeline/Pipeline.php(219): Illuminate/Auth/Middleware/Authenticate->handle(Object(Illuminate/Http/Request), Object(Closure))
#40 D:/Backend-game-topup/web/project/vendor/laravel/framework/src/Illuminate/View/Middleware/ShareErrorsFromSession.php(48): Illuminate/Pipeline/Pipeline->{closure:{closure:Illuminate/Pipeline/Pipeline::carry():194}:195}(Object(Illuminate/Http/Request))
#41 D:/Backend-game-topup/web/project/vendor/laravel/framework/src/Illuminate/Pipeline/Pipeline.php(219): Illuminate/View/Middleware/ShareErrorsFromSession->handle(Object(Illuminate/Http/Request), Object(Closure))
#42 D:/Backend-game-topup/web/project/vendor/laravel/framework/src/Illuminate/Session/Middleware/StartSession.php(120): Illuminate/Pipeline/Pipeline->{closure:{closure:Illuminate/Pipeline/Pipeline::carry():194}:195}(Object(Illuminate/Http/Request))
#43 D:/Backend-game-topup/web/project/vendor/laravel/framework/src/Illuminate/Session/Middleware/StartSession.php(63): Illuminate/Session/Middleware/StartSession->handleStatefulRequest(Object(Illuminate/Http/Request), Object(Illuminate/Session/EncryptedStore), Object(Closure))
#44 D:/Backend-game-topup/web/project/vendor/laravel/framework/src/Illuminate/Pipeline/Pipeline.php(219): Illuminate/Session/Middleware/StartSession->handle(Object(Illuminate/Http/Request), Object(Closure))
#45 D:/Backend-game-topup/web/project/vendor/laravel/framework/src/Illuminate/Cookie/Middleware/AddQueuedCookiesToResponse.php(36): Illuminate/Pipeline/Pipeline->{closure:{closure:Illuminate/Pipeline/Pipeline::carry():194}:195}(Object(Illuminate/Http/Request))
#46 D:/Backend-game-topup/web/project/vendor/laravel/framework/src/Illuminate/Pipeline/Pipeline.php(219): Illuminate/Cookie/Middleware/AddQueuedCookiesToResponse->handle(Object(Illuminate/Http/Request), Object(Closure))
#47 D:/Backend-game-topup/web/project/vendor/laravel/framework/src/Illuminate/Cookie/Middleware/EncryptCookies.php(74): Illuminate/Pipeline/Pipeline->{closure:{closure:Illuminate/Pipeline/Pipeline::carry():194}:195}(Object(Illuminate/Http/Request))
#48 D:/Backend-game-topup/web/project/vendor/laravel/framework/src/Illuminate/Pipeline/Pipeline.php(219): Illuminate/Cookie/Middleware/EncryptCookies->handle(Object(Illuminate/Http/Request), Object(Closure))
#49 D:/Backend-game-topup/web/project/vendor/filament/filament/src/Http/Middleware/SetUpPanel.php(19): Illuminate/Pipeline/Pipeline->{closure:{closure:Illuminate/Pipeline/Pipeline::carry():194}:195}(Object(Illuminate/Http/Request))
#50 D:/Backend-game-topup/web/project/vendor/laravel/framework/src/Illuminate/Pipeline/Pipeline.php(219): Filament/Http/Middleware/SetUpPanel->handle(Object(Illuminate/Http/Request), Object(Closure), Object(Filament/Panel))
#51 D:/Backend-game-topup/web/project/vendor/laravel/framework/src/Illuminate/Pipeline/Pipeline.php(137): Illuminate/Pipeline/Pipeline->{closure:{closure:Illuminate/Pipeline/Pipeline::carry():194}:195}(Object(Illuminate/Http/Request))
#52 D:/Backend-game-topup/web/project/vendor/laravel/framework/src/Illuminate/Routing/Router.php(821): Illuminate/Pipeline/Pipeline->then(Object(Closure))
#53 D:/Backend-game-topup/web/project/vendor/laravel/framework/src/Illuminate/Routing/Router.php(800): Illuminate/Routing/Router->runRouteWithinStack(Object(Illuminate/Routing/Route), Object(Illuminate/Http/Request))
#54 D:/Backend-game-topup/web/project/vendor/laravel/framework/src/Illuminate/Routing/Router.php(764): Illuminate/Routing/Router->runRoute(Object(Illuminate/Http/Request), Object(Illuminate/Routing/Route))
#55 D:/Backend-game-topup/web/project/vendor/laravel/framework/src/Illuminate/Routing/Router.php(753): Illuminate/Routing/Router->dispatchToRoute(Object(Illuminate/Http/Request))
#56 D:/Backend-game-topup/web/project/vendor/laravel/framework/src/Illuminate/Foundation/Http/Kernel.php(200): Illuminate/Routing/Router->dispatch(Object(Illuminate/Http/Request))
#57 D:/Backend-game-topup/web/project/vendor/laravel/framework/src/Illuminate/Pipeline/Pipeline.php(180): Illuminate/Foundation/Http/Kernel->{closure:Illuminate/Foundation/Http/Kernel::dispatchToRouter():197}(Object(Illuminate/Http/Request))
#58 D:/Backend-game-topup/web/project/vendor/livewire/livewire/src/Features/SupportDisablingBackButtonCache/DisableBackButtonCacheMiddleware.php(19): Illuminate/Pipeline/Pipeline->{closure:Illuminate/Pipeline/Pipeline::prepareDestination():178}(Object(Illuminate/Http/Request))
#59 D:/Backend-game-topup/web/project/vendor/laravel/framework/src/Illuminate/Pipeline/Pipeline.php(219): Livewire/Features/SupportDisablingBackButtonCache/DisableBackButtonCacheMiddleware->handle(Object(Illuminate/Http/Request), Object(Closure))
#60 D:/Backend-game-topup/web/project/vendor/laravel/framework/src/Illuminate/Foundation/Http/Middleware/TransformsRequest.php(21): Illuminate/Pipeline/Pipeline->{closure:{closure:Illuminate/Pipeline/Pipeline::carry():194}:195}(Object(Illuminate/Http/Request))
#61 D:/Backend-game-topup/web/project/vendor/laravel/framework/src/Illuminate/Foundation/Http/Middleware/ConvertEmptyStringsToNull.php(31): Illuminate/Foundation/Http/Middleware/TransformsRequest->handle(Object(Illuminate/Http/Request), Object(Closure))
#62 D:/Backend-game-topup/web/project/vendor/laravel/framework/src/Illuminate/Pipeline/Pipeline.php(219): Illuminate/Foundation/Http/Middleware/ConvertEmptyStringsToNull->handle(Object(Illuminate/Http/Request), Object(Closure))
#63 D:/Backend-game-topup/web/project/vendor/laravel/framework/src/Illuminate/Foundation/Http/Middleware/TransformsRequest.php(21): Illuminate/Pipeline/Pipeline->{closure:{closure:Illuminate/Pipeline/Pipeline::carry():194}:195}(Object(Illuminate/Http/Request))
#64 D:/Backend-game-topup/web/project/vendor/laravel/framework/src/Illuminate/Foundation/Http/Middleware/TrimStrings.php(51): Illuminate/Foundation/Http/Middleware/TransformsRequest->handle(Object(Illuminate/Http/Request), Object(Closure))
#65 D:/Backend-game-topup/web/project/vendor/laravel/framework/src/Illuminate/Pipeline/Pipeline.php(219): Illuminate/Foundation/Http/Middleware/TrimStrings->handle(Object(Illuminate/Http/Request), Object(Closure))
#66 D:/Backend-game-topup/web/project/vendor/laravel/framework/src/Illuminate/Http/Middleware/ValidatePostSize.php(27): Illuminate/Pipeline/Pipeline->{closure:{closure:Illuminate/Pipeline/Pipeline::carry():194}:195}(Object(Illuminate/Http/Request))
#67 D:/Backend-game-topup/web/project/vendor/laravel/framework/src/Illuminate/Pipeline/Pipeline.php(219): Illuminate/Http/Middleware/ValidatePostSize->handle(Object(Illuminate/Http/Request), Object(Closure))
#68 D:/Backend-game-topup/web/project/vendor/laravel/framework/src/Illuminate/Foundation/Http/Middleware/PreventRequestsDuringMaintenance.php(109): Illuminate/Pipeline/Pipeline->{closure:{closure:Illuminate/Pipeline/Pipeline::carry():194}:195}(Object(Illuminate/Http/Request))
#69 D:/Backend-game-topup/web/project/vendor/laravel/framework/src/Illuminate/Pipeline/Pipeline.php(219): Illuminate/Foundation/Http/Middleware/PreventRequestsDuringMaintenance->handle(Object(Illuminate/Http/Request), Object(Closure))
#70 D:/Backend-game-topup/web/project/vendor/laravel/framework/src/Illuminate/Http/Middleware/HandleCors.php(48): Illuminate/Pipeline/Pipeline->{closure:{closure:Illuminate/Pipeline/Pipeline::carry():194}:195}(Object(Illuminate/Http/Request))
#71 D:/Backend-game-topup/web/project/vendor/laravel/framework/src/Illuminate/Pipeline/Pipeline.php(219): Illuminate/Http/Middleware/HandleCors->handle(Object(Illuminate/Http/Request), Object(Closure))
#72 D:/Backend-game-topup/web/project/vendor/laravel/framework/src/Illuminate/Http/Middleware/TrustProxies.php(58): Illuminate/Pipeline/Pipeline->{closure:{closure:Illuminate/Pipeline/Pipeline::carry():194}:195}(Object(Illuminate/Http/Request))
#73 D:/Backend-game-topup/web/project/vendor/laravel/framework/src/Illuminate/Pipeline/Pipeline.php(219): Illuminate/Http/Middleware/TrustProxies->handle(Object(Illuminate/Http/Request), Object(Closure))
#74 D:/Backend-game-topup/web/project/vendor/laravel/framework/src/Illuminate/Http/Middleware/TrustHosts.php(78): Illuminate/Pipeline/Pipeline->{closure:{closure:Illuminate/Pipeline/Pipeline::carry():194}:195}(Object(Illuminate/Http/Request))
#75 D:/Backend-game-topup/web/project/vendor/laravel/framework/src/Illuminate/Pipeline/Pipeline.php(219): Illuminate/Http/Middleware/TrustHosts->handle(Object(Illuminate/Http/Request), Object(Closure))
#76 D:/Backend-game-topup/web/project/vendor/laravel/framework/src/Illuminate/Pipeline/Pipeline.php(137): Illuminate/Pipeline/Pipeline->{closure:{closure:Illuminate/Pipeline/Pipeline::carry():194}:195}(Object(Illuminate/Http/Request))
#77 D:/Backend-game-topup/web/project/vendor/laravel/framework/src/Illuminate/Foundation/Http/Kernel.php(175): Illuminate/Pipeline/Pipeline->then(Object(Closure))
#78 D:/Backend-game-topup/web/project/vendor/laravel/framework/src/Illuminate/Foundation/Http/Kernel.php(144): Illuminate/Foundation/Http/Kernel->sendRequestThroughRouter(Object(Illuminate/Http/Request))
#79 D:/Backend-game-topup/web/project/public/index.php(51): Illuminate/Foundation/Http/Kernel->handle(Object(Illuminate/Http/Request))
#80 D:/Backend-game-topup/web/project/server.php(21): require_once('D://Backend-game...')
#81 {main}
"} 
[2026-02-02 17:33:33] local.ERROR: Method Filament\Tables\Columns\ImageColumn::directory does not exist. {"userId":350,"exception":"[object] (BadMethodCallException(code: 0): Method Filament\\Tables\\Columns\\ImageColumn::directory does not exist. at D:/Backend-game-topup/web/project/vendor/filament/support/src/Concerns/Macroable.php:77)
[stacktrace]
#0 D:/Backend-game-topup/web/project/app/Filament/Admin/Resources/Kategoris/Tables/KategorisTable.php(40): Filament/Support/Components/Component->__call('directory', Array)
#1 D:/Backend-game-topup/web/project/app/Filament/Admin/Resources/Kategoris/KategoriResource.php(39): App/Filament/Admin/Resources/Kategoris/Tables/KategorisTable::configure(Object(Filament/Tables/Table))
#2 D:/Backend-game-topup/web/project/vendor/filament/filament/src/Resources/Resource.php(64): App/Filament/Admin/Resources/Kategoris/KategoriResource::table(Object(Filament/Tables/Table))
#3 D:/Backend-game-topup/web/project/vendor/filament/filament/src/Resources/Pages/ListRecords.php(196): Filament/Resources/Resource::configureTable(Object(Filament/Tables/Table))
#4 D:/Backend-game-topup/web/project/vendor/filament/tables/src/Concerns/InteractsWithTable.php(46): Filament/Resources/Pages/ListRecords->makeTable()
#5 D:/Backend-game-topup/web/project/vendor/laravel/framework/src/Illuminate/Container/BoundMethod.php(36): Filament/Resources/Pages/ListRecords->bootedInteractsWithTable()
#6 D:/Backend-game-topup/web/project/vendor/laravel/framework/src/Illuminate/Container/Util.php(43): Illuminate/Container/BoundMethod::{closure:Illuminate/Container/BoundMethod::call():35}()
#7 D:/Backend-game-topup/web/project/vendor/laravel/framework/src/Illuminate/Container/BoundMethod.php(96): Illuminate/Container/Util::unwrapIfClosure(Object(Closure))
#8 D:/Backend-game-topup/web/project/vendor/laravel/framework/src/Illuminate/Container/BoundMethod.php(35): Illuminate/Container/BoundMethod::callBoundMethod(Object(Illuminate/Foundation/Application), Array, Object(Closure))
#9 D:/Backend-game-topup/web/project/vendor/livewire/livewire/src/Wrapped.php(23): Illuminate/Container/BoundMethod::call(Object(Illuminate/Foundation/Application), Array, Array)
#10 D:/Backend-game-topup/web/project/vendor/livewire/livewire/src/Features/SupportLifecycleHooks/SupportLifecycleHooks.php(144): Livewire/Wrapped->__call('bootedInteracts...', Array)
#11 D:/Backend-game-topup/web/project/vendor/livewire/livewire/src/Features/SupportLifecycleHooks/SupportLifecycleHooks.php(24): Livewire/Features/SupportLifecycleHooks/SupportLifecycleHooks->callTraitHook('booted')
#12 D:/Backend-game-topup/web/project/vendor/livewire/livewire/src/ComponentHook.php(19): Livewire/Features/SupportLifecycleHooks/SupportLifecycleHooks->mount(Array, false)
#13 D:/Backend-game-topup/web/project/vendor/livewire/livewire/src/ComponentHookRegistry.php(45): Livewire/ComponentHook->callMount(Array, false)
#14 D:/Backend-game-topup/web/project/vendor/livewire/livewire/src/EventBus.php(60): Livewire/ComponentHookRegistry::{closure:Livewire/ComponentHookRegistry::boot():39}(Object(App/Filament/Admin/Resources/Kategoris/Pages/ListKategoris), Array, NULL, false)
#15 D:/Backend-game-topup/web/project/vendor/livewire/livewire/src/helpers.php(98): Livewire/EventBus->trigger('mount', Object(App/Filament/Admin/Resources/Kategoris/Pages/ListKategoris), Array, NULL, false)
#16 D:/Backend-game-topup/web/project/vendor/livewire/livewire/src/Mechanisms/HandleComponents/HandleComponents.php(50): Livewire/trigger('mount', Object(App/Filament/Admin/Resources/Kategoris/Pages/ListKategoris), Array, NULL, false)
#17 D:/Backend-game-topup/web/project/vendor/livewire/livewire/src/LivewireManager.php(73): Livewire/Mechanisms/HandleComponents/HandleComponents->mount('App//Filament//Ad...', Array, NULL)
#18 D:/Backend-game-topup/web/project/vendor/livewire/livewire/src/Features/SupportPageComponents/HandlesPageComponents.php(17): Livewire/LivewireManager->mount('App//Filament//Ad...', Array)
#19 D:/Backend-game-topup/web/project/vendor/livewire/livewire/src/Features/SupportPageComponents/SupportPageComponents.php(117): Livewire/Component->{closure:Livewire/Features/SupportPageComponents/HandlesPageComponents::__invoke():14}()
#20 D:/Backend-game-topup/web/project/vendor/livewire/livewire/src/Features/SupportPageComponents/HandlesPageComponents.php(14): Livewire/Features/SupportPageComponents/SupportPageComponents::interceptTheRenderOfTheComponentAndRetreiveTheLayoutConfiguration(Object(Closure))
#21 D:/Backend-game-topup/web/project/vendor/laravel/framework/src/Illuminate/Routing/ControllerDispatcher.php(46): Livewire/Component->__invoke()
#22 D:/Backend-game-topup/web/project/vendor/laravel/framework/src/Illuminate/Routing/Route.php(265): Illuminate/Routing/ControllerDispatcher->dispatch(Object(Illuminate/Routing/Route), Object(App/Filament/Admin/Resources/Kategoris/Pages/ListKategoris), '__invoke')
#23 D:/Backend-game-topup/web/project/vendor/laravel/framework/src/Illuminate/Routing/Route.php(211): Illuminate/Routing/Route->runController()
#24 D:/Backend-game-topup/web/project/vendor/laravel/framework/src/Illuminate/Routing/Router.php(822): Illuminate/Routing/Route->run()
#25 D:/Backend-game-topup/web/project/vendor/laravel/framework/src/Illuminate/Pipeline/Pipeline.php(180): Illuminate/Routing/Router->{closure:Illuminate/Routing/Router::runRouteWithinStack():821}(Object(Illuminate/Http/Request))
#26 D:/Backend-game-topup/web/project/app/Http/Middleware/CheckRole.php(22): Illuminate/Pipeline/Pipeline->{closure:Illuminate/Pipeline/Pipeline::prepareDestination():178}(Object(Illuminate/Http/Request))
#27 D:/Backend-game-topup/web/project/vendor/laravel/framework/src/Illuminate/Pipeline/Pipeline.php(219): App/Http/Middleware/CheckRole->handle(Object(Illuminate/Http/Request), Object(Closure))
#28 D:/Backend-game-topup/web/project/vendor/filament/filament/src/Http/Middleware/DispatchServingFilamentEvent.php(15): Illuminate/Pipeline/Pipeline->{closure:{closure:Illuminate/Pipeline/Pipeline::carry():194}:195}(Object(Illuminate/Http/Request))
#29 D:/Backend-game-topup/web/project/vendor/laravel/framework/src/Illuminate/Pipeline/Pipeline.php(219): Filament/Http/Middleware/DispatchServingFilamentEvent->handle(Object(Illuminate/Http/Request), Object(Closure))
#30 D:/Backend-game-topup/web/project/vendor/filament/filament/src/Http/Middleware/DisableBladeIconComponents.php(14): Illuminate/Pipeline/Pipeline->{closure:{closure:Illuminate/Pipeline/Pipeline::carry():194}:195}(Object(Illuminate/Http/Request))
#31 D:/Backend-game-topup/web/project/vendor/laravel/framework/src/Illuminate/Pipeline/Pipeline.php(219): Filament/Http/Middleware/DisableBladeIconComponents->handle(Object(Illuminate/Http/Request), Object(Closure))
#32 D:/Backend-game-topup/web/project/vendor/laravel/framework/src/Illuminate/Routing/Middleware/SubstituteBindings.php(50): Illuminate/Pipeline/Pipeline->{closure:{closure:Illuminate/Pipeline/Pipeline::carry():194}:195}(Object(Illuminate/Http/Request))
#33 D:/Backend-game-topup/web/project/vendor/laravel/framework/src/Illuminate/Pipeline/Pipeline.php(219): Illuminate/Routing/Middleware/SubstituteBindings->handle(Object(Illuminate/Http/Request), Object(Closure))
#34 D:/Backend-game-topup/web/project/vendor/laravel/framework/src/Illuminate/Foundation/Http/Middleware/VerifyCsrfToken.php(87): Illuminate/Pipeline/Pipeline->{closure:{closure:Illuminate/Pipeline/Pipeline::carry():194}:195}(Object(Illuminate/Http/Request))
#35 D:/Backend-game-topup/web/project/vendor/laravel/framework/src/Illuminate/Pipeline/Pipeline.php(219): Illuminate/Foundation/Http/Middleware/VerifyCsrfToken->handle(Object(Illuminate/Http/Request), Object(Closure))
#36 D:/Backend-game-topup/web/project/vendor/laravel/framework/src/Illuminate/Session/Middleware/AuthenticateSession.php(69): Illuminate/Pipeline/Pipeline->{closure:{closure:Illuminate/Pipeline/Pipeline::carry():194}:195}(Object(Illuminate/Http/Request))
#37 D:/Backend-game-topup/web/project/vendor/laravel/framework/src/Illuminate/Pipeline/Pipeline.php(219): Illuminate/Session/Middleware/AuthenticateSession->handle(Object(Illuminate/Http/Request), Object(Closure))
#38 D:/Backend-game-topup/web/project/vendor/laravel/framework/src/Illuminate/Auth/Middleware/Authenticate.php(63): Illuminate/Pipeline/Pipeline->{closure:{closure:Illuminate/Pipeline/Pipeline::carry():194}:195}(Object(Illuminate/Http/Request))
#39 D:/Backend-game-topup/web/project/vendor/laravel/framework/src/Illuminate/Pipeline/Pipeline.php(219): Illuminate/Auth/Middleware/Authenticate->handle(Object(Illuminate/Http/Request), Object(Closure))
#40 D:/Backend-game-topup/web/project/vendor/laravel/framework/src/Illuminate/View/Middleware/ShareErrorsFromSession.php(48): Illuminate/Pipeline/Pipeline->{closure:{closure:Illuminate/Pipeline/Pipeline::carry():194}:195}(Object(Illuminate/Http/Request))
#41 D:/Backend-game-topup/web/project/vendor/laravel/framework/src/Illuminate/Pipeline/Pipeline.php(219): Illuminate/View/Middleware/ShareErrorsFromSession->handle(Object(Illuminate/Http/Request), Object(Closure))
#42 D:/Backend-game-topup/web/project/vendor/laravel/framework/src/Illuminate/Session/Middleware/StartSession.php(120): Illuminate/Pipeline/Pipeline->{closure:{closure:Illuminate/Pipeline/Pipeline::carry():194}:195}(Object(Illuminate/Http/Request))
#43 D:/Backend-game-topup/web/project/vendor/laravel/framework/src/Illuminate/Session/Middleware/StartSession.php(63): Illuminate/Session/Middleware/StartSession->handleStatefulRequest(Object(Illuminate/Http/Request), Object(Illuminate/Session/EncryptedStore), Object(Closure))
#44 D:/Backend-game-topup/web/project/vendor/laravel/framework/src/Illuminate/Pipeline/Pipeline.php(219): Illuminate/Session/Middleware/StartSession->handle(Object(Illuminate/Http/Request), Object(Closure))
#45 D:/Backend-game-topup/web/project/vendor/laravel/framework/src/Illuminate/Cookie/Middleware/AddQueuedCookiesToResponse.php(36): Illuminate/Pipeline/Pipeline->{closure:{closure:Illuminate/Pipeline/Pipeline::carry():194}:195}(Object(Illuminate/Http/Request))
#46 D:/Backend-game-topup/web/project/vendor/laravel/framework/src/Illuminate/Pipeline/Pipeline.php(219): Illuminate/Cookie/Middleware/AddQueuedCookiesToResponse->handle(Object(Illuminate/Http/Request), Object(Closure))
#47 D:/Backend-game-topup/web/project/vendor/laravel/framework/src/Illuminate/Cookie/Middleware/EncryptCookies.php(74): Illuminate/Pipeline/Pipeline->{closure:{closure:Illuminate/Pipeline/Pipeline::carry():194}:195}(Object(Illuminate/Http/Request))
#48 D:/Backend-game-topup/web/project/vendor/laravel/framework/src/Illuminate/Pipeline/Pipeline.php(219): Illuminate/Cookie/Middleware/EncryptCookies->handle(Object(Illuminate/Http/Request), Object(Closure))
#49 D:/Backend-game-topup/web/project/vendor/filament/filament/src/Http/Middleware/SetUpPanel.php(19): Illuminate/Pipeline/Pipeline->{closure:{closure:Illuminate/Pipeline/Pipeline::carry():194}:195}(Object(Illuminate/Http/Request))
#50 D:/Backend-game-topup/web/project/vendor/laravel/framework/src/Illuminate/Pipeline/Pipeline.php(219): Filament/Http/Middleware/SetUpPanel->handle(Object(Illuminate/Http/Request), Object(Closure), Object(Filament/Panel))
#51 D:/Backend-game-topup/web/project/vendor/laravel/framework/src/Illuminate/Pipeline/Pipeline.php(137): Illuminate/Pipeline/Pipeline->{closure:{closure:Illuminate/Pipeline/Pipeline::carry():194}:195}(Object(Illuminate/Http/Request))
#52 D:/Backend-game-topup/web/project/vendor/laravel/framework/src/Illuminate/Routing/Router.php(821): Illuminate/Pipeline/Pipeline->then(Object(Closure))
#53 D:/Backend-game-topup/web/project/vendor/laravel/framework/src/Illuminate/Routing/Router.php(800): Illuminate/Routing/Router->runRouteWithinStack(Object(Illuminate/Routing/Route), Object(Illuminate/Http/Request))
#54 D:/Backend-game-topup/web/project/vendor/laravel/framework/src/Illuminate/Routing/Router.php(764): Illuminate/Routing/Router->runRoute(Object(Illuminate/Http/Request), Object(Illuminate/Routing/Route))
#55 D:/Backend-game-topup/web/project/vendor/laravel/framework/src/Illuminate/Routing/Router.php(753): Illuminate/Routing/Router->dispatchToRoute(Object(Illuminate/Http/Request))
#56 D:/Backend-game-topup/web/project/vendor/laravel/framework/src/Illuminate/Foundation/Http/Kernel.php(200): Illuminate/Routing/Router->dispatch(Object(Illuminate/Http/Request))
#57 D:/Backend-game-topup/web/project/vendor/laravel/framework/src/Illuminate/Pipeline/Pipeline.php(180): Illuminate/Foundation/Http/Kernel->{closure:Illuminate/Foundation/Http/Kernel::dispatchToRouter():197}(Object(Illuminate/Http/Request))
#58 D:/Backend-game-topup/web/project/vendor/livewire/livewire/src/Features/SupportDisablingBackButtonCache/DisableBackButtonCacheMiddleware.php(19): Illuminate/Pipeline/Pipeline->{closure:Illuminate/Pipeline/Pipeline::prepareDestination():178}(Object(Illuminate/Http/Request))
#59 D:/Backend-game-topup/web/project/vendor/laravel/framework/src/Illuminate/Pipeline/Pipeline.php(219): Livewire/Features/SupportDisablingBackButtonCache/DisableBackButtonCacheMiddleware->handle(Object(Illuminate/Http/Request), Object(Closure))
#60 D:/Backend-game-topup/web/project/vendor/laravel/framework/src/Illuminate/Foundation/Http/Middleware/TransformsRequest.php(21): Illuminate/Pipeline/Pipeline->{closure:{closure:Illuminate/Pipeline/Pipeline::carry():194}:195}(Object(Illuminate/Http/Request))
#61 D:/Backend-game-topup/web/project/vendor/laravel/framework/src/Illuminate/Foundation/Http/Middleware/ConvertEmptyStringsToNull.php(31): Illuminate/Foundation/Http/Middleware/TransformsRequest->handle(Object(Illuminate/Http/Request), Object(Closure))
#62 D:/Backend-game-topup/web/project/vendor/laravel/framework/src/Illuminate/Pipeline/Pipeline.php(219): Illuminate/Foundation/Http/Middleware/ConvertEmptyStringsToNull->handle(Object(Illuminate/Http/Request), Object(Closure))
#63 D:/Backend-game-topup/web/project/vendor/laravel/framework/src/Illuminate/Foundation/Http/Middleware/TransformsRequest.php(21): Illuminate/Pipeline/Pipeline->{closure:{closure:Illuminate/Pipeline/Pipeline::carry():194}:195}(Object(Illuminate/Http/Request))
#64 D:/Backend-game-topup/web/project/vendor/laravel/framework/src/Illuminate/Foundation/Http/Middleware/TrimStrings.php(51): Illuminate/Foundation/Http/Middleware/TransformsRequest->handle(Object(Illuminate/Http/Request), Object(Closure))
#65 D:/Backend-game-topup/web/project/vendor/laravel/framework/src/Illuminate/Pipeline/Pipeline.php(219): Illuminate/Foundation/Http/Middleware/TrimStrings->handle(Object(Illuminate/Http/Request), Object(Closure))
#66 D:/Backend-game-topup/web/project/vendor/laravel/framework/src/Illuminate/Http/Middleware/ValidatePostSize.php(27): Illuminate/Pipeline/Pipeline->{closure:{closure:Illuminate/Pipeline/Pipeline::carry():194}:195}(Object(Illuminate/Http/Request))
#67 D:/Backend-game-topup/web/project/vendor/laravel/framework/src/Illuminate/Pipeline/Pipeline.php(219): Illuminate/Http/Middleware/ValidatePostSize->handle(Object(Illuminate/Http/Request), Object(Closure))
#68 D:/Backend-game-topup/web/project/vendor/laravel/framework/src/Illuminate/Foundation/Http/Middleware/PreventRequestsDuringMaintenance.php(109): Illuminate/Pipeline/Pipeline->{closure:{closure:Illuminate/Pipeline/Pipeline::carry():194}:195}(Object(Illuminate/Http/Request))
#69 D:/Backend-game-topup/web/project/vendor/laravel/framework/src/Illuminate/Pipeline/Pipeline.php(219): Illuminate/Foundation/Http/Middleware/PreventRequestsDuringMaintenance->handle(Object(Illuminate/Http/Request), Object(Closure))
#70 D:/Backend-game-topup/web/project/vendor/laravel/framework/src/Illuminate/Http/Middleware/HandleCors.php(48): Illuminate/Pipeline/Pipeline->{closure:{closure:Illuminate/Pipeline/Pipeline::carry():194}:195}(Object(Illuminate/Http/Request))
#71 D:/Backend-game-topup/web/project/vendor/laravel/framework/src/Illuminate/Pipeline/Pipeline.php(219): Illuminate/Http/Middleware/HandleCors->handle(Object(Illuminate/Http/Request), Object(Closure))
#72 D:/Backend-game-topup/web/project/vendor/laravel/framework/src/Illuminate/Http/Middleware/TrustProxies.php(58): Illuminate/Pipeline/Pipeline->{closure:{closure:Illuminate/Pipeline/Pipeline::carry():194}:195}(Object(Illuminate/Http/Request))
#73 D:/Backend-game-topup/web/project/vendor/laravel/framework/src/Illuminate/Pipeline/Pipeline.php(219): Illuminate/Http/Middleware/TrustProxies->handle(Object(Illuminate/Http/Request), Object(Closure))
#74 D:/Backend-game-topup/web/project/vendor/laravel/framework/src/Illuminate/Http/Middleware/TrustHosts.php(78): Illuminate/Pipeline/Pipeline->{closure:{closure:Illuminate/Pipeline/Pipeline::carry():194}:195}(Object(Illuminate/Http/Request))
#75 D:/Backend-game-topup/web/project/vendor/laravel/framework/src/Illuminate/Pipeline/Pipeline.php(219): Illuminate/Http/Middleware/TrustHosts->handle(Object(Illuminate/Http/Request), Object(Closure))
#76 D:/Backend-game-topup/web/project/vendor/laravel/framework/src/Illuminate/Pipeline/Pipeline.php(137): Illuminate/Pipeline/Pipeline->{closure:{closure:Illuminate/Pipeline/Pipeline::carry():194}:195}(Object(Illuminate/Http/Request))
#77 D:/Backend-game-topup/web/project/vendor/laravel/framework/src/Illuminate/Foundation/Http/Kernel.php(175): Illuminate/Pipeline/Pipeline->then(Object(Closure))
#78 D:/Backend-game-topup/web/project/vendor/laravel/framework/src/Illuminate/Foundation/Http/Kernel.php(144): Illuminate/Foundation/Http/Kernel->sendRequestThroughRouter(Object(Illuminate/Http/Request))
#79 D:/Backend-game-topup/web/project/public/index.php(51): Illuminate/Foundation/Http/Kernel->handle(Object(Illuminate/Http/Request))
#80 D:/Backend-game-topup/web/project/server.php(21): require_once('D://Backend-game...')
#81 {main}
"} 
[2026-02-02 20:27:35] local.ERROR: Exception occurred: Method Filament\Tables\Columns\ImageColumn::directory does not exist. {"exception":"[object] (BadMethodCallException(code: 0): Method Filament\\Tables\\Columns\\ImageColumn::directory does not exist. at D:/Backend-game-topup/web/project/vendor/filament/support/src/Concerns/Macroable.php:77)
[stacktrace]
#0 D:/Backend-game-topup/web/project/app/Filament/Admin/Resources/Kategoris/Tables/KategorisTable.php(40): Filament/Support/Components/Component->__call('directory', Array)
#1 D:/Backend-game-topup/web/project/app/Filament/Admin/Resources/Kategoris/KategoriResource.php(39): App/Filament/Admin/Resources/Kategoris/Tables/KategorisTable::configure(Object(Filament/Tables/Table))
#2 D:/Backend-game-topup/web/project/vendor/filament/filament/src/Resources/Resource.php(64): App/Filament/Admin/Resources/Kategoris/KategoriResource::table(Object(Filament/Tables/Table))
#3 D:/Backend-game-topup/web/project/vendor/filament/filament/src/Resources/Pages/ListRecords.php(196): Filament/Resources/Resource::configureTable(Object(Filament/Tables/Table))
#4 D:/Backend-game-topup/web/project/vendor/filament/tables/src/Concerns/InteractsWithTable.php(46): Filament/Resources/Pages/ListRecords->makeTable()
#5 D:/Backend-game-topup/web/project/vendor/laravel/framework/src/Illuminate/Container/BoundMethod.php(36): Filament/Resources/Pages/ListRecords->bootedInteractsWithTable()
#6 D:/Backend-game-topup/web/project/vendor/laravel/framework/src/Illuminate/Container/Util.php(43): Illuminate/Container/BoundMethod::{closure:Illuminate/Container/BoundMethod::call():35}()
#7 D:/Backend-game-topup/web/project/vendor/laravel/framework/src/Illuminate/Container/BoundMethod.php(96): Illuminate/Container/Util::unwrapIfClosure(Object(Closure))
#8 D:/Backend-game-topup/web/project/vendor/laravel/framework/src/Illuminate/Container/BoundMethod.php(35): Illuminate/Container/BoundMethod::callBoundMethod(Object(Illuminate/Foundation/Application), Array, Object(Closure))
#9 D:/Backend-game-topup/web/project/vendor/livewire/livewire/src/Wrapped.php(23): Illuminate/Container/BoundMethod::call(Object(Illuminate/Foundation/Application), Array, Array)
#10 D:/Backend-game-topup/web/project/vendor/livewire/livewire/src/Features/SupportLifecycleHooks/SupportLifecycleHooks.php(144): Livewire/Wrapped->__call('bootedInteracts...', Array)
#11 D:/Backend-game-topup/web/project/vendor/livewire/livewire/src/Features/SupportLifecycleHooks/SupportLifecycleHooks.php(24): Livewire/Features/SupportLifecycleHooks/SupportLifecycleHooks->callTraitHook('booted')
#12 D:/Backend-game-topup/web/project/vendor/livewire/livewire/src/ComponentHook.php(19): Livewire/Features/SupportLifecycleHooks/SupportLifecycleHooks->mount(Array, false)
#13 D:/Backend-game-topup/web/project/vendor/livewire/livewire/src/ComponentHookRegistry.php(45): Livewire/ComponentHook->callMount(Array, false)
#14 D:/Backend-game-topup/web/project/vendor/livewire/livewire/src/EventBus.php(60): Livewire/ComponentHookRegistry::{closure:Livewire/ComponentHookRegistry::boot():39}(Object(App/Filament/Admin/Resources/Kategoris/Pages/ListKategoris), Array, NULL, false)
#15 D:/Backend-game-topup/web/project/vendor/livewire/livewire/src/helpers.php(98): Livewire/EventBus->trigger('mount', Object(App/Filament/Admin/Resources/Kategoris/Pages/ListKategoris), Array, NULL, false)
#16 D:/Backend-game-topup/web/project/vendor/livewire/livewire/src/Mechanisms/HandleComponents/HandleComponents.php(50): Livewire/trigger('mount', Object(App/Filament/Admin/Resources/Kategoris/Pages/ListKategoris), Array, NULL, false)
#17 D:/Backend-game-topup/web/project/vendor/livewire/livewire/src/LivewireManager.php(73): Livewire/Mechanisms/HandleComponents/HandleComponents->mount('App//Filament//Ad...', Array, NULL)
#18 D:/Backend-game-topup/web/project/vendor/livewire/livewire/src/Features/SupportPageComponents/HandlesPageComponents.php(17): Livewire/LivewireManager->mount('App//Filament//Ad...', Array)
#19 D:/Backend-game-topup/web/project/vendor/livewire/livewire/src/Features/SupportPageComponents/SupportPageComponents.php(117): Livewire/Component->{closure:Livewire/Features/SupportPageComponents/HandlesPageComponents::__invoke():14}()
#20 D:/Backend-game-topup/web/project/vendor/livewire/livewire/src/Features/SupportPageComponents/HandlesPageComponents.php(14): Livewire/Features/SupportPageComponents/SupportPageComponents::interceptTheRenderOfTheComponentAndRetreiveTheLayoutConfiguration(Object(Closure))
#21 D:/Backend-game-topup/web/project/vendor/laravel/framework/src/Illuminate/Routing/ControllerDispatcher.php(46): Livewire/Component->__invoke()
#22 D:/Backend-game-topup/web/project/vendor/laravel/framework/src/Illuminate/Routing/Route.php(265): Illuminate/Routing/ControllerDispatcher->dispatch(Object(Illuminate/Routing/Route), Object(App/Filament/Admin/Resources/Kategoris/Pages/ListKategoris), '__invoke')
#23 D:/Backend-game-topup/web/project/vendor/laravel/framework/src/Illuminate/Routing/Route.php(211): Illuminate/Routing/Route->runController()
#24 D:/Backend-game-topup/web/project/vendor/laravel/framework/src/Illuminate/Routing/Router.php(822): Illuminate/Routing/Route->run()
#25 D:/Backend-game-topup/web/project/vendor/laravel/framework/src/Illuminate/Pipeline/Pipeline.php(180): Illuminate/Routing/Router->{closure:Illuminate/Routing/Router::runRouteWithinStack():821}(Object(Illuminate/Http/Request))
#26 D:/Backend-game-topup/web/project/app/Http/Middleware/CheckRole.php(22): Illuminate/Pipeline/Pipeline->{closure:Illuminate/Pipeline/Pipeline::prepareDestination():178}(Object(Illuminate/Http/Request))
#27 D:/Backend-game-topup/web/project/vendor/laravel/framework/src/Illuminate/Pipeline/Pipeline.php(219): App/Http/Middleware/CheckRole->handle(Object(Illuminate/Http/Request), Object(Closure))
#28 D:/Backend-game-topup/web/project/vendor/filament/filament/src/Http/Middleware/DispatchServingFilamentEvent.php(15): Illuminate/Pipeline/Pipeline->{closure:{closure:Illuminate/Pipeline/Pipeline::carry():194}:195}(Object(Illuminate/Http/Request))
#29 D:/Backend-game-topup/web/project/vendor/laravel/framework/src/Illuminate/Pipeline/Pipeline.php(219): Filament/Http/Middleware/DispatchServingFilamentEvent->handle(Object(Illuminate/Http/Request), Object(Closure))
#30 D:/Backend-game-topup/web/project/vendor/filament/filament/src/Http/Middleware/DisableBladeIconComponents.php(14): Illuminate/Pipeline/Pipeline->{closure:{closure:Illuminate/Pipeline/Pipeline::carry():194}:195}(Object(Illuminate/Http/Request))
#31 D:/Backend-game-topup/web/project/vendor/laravel/framework/src/Illuminate/Pipeline/Pipeline.php(219): Filament/Http/Middleware/DisableBladeIconComponents->handle(Object(Illuminate/Http/Request), Object(Closure))
#32 D:/Backend-game-topup/web/project/vendor/laravel/framework/src/Illuminate/Routing/Middleware/SubstituteBindings.php(50): Illuminate/Pipeline/Pipeline->{closure:{closure:Illuminate/Pipeline/Pipeline::carry():194}:195}(Object(Illuminate/Http/Request))
#33 D:/Backend-game-topup/web/project/vendor/laravel/framework/src/Illuminate/Pipeline/Pipeline.php(219): Illuminate/Routing/Middleware/SubstituteBindings->handle(Object(Illuminate/Http/Request), Object(Closure))
#34 D:/Backend-game-topup/web/project/vendor/laravel/framework/src/Illuminate/Foundation/Http/Middleware/VerifyCsrfToken.php(87): Illuminate/Pipeline/Pipeline->{closure:{closure:Illuminate/Pipeline/Pipeline::carry():194}:195}(Object(Illuminate/Http/Request))
#35 D:/Backend-game-topup/web/project/vendor/laravel/framework/src/Illuminate/Pipeline/Pipeline.php(219): Illuminate/Foundation/Http/Middleware/VerifyCsrfToken->handle(Object(Illuminate/Http/Request), Object(Closure))
#36 D:/Backend-game-topup/web/project/vendor/laravel/framework/src/Illuminate/Session/Middleware/AuthenticateSession.php(69): Illuminate/Pipeline/Pipeline->{closure:{closure:Illuminate/Pipeline/Pipeline::carry():194}:195}(Object(Illuminate/Http/Request))
#37 D:/Backend-game-topup/web/project/vendor/laravel/framework/src/Illuminate/Pipeline/Pipeline.php(219): Illuminate/Session/Middleware/AuthenticateSession->handle(Object(Illuminate/Http/Request), Object(Closure))
#38 D:/Backend-game-topup/web/project/vendor/laravel/framework/src/Illuminate/Auth/Middleware/Authenticate.php(63): Illuminate/Pipeline/Pipeline->{closure:{closure:Illuminate/Pipeline/Pipeline::carry():194}:195}(Object(Illuminate/Http/Request))
#39 D:/Backend-game-topup/web/project/vendor/laravel/framework/src/Illuminate/Pipeline/Pipeline.php(219): Illuminate/Auth/Middleware/Authenticate->handle(Object(Illuminate/Http/Request), Object(Closure))
#40 D:/Backend-game-topup/web/project/vendor/laravel/framework/src/Illuminate/View/Middleware/ShareErrorsFromSession.php(48): Illuminate/Pipeline/Pipeline->{closure:{closure:Illuminate/Pipeline/Pipeline::carry():194}:195}(Object(Illuminate/Http/Request))
#41 D:/Backend-game-topup/web/project/vendor/laravel/framework/src/Illuminate/Pipeline/Pipeline.php(219): Illuminate/View/Middleware/ShareErrorsFromSession->handle(Object(Illuminate/Http/Request), Object(Closure))
#42 D:/Backend-game-topup/web/project/vendor/laravel/framework/src/Illuminate/Session/Middleware/StartSession.php(120): Illuminate/Pipeline/Pipeline->{closure:{closure:Illuminate/Pipeline/Pipeline::carry():194}:195}(Object(Illuminate/Http/Request))
#43 D:/Backend-game-topup/web/project/vendor/laravel/framework/src/Illuminate/Session/Middleware/StartSession.php(63): Illuminate/Session/Middleware/StartSession->handleStatefulRequest(Object(Illuminate/Http/Request), Object(Illuminate/Session/EncryptedStore), Object(Closure))
#44 D:/Backend-game-topup/web/project/vendor/laravel/framework/src/Illuminate/Pipeline/Pipeline.php(219): Illuminate/Session/Middleware/StartSession->handle(Object(Illuminate/Http/Request), Object(Closure))
#45 D:/Backend-game-topup/web/project/vendor/laravel/framework/src/Illuminate/Cookie/Middleware/AddQueuedCookiesToResponse.php(36): Illuminate/Pipeline/Pipeline->{closure:{closure:Illuminate/Pipeline/Pipeline::carry():194}:195}(Object(Illuminate/Http/Request))
#46 D:/Backend-game-topup/web/project/vendor/laravel/framework/src/Illuminate/Pipeline/Pipeline.php(219): Illuminate/Cookie/Middleware/AddQueuedCookiesToResponse->handle(Object(Illuminate/Http/Request), Object(Closure))
#47 D:/Backend-game-topup/web/project/vendor/laravel/framework/src/Illuminate/Cookie/Middleware/EncryptCookies.php(74): Illuminate/Pipeline/Pipeline->{closure:{closure:Illuminate/Pipeline/Pipeline::carry():194}:195}(Object(Illuminate/Http/Request))
#48 D:/Backend-game-topup/web/project/vendor/laravel/framework/src/Illuminate/Pipeline/Pipeline.php(219): Illuminate/Cookie/Middleware/EncryptCookies->handle(Object(Illuminate/Http/Request), Object(Closure))
#49 D:/Backend-game-topup/web/project/vendor/filament/filament/src/Http/Middleware/SetUpPanel.php(19): Illuminate/Pipeline/Pipeline->{closure:{closure:Illuminate/Pipeline/Pipeline::carry():194}:195}(Object(Illuminate/Http/Request))
#50 D:/Backend-game-topup/web/project/vendor/laravel/framework/src/Illuminate/Pipeline/Pipeline.php(219): Filament/Http/Middleware/SetUpPanel->handle(Object(Illuminate/Http/Request), Object(Closure), Object(Filament/Panel))
#51 D:/Backend-game-topup/web/project/vendor/laravel/framework/src/Illuminate/Pipeline/Pipeline.php(137): Illuminate/Pipeline/Pipeline->{closure:{closure:Illuminate/Pipeline/Pipeline::carry():194}:195}(Object(Illuminate/Http/Request))
#52 D:/Backend-game-topup/web/project/vendor/laravel/framework/src/Illuminate/Routing/Router.php(821): Illuminate/Pipeline/Pipeline->then(Object(Closure))
#53 D:/Backend-game-topup/web/project/vendor/laravel/framework/src/Illuminate/Routing/Router.php(800): Illuminate/Routing/Router->runRouteWithinStack(Object(Illuminate/Routing/Route), Object(Illuminate/Http/Request))
#54 D:/Backend-game-topup/web/project/vendor/laravel/framework/src/Illuminate/Routing/Router.php(764): Illuminate/Routing/Router->runRoute(Object(Illuminate/Http/Request), Object(Illuminate/Routing/Route))
#55 D:/Backend-game-topup/web/project/vendor/laravel/framework/src/Illuminate/Routing/Router.php(753): Illuminate/Routing/Router->dispatchToRoute(Object(Illuminate/Http/Request))
#56 D:/Backend-game-topup/web/project/vendor/laravel/framework/src/Illuminate/Foundation/Http/Kernel.php(200): Illuminate/Routing/Router->dispatch(Object(Illuminate/Http/Request))
#57 D:/Backend-game-topup/web/project/vendor/laravel/framework/src/Illuminate/Pipeline/Pipeline.php(180): Illuminate/Foundation/Http/Kernel->{closure:Illuminate/Foundation/Http/Kernel::dispatchToRouter():197}(Object(Illuminate/Http/Request))
#58 D:/Backend-game-topup/web/project/vendor/livewire/livewire/src/Features/SupportDisablingBackButtonCache/DisableBackButtonCacheMiddleware.php(19): Illuminate/Pipeline/Pipeline->{closure:Illuminate/Pipeline/Pipeline::prepareDestination():178}(Object(Illuminate/Http/Request))
#59 D:/Backend-game-topup/web/project/vendor/laravel/framework/src/Illuminate/Pipeline/Pipeline.php(219): Livewire/Features/SupportDisablingBackButtonCache/DisableBackButtonCacheMiddleware->handle(Object(Illuminate/Http/Request), Object(Closure))
#60 D:/Backend-game-topup/web/project/vendor/laravel/framework/src/Illuminate/Foundation/Http/Middleware/TransformsRequest.php(21): Illuminate/Pipeline/Pipeline->{closure:{closure:Illuminate/Pipeline/Pipeline::carry():194}:195}(Object(Illuminate/Http/Request))
#61 D:/Backend-game-topup/web/project/vendor/laravel/framework/src/Illuminate/Foundation/Http/Middleware/ConvertEmptyStringsToNull.php(31): Illuminate/Foundation/Http/Middleware/TransformsRequest->handle(Object(Illuminate/Http/Request), Object(Closure))
#62 D:/Backend-game-topup/web/project/vendor/laravel/framework/src/Illuminate/Pipeline/Pipeline.php(219): Illuminate/Foundation/Http/Middleware/ConvertEmptyStringsToNull->handle(Object(Illuminate/Http/Request), Object(Closure))
#63 D:/Backend-game-topup/web/project/vendor/laravel/framework/src/Illuminate/Foundation/Http/Middleware/TransformsRequest.php(21): Illuminate/Pipeline/Pipeline->{closure:{closure:Illuminate/Pipeline/Pipeline::carry():194}:195}(Object(Illuminate/Http/Request))
#64 D:/Backend-game-topup/web/project/vendor/laravel/framework/src/Illuminate/Foundation/Http/Middleware/TrimStrings.php(51): Illuminate/Foundation/Http/Middleware/TransformsRequest->handle(Object(Illuminate/Http/Request), Object(Closure))
#65 D:/Backend-game-topup/web/project/vendor/laravel/framework/src/Illuminate/Pipeline/Pipeline.php(219): Illuminate/Foundation/Http/Middleware/TrimStrings->handle(Object(Illuminate/Http/Request), Object(Closure))
#66 D:/Backend-game-topup/web/project/vendor/laravel/framework/src/Illuminate/Http/Middleware/ValidatePostSize.php(27): Illuminate/Pipeline/Pipeline->{closure:{closure:Illuminate/Pipeline/Pipeline::carry():194}:195}(Object(Illuminate/Http/Request))
#67 D:/Backend-game-topup/web/project/vendor/laravel/framework/src/Illuminate/Pipeline/Pipeline.php(219): Illuminate/Http/Middleware/ValidatePostSize->handle(Object(Illuminate/Http/Request), Object(Closure))
#68 D:/Backend-game-topup/web/project/vendor/laravel/framework/src/Illuminate/Foundation/Http/Middleware/PreventRequestsDuringMaintenance.php(109): Illuminate/Pipeline/Pipeline->{closure:{closure:Illuminate/Pipeline/Pipeline::carry():194}:195}(Object(Illuminate/Http/Request))
#69 D:/Backend-game-topup/web/project/vendor/laravel/framework/src/Illuminate/Pipeline/Pipeline.php(219): Illuminate/Foundation/Http/Middleware/PreventRequestsDuringMaintenance->handle(Object(Illuminate/Http/Request), Object(Closure))
#70 D:/Backend-game-topup/web/project/vendor/laravel/framework/src/Illuminate/Http/Middleware/HandleCors.php(48): Illuminate/Pipeline/Pipeline->{closure:{closure:Illuminate/Pipeline/Pipeline::carry():194}:195}(Object(Illuminate/Http/Request))
#71 D:/Backend-game-topup/web/project/vendor/laravel/framework/src/Illuminate/Pipeline/Pipeline.php(219): Illuminate/Http/Middleware/HandleCors->handle(Object(Illuminate/Http/Request), Object(Closure))
#72 D:/Backend-game-topup/web/project/vendor/laravel/framework/src/Illuminate/Http/Middleware/TrustProxies.php(58): Illuminate/Pipeline/Pipeline->{closure:{closure:Illuminate/Pipeline/Pipeline::carry():194}:195}(Object(Illuminate/Http/Request))
#73 D:/Backend-game-topup/web/project/vendor/laravel/framework/src/Illuminate/Pipeline/Pipeline.php(219): Illuminate/Http/Middleware/TrustProxies->handle(Object(Illuminate/Http/Request), Object(Closure))
#74 D:/Backend-game-topup/web/project/vendor/laravel/framework/src/Illuminate/Http/Middleware/TrustHosts.php(78): Illuminate/Pipeline/Pipeline->{closure:{closure:Illuminate/Pipeline/Pipeline::carry():194}:195}(Object(Illuminate/Http/Request))
#75 D:/Backend-game-topup/web/project/vendor/laravel/framework/src/Illuminate/Pipeline/Pipeline.php(219): Illuminate/Http/Middleware/TrustHosts->handle(Object(Illuminate/Http/Request), Object(Closure))
#76 D:/Backend-game-topup/web/project/vendor/laravel/framework/src/Illuminate/Pipeline/Pipeline.php(137): Illuminate/Pipeline/Pipeline->{closure:{closure:Illuminate/Pipeline/Pipeline::carry():194}:195}(Object(Illuminate/Http/Request))
#77 D:/Backend-game-topup/web/project/vendor/laravel/framework/src/Illuminate/Foundation/Http/Kernel.php(175): Illuminate/Pipeline/Pipeline->then(Object(Closure))
#78 D:/Backend-game-topup/web/project/vendor/laravel/framework/src/Illuminate/Foundation/Http/Kernel.php(144): Illuminate/Foundation/Http/Kernel->sendRequestThroughRouter(Object(Illuminate/Http/Request))
#79 D:/Backend-game-topup/web/project/public/index.php(51): Illuminate/Foundation/Http/Kernel->handle(Object(Illuminate/Http/Request))
#80 D:/Backend-game-topup/web/project/server.php(21): require_once('D://Backend-game...')
#81 {main}
"} 
[2026-02-02 20:27:35] local.ERROR: Method Filament\Tables\Columns\ImageColumn::directory does not exist. {"userId":350,"exception":"[object] (BadMethodCallException(code: 0): Method Filament\\Tables\\Columns\\ImageColumn::directory does not exist. at D:/Backend-game-topup/web/project/vendor/filament/support/src/Concerns/Macroable.php:77)
[stacktrace]
#0 D:/Backend-game-topup/web/project/app/Filament/Admin/Resources/Kategoris/Tables/KategorisTable.php(40): Filament/Support/Components/Component->__call('directory', Array)
#1 D:/Backend-game-topup/web/project/app/Filament/Admin/Resources/Kategoris/KategoriResource.php(39): App/Filament/Admin/Resources/Kategoris/Tables/KategorisTable::configure(Object(Filament/Tables/Table))
#2 D:/Backend-game-topup/web/project/vendor/filament/filament/src/Resources/Resource.php(64): App/Filament/Admin/Resources/Kategoris/KategoriResource::table(Object(Filament/Tables/Table))
#3 D:/Backend-game-topup/web/project/vendor/filament/filament/src/Resources/Pages/ListRecords.php(196): Filament/Resources/Resource::configureTable(Object(Filament/Tables/Table))
#4 D:/Backend-game-topup/web/project/vendor/filament/tables/src/Concerns/InteractsWithTable.php(46): Filament/Resources/Pages/ListRecords->makeTable()
#5 D:/Backend-game-topup/web/project/vendor/laravel/framework/src/Illuminate/Container/BoundMethod.php(36): Filament/Resources/Pages/ListRecords->bootedInteractsWithTable()
#6 D:/Backend-game-topup/web/project/vendor/laravel/framework/src/Illuminate/Container/Util.php(43): Illuminate/Container/BoundMethod::{closure:Illuminate/Container/BoundMethod::call():35}()
#7 D:/Backend-game-topup/web/project/vendor/laravel/framework/src/Illuminate/Container/BoundMethod.php(96): Illuminate/Container/Util::unwrapIfClosure(Object(Closure))
#8 D:/Backend-game-topup/web/project/vendor/laravel/framework/src/Illuminate/Container/BoundMethod.php(35): Illuminate/Container/BoundMethod::callBoundMethod(Object(Illuminate/Foundation/Application), Array, Object(Closure))
#9 D:/Backend-game-topup/web/project/vendor/livewire/livewire/src/Wrapped.php(23): Illuminate/Container/BoundMethod::call(Object(Illuminate/Foundation/Application), Array, Array)
#10 D:/Backend-game-topup/web/project/vendor/livewire/livewire/src/Features/SupportLifecycleHooks/SupportLifecycleHooks.php(144): Livewire/Wrapped->__call('bootedInteracts...', Array)
#11 D:/Backend-game-topup/web/project/vendor/livewire/livewire/src/Features/SupportLifecycleHooks/SupportLifecycleHooks.php(24): Livewire/Features/SupportLifecycleHooks/SupportLifecycleHooks->callTraitHook('booted')
#12 D:/Backend-game-topup/web/project/vendor/livewire/livewire/src/ComponentHook.php(19): Livewire/Features/SupportLifecycleHooks/SupportLifecycleHooks->mount(Array, false)
#13 D:/Backend-game-topup/web/project/vendor/livewire/livewire/src/ComponentHookRegistry.php(45): Livewire/ComponentHook->callMount(Array, false)
#14 D:/Backend-game-topup/web/project/vendor/livewire/livewire/src/EventBus.php(60): Livewire/ComponentHookRegistry::{closure:Livewire/ComponentHookRegistry::boot():39}(Object(App/Filament/Admin/Resources/Kategoris/Pages/ListKategoris), Array, NULL, false)
#15 D:/Backend-game-topup/web/project/vendor/livewire/livewire/src/helpers.php(98): Livewire/EventBus->trigger('mount', Object(App/Filament/Admin/Resources/Kategoris/Pages/ListKategoris), Array, NULL, false)
#16 D:/Backend-game-topup/web/project/vendor/livewire/livewire/src/Mechanisms/HandleComponents/HandleComponents.php(50): Livewire/trigger('mount', Object(App/Filament/Admin/Resources/Kategoris/Pages/ListKategoris), Array, NULL, false)
#17 D:/Backend-game-topup/web/project/vendor/livewire/livewire/src/LivewireManager.php(73): Livewire/Mechanisms/HandleComponents/HandleComponents->mount('App//Filament//Ad...', Array, NULL)
#18 D:/Backend-game-topup/web/project/vendor/livewire/livewire/src/Features/SupportPageComponents/HandlesPageComponents.php(17): Livewire/LivewireManager->mount('App//Filament//Ad...', Array)
#19 D:/Backend-game-topup/web/project/vendor/livewire/livewire/src/Features/SupportPageComponents/SupportPageComponents.php(117): Livewire/Component->{closure:Livewire/Features/SupportPageComponents/HandlesPageComponents::__invoke():14}()
#20 D:/Backend-game-topup/web/project/vendor/livewire/livewire/src/Features/SupportPageComponents/HandlesPageComponents.php(14): Livewire/Features/SupportPageComponents/SupportPageComponents::interceptTheRenderOfTheComponentAndRetreiveTheLayoutConfiguration(Object(Closure))
#21 D:/Backend-game-topup/web/project/vendor/laravel/framework/src/Illuminate/Routing/ControllerDispatcher.php(46): Livewire/Component->__invoke()
#22 D:/Backend-game-topup/web/project/vendor/laravel/framework/src/Illuminate/Routing/Route.php(265): Illuminate/Routing/ControllerDispatcher->dispatch(Object(Illuminate/Routing/Route), Object(App/Filament/Admin/Resources/Kategoris/Pages/ListKategoris), '__invoke')
#23 D:/Backend-game-topup/web/project/vendor/laravel/framework/src/Illuminate/Routing/Route.php(211): Illuminate/Routing/Route->runController()
#24 D:/Backend-game-topup/web/project/vendor/laravel/framework/src/Illuminate/Routing/Router.php(822): Illuminate/Routing/Route->run()
#25 D:/Backend-game-topup/web/project/vendor/laravel/framework/src/Illuminate/Pipeline/Pipeline.php(180): Illuminate/Routing/Router->{closure:Illuminate/Routing/Router::runRouteWithinStack():821}(Object(Illuminate/Http/Request))
#26 D:/Backend-game-topup/web/project/app/Http/Middleware/CheckRole.php(22): Illuminate/Pipeline/Pipeline->{closure:Illuminate/Pipeline/Pipeline::prepareDestination():178}(Object(Illuminate/Http/Request))
#27 D:/Backend-game-topup/web/project/vendor/laravel/framework/src/Illuminate/Pipeline/Pipeline.php(219): App/Http/Middleware/CheckRole->handle(Object(Illuminate/Http/Request), Object(Closure))
#28 D:/Backend-game-topup/web/project/vendor/filament/filament/src/Http/Middleware/DispatchServingFilamentEvent.php(15): Illuminate/Pipeline/Pipeline->{closure:{closure:Illuminate/Pipeline/Pipeline::carry():194}:195}(Object(Illuminate/Http/Request))
#29 D:/Backend-game-topup/web/project/vendor/laravel/framework/src/Illuminate/Pipeline/Pipeline.php(219): Filament/Http/Middleware/DispatchServingFilamentEvent->handle(Object(Illuminate/Http/Request), Object(Closure))
#30 D:/Backend-game-topup/web/project/vendor/filament/filament/src/Http/Middleware/DisableBladeIconComponents.php(14): Illuminate/Pipeline/Pipeline->{closure:{closure:Illuminate/Pipeline/Pipeline::carry():194}:195}(Object(Illuminate/Http/Request))
#31 D:/Backend-game-topup/web/project/vendor/laravel/framework/src/Illuminate/Pipeline/Pipeline.php(219): Filament/Http/Middleware/DisableBladeIconComponents->handle(Object(Illuminate/Http/Request), Object(Closure))
#32 D:/Backend-game-topup/web/project/vendor/laravel/framework/src/Illuminate/Routing/Middleware/SubstituteBindings.php(50): Illuminate/Pipeline/Pipeline->{closure:{closure:Illuminate/Pipeline/Pipeline::carry():194}:195}(Object(Illuminate/Http/Request))
#33 D:/Backend-game-topup/web/project/vendor/laravel/framework/src/Illuminate/Pipeline/Pipeline.php(219): Illuminate/Routing/Middleware/SubstituteBindings->handle(Object(Illuminate/Http/Request), Object(Closure))
#34 D:/Backend-game-topup/web/project/vendor/laravel/framework/src/Illuminate/Foundation/Http/Middleware/VerifyCsrfToken.php(87): Illuminate/Pipeline/Pipeline->{closure:{closure:Illuminate/Pipeline/Pipeline::carry():194}:195}(Object(Illuminate/Http/Request))
#35 D:/Backend-game-topup/web/project/vendor/laravel/framework/src/Illuminate/Pipeline/Pipeline.php(219): Illuminate/Foundation/Http/Middleware/VerifyCsrfToken->handle(Object(Illuminate/Http/Request), Object(Closure))
#36 D:/Backend-game-topup/web/project/vendor/laravel/framework/src/Illuminate/Session/Middleware/AuthenticateSession.php(69): Illuminate/Pipeline/Pipeline->{closure:{closure:Illuminate/Pipeline/Pipeline::carry():194}:195}(Object(Illuminate/Http/Request))
#37 D:/Backend-game-topup/web/project/vendor/laravel/framework/src/Illuminate/Pipeline/Pipeline.php(219): Illuminate/Session/Middleware/AuthenticateSession->handle(Object(Illuminate/Http/Request), Object(Closure))
#38 D:/Backend-game-topup/web/project/vendor/laravel/framework/src/Illuminate/Auth/Middleware/Authenticate.php(63): Illuminate/Pipeline/Pipeline->{closure:{closure:Illuminate/Pipeline/Pipeline::carry():194}:195}(Object(Illuminate/Http/Request))
#39 D:/Backend-game-topup/web/project/vendor/laravel/framework/src/Illuminate/Pipeline/Pipeline.php(219): Illuminate/Auth/Middleware/Authenticate->handle(Object(Illuminate/Http/Request), Object(Closure))
#40 D:/Backend-game-topup/web/project/vendor/laravel/framework/src/Illuminate/View/Middleware/ShareErrorsFromSession.php(48): Illuminate/Pipeline/Pipeline->{closure:{closure:Illuminate/Pipeline/Pipeline::carry():194}:195}(Object(Illuminate/Http/Request))
#41 D:/Backend-game-topup/web/project/vendor/laravel/framework/src/Illuminate/Pipeline/Pipeline.php(219): Illuminate/View/Middleware/ShareErrorsFromSession->handle(Object(Illuminate/Http/Request), Object(Closure))
#42 D:/Backend-game-topup/web/project/vendor/laravel/framework/src/Illuminate/Session/Middleware/StartSession.php(120): Illuminate/Pipeline/Pipeline->{closure:{closure:Illuminate/Pipeline/Pipeline::carry():194}:195}(Object(Illuminate/Http/Request))
#43 D:/Backend-game-topup/web/project/vendor/laravel/framework/src/Illuminate/Session/Middleware/StartSession.php(63): Illuminate/Session/Middleware/StartSession->handleStatefulRequest(Object(Illuminate/Http/Request), Object(Illuminate/Session/EncryptedStore), Object(Closure))
#44 D:/Backend-game-topup/web/project/vendor/laravel/framework/src/Illuminate/Pipeline/Pipeline.php(219): Illuminate/Session/Middleware/StartSession->handle(Object(Illuminate/Http/Request), Object(Closure))
#45 D:/Backend-game-topup/web/project/vendor/laravel/framework/src/Illuminate/Cookie/Middleware/AddQueuedCookiesToResponse.php(36): Illuminate/Pipeline/Pipeline->{closure:{closure:Illuminate/Pipeline/Pipeline::carry():194}:195}(Object(Illuminate/Http/Request))
#46 D:/Backend-game-topup/web/project/vendor/laravel/framework/src/Illuminate/Pipeline/Pipeline.php(219): Illuminate/Cookie/Middleware/AddQueuedCookiesToResponse->handle(Object(Illuminate/Http/Request), Object(Closure))
#47 D:/Backend-game-topup/web/project/vendor/laravel/framework/src/Illuminate/Cookie/Middleware/EncryptCookies.php(74): Illuminate/Pipeline/Pipeline->{closure:{closure:Illuminate/Pipeline/Pipeline::carry():194}:195}(Object(Illuminate/Http/Request))
#48 D:/Backend-game-topup/web/project/vendor/laravel/framework/src/Illuminate/Pipeline/Pipeline.php(219): Illuminate/Cookie/Middleware/EncryptCookies->handle(Object(Illuminate/Http/Request), Object(Closure))
#49 D:/Backend-game-topup/web/project/vendor/filament/filament/src/Http/Middleware/SetUpPanel.php(19): Illuminate/Pipeline/Pipeline->{closure:{closure:Illuminate/Pipeline/Pipeline::carry():194}:195}(Object(Illuminate/Http/Request))
#50 D:/Backend-game-topup/web/project/vendor/laravel/framework/src/Illuminate/Pipeline/Pipeline.php(219): Filament/Http/Middleware/SetUpPanel->handle(Object(Illuminate/Http/Request), Object(Closure), Object(Filament/Panel))
#51 D:/Backend-game-topup/web/project/vendor/laravel/framework/src/Illuminate/Pipeline/Pipeline.php(137): Illuminate/Pipeline/Pipeline->{closure:{closure:Illuminate/Pipeline/Pipeline::carry():194}:195}(Object(Illuminate/Http/Request))
#52 D:/Backend-game-topup/web/project/vendor/laravel/framework/src/Illuminate/Routing/Router.php(821): Illuminate/Pipeline/Pipeline->then(Object(Closure))
#53 D:/Backend-game-topup/web/project/vendor/laravel/framework/src/Illuminate/Routing/Router.php(800): Illuminate/Routing/Router->runRouteWithinStack(Object(Illuminate/Routing/Route), Object(Illuminate/Http/Request))
#54 D:/Backend-game-topup/web/project/vendor/laravel/framework/src/Illuminate/Routing/Router.php(764): Illuminate/Routing/Router->runRoute(Object(Illuminate/Http/Request), Object(Illuminate/Routing/Route))
#55 D:/Backend-game-topup/web/project/vendor/laravel/framework/src/Illuminate/Routing/Router.php(753): Illuminate/Routing/Router->dispatchToRoute(Object(Illuminate/Http/Request))
#56 D:/Backend-game-topup/web/project/vendor/laravel/framework/src/Illuminate/Foundation/Http/Kernel.php(200): Illuminate/Routing/Router->dispatch(Object(Illuminate/Http/Request))
#57 D:/Backend-game-topup/web/project/vendor/laravel/framework/src/Illuminate/Pipeline/Pipeline.php(180): Illuminate/Foundation/Http/Kernel->{closure:Illuminate/Foundation/Http/Kernel::dispatchToRouter():197}(Object(Illuminate/Http/Request))
#58 D:/Backend-game-topup/web/project/vendor/livewire/livewire/src/Features/SupportDisablingBackButtonCache/DisableBackButtonCacheMiddleware.php(19): Illuminate/Pipeline/Pipeline->{closure:Illuminate/Pipeline/Pipeline::prepareDestination():178}(Object(Illuminate/Http/Request))
#59 D:/Backend-game-topup/web/project/vendor/laravel/framework/src/Illuminate/Pipeline/Pipeline.php(219): Livewire/Features/SupportDisablingBackButtonCache/DisableBackButtonCacheMiddleware->handle(Object(Illuminate/Http/Request), Object(Closure))
#60 D:/Backend-game-topup/web/project/vendor/laravel/framework/src/Illuminate/Foundation/Http/Middleware/TransformsRequest.php(21): Illuminate/Pipeline/Pipeline->{closure:{closure:Illuminate/Pipeline/Pipeline::carry():194}:195}(Object(Illuminate/Http/Request))
#61 D:/Backend-game-topup/web/project/vendor/laravel/framework/src/Illuminate/Foundation/Http/Middleware/ConvertEmptyStringsToNull.php(31): Illuminate/Foundation/Http/Middleware/TransformsRequest->handle(Object(Illuminate/Http/Request), Object(Closure))
#62 D:/Backend-game-topup/web/project/vendor/laravel/framework/src/Illuminate/Pipeline/Pipeline.php(219): Illuminate/Foundation/Http/Middleware/ConvertEmptyStringsToNull->handle(Object(Illuminate/Http/Request), Object(Closure))
#63 D:/Backend-game-topup/web/project/vendor/laravel/framework/src/Illuminate/Foundation/Http/Middleware/TransformsRequest.php(21): Illuminate/Pipeline/Pipeline->{closure:{closure:Illuminate/Pipeline/Pipeline::carry():194}:195}(Object(Illuminate/Http/Request))
#64 D:/Backend-game-topup/web/project/vendor/laravel/framework/src/Illuminate/Foundation/Http/Middleware/TrimStrings.php(51): Illuminate/Foundation/Http/Middleware/TransformsRequest->handle(Object(Illuminate/Http/Request), Object(Closure))
#65 D:/Backend-game-topup/web/project/vendor/laravel/framework/src/Illuminate/Pipeline/Pipeline.php(219): Illuminate/Foundation/Http/Middleware/TrimStrings->handle(Object(Illuminate/Http/Request), Object(Closure))
#66 D:/Backend-game-topup/web/project/vendor/laravel/framework/src/Illuminate/Http/Middleware/ValidatePostSize.php(27): Illuminate/Pipeline/Pipeline->{closure:{closure:Illuminate/Pipeline/Pipeline::carry():194}:195}(Object(Illuminate/Http/Request))
#67 D:/Backend-game-topup/web/project/vendor/laravel/framework/src/Illuminate/Pipeline/Pipeline.php(219): Illuminate/Http/Middleware/ValidatePostSize->handle(Object(Illuminate/Http/Request), Object(Closure))
#68 D:/Backend-game-topup/web/project/vendor/laravel/framework/src/Illuminate/Foundation/Http/Middleware/PreventRequestsDuringMaintenance.php(109): Illuminate/Pipeline/Pipeline->{closure:{closure:Illuminate/Pipeline/Pipeline::carry():194}:195}(Object(Illuminate/Http/Request))
#69 D:/Backend-game-topup/web/project/vendor/laravel/framework/src/Illuminate/Pipeline/Pipeline.php(219): Illuminate/Foundation/Http/Middleware/PreventRequestsDuringMaintenance->handle(Object(Illuminate/Http/Request), Object(Closure))
#70 D:/Backend-game-topup/web/project/vendor/laravel/framework/src/Illuminate/Http/Middleware/HandleCors.php(48): Illuminate/Pipeline/Pipeline->{closure:{closure:Illuminate/Pipeline/Pipeline::carry():194}:195}(Object(Illuminate/Http/Request))
#71 D:/Backend-game-topup/web/project/vendor/laravel/framework/src/Illuminate/Pipeline/Pipeline.php(219): Illuminate/Http/Middleware/HandleCors->handle(Object(Illuminate/Http/Request), Object(Closure))
#72 D:/Backend-game-topup/web/project/vendor/laravel/framework/src/Illuminate/Http/Middleware/TrustProxies.php(58): Illuminate/Pipeline/Pipeline->{closure:{closure:Illuminate/Pipeline/Pipeline::carry():194}:195}(Object(Illuminate/Http/Request))
#73 D:/Backend-game-topup/web/project/vendor/laravel/framework/src/Illuminate/Pipeline/Pipeline.php(219): Illuminate/Http/Middleware/TrustProxies->handle(Object(Illuminate/Http/Request), Object(Closure))
#74 D:/Backend-game-topup/web/project/vendor/laravel/framework/src/Illuminate/Http/Middleware/TrustHosts.php(78): Illuminate/Pipeline/Pipeline->{closure:{closure:Illuminate/Pipeline/Pipeline::carry():194}:195}(Object(Illuminate/Http/Request))
#75 D:/Backend-game-topup/web/project/vendor/laravel/framework/src/Illuminate/Pipeline/Pipeline.php(219): Illuminate/Http/Middleware/TrustHosts->handle(Object(Illuminate/Http/Request), Object(Closure))
#76 D:/Backend-game-topup/web/project/vendor/laravel/framework/src/Illuminate/Pipeline/Pipeline.php(137): Illuminate/Pipeline/Pipeline->{closure:{closure:Illuminate/Pipeline/Pipeline::carry():194}:195}(Object(Illuminate/Http/Request))
#77 D:/Backend-game-topup/web/project/vendor/laravel/framework/src/Illuminate/Foundation/Http/Kernel.php(175): Illuminate/Pipeline/Pipeline->then(Object(Closure))
#78 D:/Backend-game-topup/web/project/vendor/laravel/framework/src/Illuminate/Foundation/Http/Kernel.php(144): Illuminate/Foundation/Http/Kernel->sendRequestThroughRouter(Object(Illuminate/Http/Request))
#79 D:/Backend-game-topup/web/project/public/index.php(51): Illuminate/Foundation/Http/Kernel->handle(Object(Illuminate/Http/Request))
#80 D:/Backend-game-topup/web/project/server.php(21): require_once('D://Backend-game...')
#81 {main}
"} 
[2026-02-02 20:55:21] local.INFO: title : Top Up MOBILE LEGENDS Murah - IMHAF  
[2026-02-02 20:55:21] local.INFO: meta_description : Top up MOBILE LEGENDS termurah dan terpercaya di IMHAF. Proses instan, layanan 24 jam.  
[2026-02-02 20:55:21] local.INFO: schema_markup :   
[2026-02-02 21:02:05] local.INFO: title :   
[2026-02-02 21:02:05] local.INFO: meta_description : Top up MOBILE LEGENDS termurah dan terpercaya di IMHAF. Proses instan, layanan 24 jam.  
[2026-02-02 21:02:05] local.INFO: schema_markup :   
[2026-02-02 21:02:17] local.INFO: title : Top Up MOBILE LEGENDS Murah - IMHAF  
[2026-02-02 21:02:17] local.INFO: meta_description : Top up MOBILE LEGENDS termurah dan terpercaya di IMHAF. Proses instan, layanan 24 jam.  
[2026-02-02 21:02:17] local.INFO: schema_markup :   
[2026-02-02 21:02:42] local.INFO: title : Top Up MOBILE LEGENDS Murah - IMHAF  
[2026-02-02 21:02:42] local.INFO: meta_description :   
[2026-02-02 21:02:42] local.INFO: schema_markup :   
[2026-02-02 21:06:24] local.INFO: title : Topup Mobile Legends Tercepat dan Murah  
[2026-02-02 21:06:24] local.INFO: meta_description : topup game
  
[2026-02-02 21:06:24] local.INFO: schema_markup :   
[2026-02-02 22:04:38] local.ERROR: Exception occurred: copy(D:\Backend-game-topup\web\project\public\js\filament\forms\components\file-upload.js): Failed to open stream: Permission denied {"exception":"[object] (ErrorException(code: 0): copy(D:\\Backend-game-topup\\web\\project\\public\\js\\filament\\forms\\components\\file-upload.js): Failed to open stream: Permission denied at D:/Backend-game-topup/web/project/vendor/laravel/framework/src/Illuminate/Filesystem/Filesystem.php:342)
[stacktrace]
#0 D:/Backend-game-topup/web/project/vendor/laravel/framework/src/Illuminate/Foundation/Bootstrap/HandleExceptions.php(258): Illuminate/Foundation/Bootstrap/HandleExceptions->handleError(2, 'copy(D://Backend...', 'D://Backend-game...', 342)
#1 [internal function]: Illuminate/Foundation/Bootstrap/HandleExceptions->{closure:Illuminate/Foundation/Bootstrap/HandleExceptions::forwardsTo():257}(2, 'copy(D://Backend...', 'D://Backend-game...', 342)
#2 D:/Backend-game-topup/web/project/vendor/laravel/framework/src/Illuminate/Filesystem/Filesystem.php(342): copy('D://Backend-game...', 'D://Backend-game...')
#3 D:/Backend-game-topup/web/project/vendor/filament/support/src/Commands/AssetsCommand.php(87): Illuminate/Filesystem/Filesystem->copy('D://Backend-game...', 'D://Backend-game...')
#4 D:/Backend-game-topup/web/project/vendor/filament/support/src/Commands/AssetsCommand.php(30): Filament/Support/Commands/AssetsCommand->copyAsset('D://Backend-game...', 'D://Backend-game...')
#5 D:/Backend-game-topup/web/project/vendor/laravel/framework/src/Illuminate/Container/BoundMethod.php(36): Filament/Support/Commands/AssetsCommand->handle(Object(Illuminate/Filesystem/Filesystem))
#6 D:/Backend-game-topup/web/project/vendor/laravel/framework/src/Illuminate/Container/Util.php(43): Illuminate/Container/BoundMethod::{closure:Illuminate/Container/BoundMethod::call():35}()
#7 D:/Backend-game-topup/web/project/vendor/laravel/framework/src/Illuminate/Container/BoundMethod.php(96): Illuminate/Container/Util::unwrapIfClosure(Object(Closure))
#8 D:/Backend-game-topup/web/project/vendor/laravel/framework/src/Illuminate/Container/BoundMethod.php(35): Illuminate/Container/BoundMethod::callBoundMethod(Object(Illuminate/Foundation/Application), Array, Object(Closure))
#9 D:/Backend-game-topup/web/project/vendor/laravel/framework/src/Illuminate/Container/Container.php(799): Illuminate/Container/BoundMethod::call(Object(Illuminate/Foundation/Application), Array, Array, NULL)
#10 D:/Backend-game-topup/web/project/vendor/laravel/framework/src/Illuminate/Console/Command.php(211): Illuminate/Container/Container->call(Array)
#11 D:/Backend-game-topup/web/project/vendor/symfony/console/Command/Command.php(341): Illuminate/Console/Command->execute(Object(Symfony/Component/Console/Input/ArrayInput), Object(Illuminate/Console/OutputStyle))
#12 D:/Backend-game-topup/web/project/vendor/laravel/framework/src/Illuminate/Console/Command.php(180): Symfony/Component/Console/Command/Command->run(Object(Symfony/Component/Console/Input/ArrayInput), Object(Illuminate/Console/OutputStyle))
#13 D:/Backend-game-topup/web/project/vendor/laravel/framework/src/Illuminate/Console/Concerns/CallsCommands.php(68): Illuminate/Console/Command->run(Object(Symfony/Component/Console/Input/ArrayInput), Object(Illuminate/Console/OutputStyle))
#14 D:/Backend-game-topup/web/project/vendor/laravel/framework/src/Illuminate/Console/Concerns/CallsCommands.php(29): Illuminate/Console/Command->runCommand('Filament//Suppor...', Array, Object(Illuminate/Console/OutputStyle))
#15 D:/Backend-game-topup/web/project/vendor/filament/support/src/Commands/UpgradeCommand.php(24): Illuminate/Console/Command->call('Filament//Suppor...')
#16 D:/Backend-game-topup/web/project/vendor/laravel/framework/src/Illuminate/Container/BoundMethod.php(36): Filament/Support/Commands/UpgradeCommand->handle()
#17 D:/Backend-game-topup/web/project/vendor/laravel/framework/src/Illuminate/Container/Util.php(43): Illuminate/Container/BoundMethod::{closure:Illuminate/Container/BoundMethod::call():35}()
#18 D:/Backend-game-topup/web/project/vendor/laravel/framework/src/Illuminate/Container/BoundMethod.php(96): Illuminate/Container/Util::unwrapIfClosure(Object(Closure))
#19 D:/Backend-game-topup/web/project/vendor/laravel/framework/src/Illuminate/Container/BoundMethod.php(35): Illuminate/Container/BoundMethod::callBoundMethod(Object(Illuminate/Foundation/Application), Array, Object(Closure))
#20 D:/Backend-game-topup/web/project/vendor/laravel/framework/src/Illuminate/Container/Container.php(799): Illuminate/Container/BoundMethod::call(Object(Illuminate/Foundation/Application), Array, Array, NULL)
#21 D:/Backend-game-topup/web/project/vendor/laravel/framework/src/Illuminate/Console/Command.php(211): Illuminate/Container/Container->call(Array)
#22 D:/Backend-game-topup/web/project/vendor/symfony/console/Command/Command.php(341): Illuminate/Console/Command->execute(Object(Symfony/Component/Console/Input/ArgvInput), Object(Illuminate/Console/OutputStyle))
#23 D:/Backend-game-topup/web/project/vendor/laravel/framework/src/Illuminate/Console/Command.php(180): Symfony/Component/Console/Command/Command->run(Object(Symfony/Component/Console/Input/ArgvInput), Object(Illuminate/Console/OutputStyle))
#24 D:/Backend-game-topup/web/project/vendor/symfony/console/Application.php(1102): Illuminate/Console/Command->run(Object(Symfony/Component/Console/Input/ArgvInput), Object(Symfony/Component/Console/Output/ConsoleOutput))
#25 D:/Backend-game-topup/web/project/vendor/symfony/console/Application.php(356): Symfony/Component/Console/Application->doRunCommand(Object(Filament/Support/Commands/UpgradeCommand), Object(Symfony/Component/Console/Input/ArgvInput), Object(Symfony/Component/Console/Output/ConsoleOutput))
#26 D:/Backend-game-topup/web/project/vendor/symfony/console/Application.php(195): Symfony/Component/Console/Application->doRun(Object(Symfony/Component/Console/Input/ArgvInput), Object(Symfony/Component/Console/Output/ConsoleOutput))
#27 D:/Backend-game-topup/web/project/vendor/laravel/framework/src/Illuminate/Foundation/Console/Kernel.php(198): Symfony/Component/Console/Application->run(Object(Symfony/Component/Console/Input/ArgvInput), Object(Symfony/Component/Console/Output/ConsoleOutput))
#28 D:/Backend-game-topup/web/project/artisan(35): Illuminate/Foundation/Console/Kernel->handle(Object(Symfony/Component/Console/Input/ArgvInput), Object(Symfony/Component/Console/Output/ConsoleOutput))
#29 {main}
"} 
[2026-02-02 22:04:38] local.ERROR: copy(D:\Backend-game-topup\web\project\public\js\filament\forms\components\file-upload.js): Failed to open stream: Permission denied {"exception":"[object] (ErrorException(code: 0): copy(D:\\Backend-game-topup\\web\\project\\public\\js\\filament\\forms\\components\\file-upload.js): Failed to open stream: Permission denied at D:/Backend-game-topup/web/project/vendor/laravel/framework/src/Illuminate/Filesystem/Filesystem.php:342)
[stacktrace]
#0 D:/Backend-game-topup/web/project/vendor/laravel/framework/src/Illuminate/Foundation/Bootstrap/HandleExceptions.php(258): Illuminate/Foundation/Bootstrap/HandleExceptions->handleError(2, 'copy(D://Backend...', 'D://Backend-game...', 342)
#1 [internal function]: Illuminate/Foundation/Bootstrap/HandleExceptions->{closure:Illuminate/Foundation/Bootstrap/HandleExceptions::forwardsTo():257}(2, 'copy(D://Backend...', 'D://Backend-game...', 342)
#2 D:/Backend-game-topup/web/project/vendor/laravel/framework/src/Illuminate/Filesystem/Filesystem.php(342): copy('D://Backend-game...', 'D://Backend-game...')
#3 D:/Backend-game-topup/web/project/vendor/filament/support/src/Commands/AssetsCommand.php(87): Illuminate/Filesystem/Filesystem->copy('D://Backend-game...', 'D://Backend-game...')
#4 D:/Backend-game-topup/web/project/vendor/filament/support/src/Commands/AssetsCommand.php(30): Filament/Support/Commands/AssetsCommand->copyAsset('D://Backend-game...', 'D://Backend-game...')
#5 D:/Backend-game-topup/web/project/vendor/laravel/framework/src/Illuminate/Container/BoundMethod.php(36): Filament/Support/Commands/AssetsCommand->handle(Object(Illuminate/Filesystem/Filesystem))
#6 D:/Backend-game-topup/web/project/vendor/laravel/framework/src/Illuminate/Container/Util.php(43): Illuminate/Container/BoundMethod::{closure:Illuminate/Container/BoundMethod::call():35}()
#7 D:/Backend-game-topup/web/project/vendor/laravel/framework/src/Illuminate/Container/BoundMethod.php(96): Illuminate/Container/Util::unwrapIfClosure(Object(Closure))
#8 D:/Backend-game-topup/web/project/vendor/laravel/framework/src/Illuminate/Container/BoundMethod.php(35): Illuminate/Container/BoundMethod::callBoundMethod(Object(Illuminate/Foundation/Application), Array, Object(Closure))
#9 D:/Backend-game-topup/web/project/vendor/laravel/framework/src/Illuminate/Container/Container.php(799): Illuminate/Container/BoundMethod::call(Object(Illuminate/Foundation/Application), Array, Array, NULL)
#10 D:/Backend-game-topup/web/project/vendor/laravel/framework/src/Illuminate/Console/Command.php(211): Illuminate/Container/Container->call(Array)
#11 D:/Backend-game-topup/web/project/vendor/symfony/console/Command/Command.php(341): Illuminate/Console/Command->execute(Object(Symfony/Component/Console/Input/ArrayInput), Object(Illuminate/Console/OutputStyle))
#12 D:/Backend-game-topup/web/project/vendor/laravel/framework/src/Illuminate/Console/Command.php(180): Symfony/Component/Console/Command/Command->run(Object(Symfony/Component/Console/Input/ArrayInput), Object(Illuminate/Console/OutputStyle))
#13 D:/Backend-game-topup/web/project/vendor/laravel/framework/src/Illuminate/Console/Concerns/CallsCommands.php(68): Illuminate/Console/Command->run(Object(Symfony/Component/Console/Input/ArrayInput), Object(Illuminate/Console/OutputStyle))
#14 D:/Backend-game-topup/web/project/vendor/laravel/framework/src/Illuminate/Console/Concerns/CallsCommands.php(29): Illuminate/Console/Command->runCommand('Filament//Suppor...', Array, Object(Illuminate/Console/OutputStyle))
#15 D:/Backend-game-topup/web/project/vendor/filament/support/src/Commands/UpgradeCommand.php(24): Illuminate/Console/Command->call('Filament//Suppor...')
#16 D:/Backend-game-topup/web/project/vendor/laravel/framework/src/Illuminate/Container/BoundMethod.php(36): Filament/Support/Commands/UpgradeCommand->handle()
#17 D:/Backend-game-topup/web/project/vendor/laravel/framework/src/Illuminate/Container/Util.php(43): Illuminate/Container/BoundMethod::{closure:Illuminate/Container/BoundMethod::call():35}()
#18 D:/Backend-game-topup/web/project/vendor/laravel/framework/src/Illuminate/Container/BoundMethod.php(96): Illuminate/Container/Util::unwrapIfClosure(Object(Closure))
#19 D:/Backend-game-topup/web/project/vendor/laravel/framework/src/Illuminate/Container/BoundMethod.php(35): Illuminate/Container/BoundMethod::callBoundMethod(Object(Illuminate/Foundation/Application), Array, Object(Closure))
#20 D:/Backend-game-topup/web/project/vendor/laravel/framework/src/Illuminate/Container/Container.php(799): Illuminate/Container/BoundMethod::call(Object(Illuminate/Foundation/Application), Array, Array, NULL)
#21 D:/Backend-game-topup/web/project/vendor/laravel/framework/src/Illuminate/Console/Command.php(211): Illuminate/Container/Container->call(Array)
#22 D:/Backend-game-topup/web/project/vendor/symfony/console/Command/Command.php(341): Illuminate/Console/Command->execute(Object(Symfony/Component/Console/Input/ArgvInput), Object(Illuminate/Console/OutputStyle))
#23 D:/Backend-game-topup/web/project/vendor/laravel/framework/src/Illuminate/Console/Command.php(180): Symfony/Component/Console/Command/Command->run(Object(Symfony/Component/Console/Input/ArgvInput), Object(Illuminate/Console/OutputStyle))
#24 D:/Backend-game-topup/web/project/vendor/symfony/console/Application.php(1102): Illuminate/Console/Command->run(Object(Symfony/Component/Console/Input/ArgvInput), Object(Symfony/Component/Console/Output/ConsoleOutput))
#25 D:/Backend-game-topup/web/project/vendor/symfony/console/Application.php(356): Symfony/Component/Console/Application->doRunCommand(Object(Filament/Support/Commands/UpgradeCommand), Object(Symfony/Component/Console/Input/ArgvInput), Object(Symfony/Component/Console/Output/ConsoleOutput))
#26 D:/Backend-game-topup/web/project/vendor/symfony/console/Application.php(195): Symfony/Component/Console/Application->doRun(Object(Symfony/Component/Console/Input/ArgvInput), Object(Symfony/Component/Console/Output/ConsoleOutput))
#27 D:/Backend-game-topup/web/project/vendor/laravel/framework/src/Illuminate/Foundation/Console/Kernel.php(198): Symfony/Component/Console/Application->run(Object(Symfony/Component/Console/Input/ArgvInput), Object(Symfony/Component/Console/Output/ConsoleOutput))
#28 D:/Backend-game-topup/web/project/artisan(35): Illuminate/Foundation/Console/Kernel->handle(Object(Symfony/Component/Console/Input/ArgvInput), Object(Symfony/Component/Console/Output/ConsoleOutput))
#29 {main}
"} 
[2026-02-02 22:07:25] local.ERROR: Exception occurred: Trait "Filament\Models\Concerns\TwoFactorAuthentication" not found {"exception":"[object] (Symfony\\Component\\ErrorHandler\\Error\\FatalError(code: 0): Trait \"Filament\\Models\\Concerns\\TwoFactorAuthentication\" not found at D:/Backend-game-topup/web/project/app/Models/User.php:15)
[stacktrace]
#0 {main}
"} 
[2026-02-02 22:07:25] local.ERROR: Trait "Filament\Models\Concerns\TwoFactorAuthentication" not found {"exception":"[object] (Symfony\\Component\\ErrorHandler\\Error\\FatalError(code: 0): Trait \"Filament\\Models\\Concerns\\TwoFactorAuthentication\" not found at D:/Backend-game-topup/web/project/app/Models/User.php:15)
[stacktrace]
#0 {main}
"} 
[2026-02-02 22:31:17] local.ERROR: Exception occurred: Class "App\Providers\Filament\AppAuthentication" not found {"exception":"[object] (Error(code: 0): Class \"App\\Providers\\Filament\\AppAuthentication\" not found at D:/Backend-game-topup/web/project/app/Providers/Filament/AdminPanelProvider.php:27)
[stacktrace]
#0 D:/Backend-game-topup/web/project/vendor/filament/filament/src/PanelProvider.php(15): App/Providers/Filament/AdminPanelProvider->panel(Object(Filament/Panel))
#1 D:/Backend-game-topup/web/project/vendor/laravel/framework/src/Illuminate/Collections/helpers.php(266): Filament/PanelProvider->{closure:Filament/PanelProvider::register():15}()
#2 D:/Backend-game-topup/web/project/vendor/filament/filament/src/Facades/Filament.php(170): value(Object(Closure))
#3 D:/Backend-game-topup/web/project/vendor/laravel/framework/src/Illuminate/Container/Container.php(1622): Filament/Facades/Filament::{closure:Filament/Facades/Filament::registerPanel():170}(Object(Filament/PanelRegistry), Object(Illuminate/Foundation/Application))
#4 D:/Backend-game-topup/web/project/vendor/laravel/framework/src/Illuminate/Container/Container.php(1542): Illuminate/Container/Container->fireCallbackArray(Object(Filament/PanelRegistry), Array)
#5 D:/Backend-game-topup/web/project/vendor/laravel/framework/src/Illuminate/Container/Container.php(951): Illuminate/Container/Container->fireResolvingCallbacks('Filament//PanelR...', Object(Filament/PanelRegistry))
#6 D:/Backend-game-topup/web/project/vendor/laravel/framework/src/Illuminate/Foundation/Application.php(1078): Illuminate/Container/Container->resolve('Filament//PanelR...', Array, true)
#7 D:/Backend-game-topup/web/project/vendor/laravel/framework/src/Illuminate/Container/Container.php(864): Illuminate/Foundation/Application->resolve('Filament//PanelR...', Array)
#8 D:/Backend-game-topup/web/project/vendor/laravel/framework/src/Illuminate/Foundation/Application.php(1058): Illuminate/Container/Container->make('Filament//PanelR...', Array)
#9 D:/Backend-game-topup/web/project/vendor/laravel/framework/src/Illuminate/Foundation/helpers.php(138): Illuminate/Foundation/Application->make('Filament//PanelR...', Array)
#10 D:/Backend-game-topup/web/project/vendor/filament/filament/src/FilamentManager.php(358): app('Filament//PanelR...')
#11 D:/Backend-game-topup/web/project/vendor/laravel/framework/src/Illuminate/Support/Facades/Facade.php(363): Filament/FilamentManager->getPanels()
#12 D:/Backend-game-topup/web/project/vendor/filament/filament/routes/web.php(15): Illuminate/Support/Facades/Facade::__callStatic('getPanels', Array)
#13 D:/Backend-game-topup/web/project/vendor/laravel/framework/src/Illuminate/Routing/Router.php(524): Illuminate/Support/ServiceProvider->{closure:D:/Backend-game-topup/web/project/vendor/filament/filament/routes/web.php:14}(Object(Illuminate/Routing/Router))
#14 D:/Backend-game-topup/web/project/vendor/laravel/framework/src/Illuminate/Routing/Router.php(480): Illuminate/Routing/Router->loadRoutes(Object(Closure))
#15 D:/Backend-game-topup/web/project/vendor/laravel/framework/src/Illuminate/Routing/RouteRegistrar.php(212): Illuminate/Routing/Router->group(Array, Object(Closure))
#16 D:/Backend-game-topup/web/project/vendor/filament/filament/routes/web.php(14): Illuminate/Routing/RouteRegistrar->group(Object(Closure))
#17 D:/Backend-game-topup/web/project/vendor/laravel/framework/src/Illuminate/Support/ServiceProvider.php(201): require('D://Backend-game...')
#18 D:/Backend-game-topup/web/project/vendor/spatie/laravel-package-tools/src/Concerns/PackageServiceProvider/ProcessRoutes.php(14): Illuminate/Support/ServiceProvider->loadRoutesFrom('D://Backend-game...')
#19 D:/Backend-game-topup/web/project/vendor/spatie/laravel-package-tools/src/PackageServiceProvider.php(85): Spatie/LaravelPackageTools/PackageServiceProvider->bootPackageRoutes()
#20 D:/Backend-game-topup/web/project/vendor/laravel/framework/src/Illuminate/Container/BoundMethod.php(36): Spatie/LaravelPackageTools/PackageServiceProvider->boot()
#21 D:/Backend-game-topup/web/project/vendor/laravel/framework/src/Illuminate/Container/Util.php(43): Illuminate/Container/BoundMethod::{closure:Illuminate/Container/BoundMethod::call():35}()
#22 D:/Backend-game-topup/web/project/vendor/laravel/framework/src/Illuminate/Container/BoundMethod.php(96): Illuminate/Container/Util::unwrapIfClosure(Object(Closure))
#23 D:/Backend-game-topup/web/project/vendor/laravel/framework/src/Illuminate/Container/BoundMethod.php(35): Illuminate/Container/BoundMethod::callBoundMethod(Object(Illuminate/Foundation/Application), Array, Object(Closure))
#24 D:/Backend-game-topup/web/project/vendor/laravel/framework/src/Illuminate/Container/Container.php(799): Illuminate/Container/BoundMethod::call(Object(Illuminate/Foundation/Application), Array, Array, NULL)
#25 D:/Backend-game-topup/web/project/vendor/laravel/framework/src/Illuminate/Foundation/Application.php(1151): Illuminate/Container/Container->call(Array)
#26 D:/Backend-game-topup/web/project/vendor/laravel/framework/src/Illuminate/Foundation/Application.php(1132): Illuminate/Foundation/Application->bootProvider(Object(Filament/FilamentServiceProvider))
#27 [internal function]: Illuminate/Foundation/Application->{closure:Illuminate/Foundation/Application::boot():1131}(Object(Filament/FilamentServiceProvider), 'Filament//Filame...')
#28 D:/Backend-game-topup/web/project/vendor/laravel/framework/src/Illuminate/Foundation/Application.php(1131): array_walk(Array, Object(Closure))
#29 D:/Backend-game-topup/web/project/vendor/laravel/framework/src/Illuminate/Foundation/Bootstrap/BootProviders.php(17): Illuminate/Foundation/Application->boot()
#30 D:/Backend-game-topup/web/project/vendor/laravel/framework/src/Illuminate/Foundation/Application.php(342): Illuminate/Foundation/Bootstrap/BootProviders->bootstrap(Object(Illuminate/Foundation/Application))
#31 D:/Backend-game-topup/web/project/vendor/laravel/framework/src/Illuminate/Foundation/Console/Kernel.php(494): Illuminate/Foundation/Application->bootstrapWith(Array)
#32 D:/Backend-game-topup/web/project/vendor/laravel/framework/src/Illuminate/Foundation/Console/Kernel.php(196): Illuminate/Foundation/Console/Kernel->bootstrap()
#33 D:/Backend-game-topup/web/project/artisan(35): Illuminate/Foundation/Console/Kernel->handle(Object(Symfony/Component/Console/Input/ArgvInput), Object(Symfony/Component/Console/Output/ConsoleOutput))
#34 {main}
"} 
[2026-02-02 22:31:17] local.ERROR: Class "App\Providers\Filament\AppAuthentication" not found {"exception":"[object] (Error(code: 0): Class \"App\\Providers\\Filament\\AppAuthentication\" not found at D:/Backend-game-topup/web/project/app/Providers/Filament/AdminPanelProvider.php:27)
[stacktrace]
#0 D:/Backend-game-topup/web/project/vendor/filament/filament/src/PanelProvider.php(15): App/Providers/Filament/AdminPanelProvider->panel(Object(Filament/Panel))
#1 D:/Backend-game-topup/web/project/vendor/laravel/framework/src/Illuminate/Collections/helpers.php(266): Filament/PanelProvider->{closure:Filament/PanelProvider::register():15}()
#2 D:/Backend-game-topup/web/project/vendor/filament/filament/src/Facades/Filament.php(170): value(Object(Closure))
#3 D:/Backend-game-topup/web/project/vendor/laravel/framework/src/Illuminate/Container/Container.php(1622): Filament/Facades/Filament::{closure:Filament/Facades/Filament::registerPanel():170}(Object(Filament/PanelRegistry), Object(Illuminate/Foundation/Application))
#4 D:/Backend-game-topup/web/project/vendor/laravel/framework/src/Illuminate/Container/Container.php(1542): Illuminate/Container/Container->fireCallbackArray(Object(Filament/PanelRegistry), Array)
#5 D:/Backend-game-topup/web/project/vendor/laravel/framework/src/Illuminate/Container/Container.php(951): Illuminate/Container/Container->fireResolvingCallbacks('Filament//PanelR...', Object(Filament/PanelRegistry))
#6 D:/Backend-game-topup/web/project/vendor/laravel/framework/src/Illuminate/Foundation/Application.php(1078): Illuminate/Container/Container->resolve('Filament//PanelR...', Array, true)
#7 D:/Backend-game-topup/web/project/vendor/laravel/framework/src/Illuminate/Container/Container.php(864): Illuminate/Foundation/Application->resolve('Filament//PanelR...', Array)
#8 D:/Backend-game-topup/web/project/vendor/laravel/framework/src/Illuminate/Foundation/Application.php(1058): Illuminate/Container/Container->make('Filament//PanelR...', Array)
#9 D:/Backend-game-topup/web/project/vendor/laravel/framework/src/Illuminate/Foundation/helpers.php(138): Illuminate/Foundation/Application->make('Filament//PanelR...', Array)
#10 D:/Backend-game-topup/web/project/vendor/filament/filament/src/FilamentManager.php(358): app('Filament//PanelR...')
#11 D:/Backend-game-topup/web/project/vendor/laravel/framework/src/Illuminate/Support/Facades/Facade.php(363): Filament/FilamentManager->getPanels()
#12 D:/Backend-game-topup/web/project/vendor/filament/filament/routes/web.php(15): Illuminate/Support/Facades/Facade::__callStatic('getPanels', Array)
#13 D:/Backend-game-topup/web/project/vendor/laravel/framework/src/Illuminate/Routing/Router.php(524): Illuminate/Support/ServiceProvider->{closure:D:/Backend-game-topup/web/project/vendor/filament/filament/routes/web.php:14}(Object(Illuminate/Routing/Router))
#14 D:/Backend-game-topup/web/project/vendor/laravel/framework/src/Illuminate/Routing/Router.php(480): Illuminate/Routing/Router->loadRoutes(Object(Closure))
#15 D:/Backend-game-topup/web/project/vendor/laravel/framework/src/Illuminate/Routing/RouteRegistrar.php(212): Illuminate/Routing/Router->group(Array, Object(Closure))
#16 D:/Backend-game-topup/web/project/vendor/filament/filament/routes/web.php(14): Illuminate/Routing/RouteRegistrar->group(Object(Closure))
#17 D:/Backend-game-topup/web/project/vendor/laravel/framework/src/Illuminate/Support/ServiceProvider.php(201): require('D://Backend-game...')
#18 D:/Backend-game-topup/web/project/vendor/spatie/laravel-package-tools/src/Concerns/PackageServiceProvider/ProcessRoutes.php(14): Illuminate/Support/ServiceProvider->loadRoutesFrom('D://Backend-game...')
#19 D:/Backend-game-topup/web/project/vendor/spatie/laravel-package-tools/src/PackageServiceProvider.php(85): Spatie/LaravelPackageTools/PackageServiceProvider->bootPackageRoutes()
#20 D:/Backend-game-topup/web/project/vendor/laravel/framework/src/Illuminate/Container/BoundMethod.php(36): Spatie/LaravelPackageTools/PackageServiceProvider->boot()
#21 D:/Backend-game-topup/web/project/vendor/laravel/framework/src/Illuminate/Container/Util.php(43): Illuminate/Container/BoundMethod::{closure:Illuminate/Container/BoundMethod::call():35}()
#22 D:/Backend-game-topup/web/project/vendor/laravel/framework/src/Illuminate/Container/BoundMethod.php(96): Illuminate/Container/Util::unwrapIfClosure(Object(Closure))
#23 D:/Backend-game-topup/web/project/vendor/laravel/framework/src/Illuminate/Container/BoundMethod.php(35): Illuminate/Container/BoundMethod::callBoundMethod(Object(Illuminate/Foundation/Application), Array, Object(Closure))
#24 D:/Backend-game-topup/web/project/vendor/laravel/framework/src/Illuminate/Container/Container.php(799): Illuminate/Container/BoundMethod::call(Object(Illuminate/Foundation/Application), Array, Array, NULL)
#25 D:/Backend-game-topup/web/project/vendor/laravel/framework/src/Illuminate/Foundation/Application.php(1151): Illuminate/Container/Container->call(Array)
#26 D:/Backend-game-topup/web/project/vendor/laravel/framework/src/Illuminate/Foundation/Application.php(1132): Illuminate/Foundation/Application->bootProvider(Object(Filament/FilamentServiceProvider))
#27 [internal function]: Illuminate/Foundation/Application->{closure:Illuminate/Foundation/Application::boot():1131}(Object(Filament/FilamentServiceProvider), 'Filament//Filame...')
#28 D:/Backend-game-topup/web/project/vendor/laravel/framework/src/Illuminate/Foundation/Application.php(1131): array_walk(Array, Object(Closure))
#29 D:/Backend-game-topup/web/project/vendor/laravel/framework/src/Illuminate/Foundation/Bootstrap/BootProviders.php(17): Illuminate/Foundation/Application->boot()
#30 D:/Backend-game-topup/web/project/vendor/laravel/framework/src/Illuminate/Foundation/Application.php(342): Illuminate/Foundation/Bootstrap/BootProviders->bootstrap(Object(Illuminate/Foundation/Application))
#31 D:/Backend-game-topup/web/project/vendor/laravel/framework/src/Illuminate/Foundation/Console/Kernel.php(494): Illuminate/Foundation/Application->bootstrapWith(Array)
#32 D:/Backend-game-topup/web/project/vendor/laravel/framework/src/Illuminate/Foundation/Console/Kernel.php(196): Illuminate/Foundation/Console/Kernel->bootstrap()
#33 D:/Backend-game-topup/web/project/artisan(35): Illuminate/Foundation/Console/Kernel->handle(Object(Symfony/Component/Console/Input/ArgvInput), Object(Symfony/Component/Console/Output/ConsoleOutput))
#34 {main}
"} 
[2026-02-02 22:32:04] local.ERROR: Exception occurred: Trait "Filament\Auth\MultiFactor\App\Concerns\InteractsWithAppAuthentication" not found {"exception":"[object] (Symfony\\Component\\ErrorHandler\\Error\\FatalError(code: 0): Trait \"Filament\\Auth\\MultiFactor\\App\\Concerns\\InteractsWithAppAuthentication\" not found at D:/Backend-game-topup/web/project/app/Models/User.php:16)
[stacktrace]
#0 {main}
"} 
[2026-02-02 22:32:04] local.ERROR: Trait "Filament\Auth\MultiFactor\App\Concerns\InteractsWithAppAuthentication" not found {"exception":"[object] (Symfony\\Component\\ErrorHandler\\Error\\FatalError(code: 0): Trait \"Filament\\Auth\\MultiFactor\\App\\Concerns\\InteractsWithAppAuthentication\" not found at D:/Backend-game-topup/web/project/app/Models/User.php:16)
[stacktrace]
#0 {main}
"} 
[2026-02-02 23:04:06] local.ERROR: Exception occurred: Trait "Filament\Auth\MultiFactor\App\Concerns\InteractsWithAppAuthentication" not found {"exception":"[object] (Symfony\\Component\\ErrorHandler\\Error\\FatalError(code: 0): Trait \"Filament\\Auth\\MultiFactor\\App\\Concerns\\InteractsWithAppAuthentication\" not found at D:/Backend-game-topup/web/project/app/Models/User.php:16)
[stacktrace]
#0 {main}
"} 
[2026-02-02 23:04:06] local.ERROR: Trait "Filament\Auth\MultiFactor\App\Concerns\InteractsWithAppAuthentication" not found {"exception":"[object] (Symfony\\Component\\ErrorHandler\\Error\\FatalError(code: 0): Trait \"Filament\\Auth\\MultiFactor\\App\\Concerns\\InteractsWithAppAuthentication\" not found at D:/Backend-game-topup/web/project/app/Models/User.php:16)
[stacktrace]
#0 {main}
"} 
[2026-02-02 23:04:09] local.ERROR: Exception occurred: Trait "Filament\Auth\MultiFactor\App\Concerns\InteractsWithAppAuthentication" not found {"exception":"[object] (Symfony\\Component\\ErrorHandler\\Error\\FatalError(code: 0): Trait \"Filament\\Auth\\MultiFactor\\App\\Concerns\\InteractsWithAppAuthentication\" not found at D:/Backend-game-topup/web/project/app/Models/User.php:16)
[stacktrace]
#0 {main}
"} 
[2026-02-02 23:04:09] local.ERROR: Trait "Filament\Auth\MultiFactor\App\Concerns\InteractsWithAppAuthentication" not found {"exception":"[object] (Symfony\\Component\\ErrorHandler\\Error\\FatalError(code: 0): Trait \"Filament\\Auth\\MultiFactor\\App\\Concerns\\InteractsWithAppAuthentication\" not found at D:/Backend-game-topup/web/project/app/Models/User.php:16)
[stacktrace]
#0 {main}
"} 
[2026-02-02 23:23:10] local.ERROR: Exception occurred: The user model must implement the [Filament\Auth\MultiFactor\App\Contracts\HasAppAuthentication] interface to use app authentication. (View: D:\Backend-game-topup\web\project\vendor\filament\schemas\resources\views\components\grid.blade.php) (View: D:\Backend-game-topup\web\project\vendor\filament\schemas\resources\views\components\grid.blade.php) (View: D:\Backend-game-topup\web\project\vendor\filament\schemas\resources\views\components\grid.blade.php) {"exception":"[object] (Illuminate\\View\\ViewException(code: 0): The user model must implement the [Filament\\Auth\\MultiFactor\\App\\Contracts\\HasAppAuthentication] interface to use app authentication. (View: D:\\Backend-game-topup\\web\\project\\vendor\\filament\\schemas\\resources\\views\\components\\grid.blade.php) (View: D:\\Backend-game-topup\\web\\project\\vendor\\filament\\schemas\\resources\\views\\components\\grid.blade.php) (View: D:\\Backend-game-topup\\web\\project\\vendor\\filament\\schemas\\resources\\views\\components\\grid.blade.php) at D:/Backend-game-topup/web/project/vendor/filament/filament/src/Auth/MultiFactor/App/AppAuthentication.php:66)
[stacktrace]
#0 D:/Backend-game-topup/web/project/vendor/livewire/livewire/src/Mechanisms/ExtendBlade/ExtendedCompilerEngine.php(58): Illuminate/View/Engines/CompilerEngine->handleViewException(Object(Illuminate/View/ViewException), 1)
#1 D:/Backend-game-topup/web/project/vendor/livewire/livewire/src/Mechanisms/ExtendBlade/ExtendedCompilerEngine.php(40): Livewire/Mechanisms/ExtendBlade/ExtendedCompilerEngine->handleViewException(Object(Illuminate/View/ViewException), 1)
#2 D:/Backend-game-topup/web/project/vendor/laravel/framework/src/Illuminate/View/Engines/CompilerEngine.php(76): Livewire/Mechanisms/ExtendBlade/ExtendedCompilerEngine->evaluatePath('D://Backend-game...', Array)
#3 D:/Backend-game-topup/web/project/vendor/livewire/livewire/src/Mechanisms/ExtendBlade/ExtendedCompilerEngine.php(16): Illuminate/View/Engines/CompilerEngine->get('D://Backend-game...', Array)
#4 D:/Backend-game-topup/web/project/vendor/laravel/framework/src/Illuminate/View/View.php(208): Livewire/Mechanisms/ExtendBlade/ExtendedCompilerEngine->get('D://Backend-game...', Array)
#5 D:/Backend-game-topup/web/project/vendor/laravel/framework/src/Illuminate/View/View.php(191): Illuminate/View/View->getContents()
#6 D:/Backend-game-topup/web/project/vendor/laravel/framework/src/Illuminate/View/View.php(160): Illuminate/View/View->renderContents()
#7 D:/Backend-game-topup/web/project/vendor/livewire/livewire/src/Mechanisms/HandleComponents/HandleComponents.php(259): Illuminate/View/View->render(Object(Closure))
#8 D:/Backend-game-topup/web/project/vendor/livewire/livewire/src/Mechanisms/HandleComponents/HandleComponents.php(303): Livewire/Mechanisms/HandleComponents/HandleComponents->{closure:Livewire/Mechanisms/HandleComponents/HandleComponents::render():251}()
#9 D:/Backend-game-topup/web/project/vendor/livewire/livewire/src/Mechanisms/HandleComponents/HandleComponents.php(251): Livewire/Mechanisms/HandleComponents/HandleComponents->trackInRenderStack(Object(Filament/Auth/Pages/EditProfile), Object(Closure))
#10 D:/Backend-game-topup/web/project/vendor/livewire/livewire/src/Mechanisms/HandleComponents/HandleComponents.php(54): Livewire/Mechanisms/HandleComponents/HandleComponents->render(Object(Filament/Auth/Pages/EditProfile), '<div></div>')
#11 D:/Backend-game-topup/web/project/vendor/livewire/livewire/src/LivewireManager.php(73): Livewire/Mechanisms/HandleComponents/HandleComponents->mount('Filament//Auth//P...', Array, NULL)
#12 D:/Backend-game-topup/web/project/vendor/livewire/livewire/src/Features/SupportPageComponents/HandlesPageComponents.php(17): Livewire/LivewireManager->mount('Filament//Auth//P...', Array)
#13 D:/Backend-game-topup/web/project/vendor/livewire/livewire/src/Features/SupportPageComponents/SupportPageComponents.php(117): Livewire/Component->{closure:Livewire/Features/SupportPageComponents/HandlesPageComponents::__invoke():14}()
#14 D:/Backend-game-topup/web/project/vendor/livewire/livewire/src/Features/SupportPageComponents/HandlesPageComponents.php(14): Livewire/Features/SupportPageComponents/SupportPageComponents::interceptTheRenderOfTheComponentAndRetreiveTheLayoutConfiguration(Object(Closure))
#15 D:/Backend-game-topup/web/project/vendor/laravel/framework/src/Illuminate/Routing/ControllerDispatcher.php(46): Livewire/Component->__invoke()
#16 D:/Backend-game-topup/web/project/vendor/laravel/framework/src/Illuminate/Routing/Route.php(265): Illuminate/Routing/ControllerDispatcher->dispatch(Object(Illuminate/Routing/Route), Object(Filament/Auth/Pages/EditProfile), '__invoke')
#17 D:/Backend-game-topup/web/project/vendor/laravel/framework/src/Illuminate/Routing/Route.php(211): Illuminate/Routing/Route->runController()
#18 D:/Backend-game-topup/web/project/vendor/laravel/framework/src/Illuminate/Routing/Router.php(822): Illuminate/Routing/Route->run()
#19 D:/Backend-game-topup/web/project/vendor/laravel/framework/src/Illuminate/Pipeline/Pipeline.php(180): Illuminate/Routing/Router->{closure:Illuminate/Routing/Router::runRouteWithinStack():821}(Object(Illuminate/Http/Request))
#20 D:/Backend-game-topup/web/project/app/Http/Middleware/CheckRole.php(22): Illuminate/Pipeline/Pipeline->{closure:Illuminate/Pipeline/Pipeline::prepareDestination():178}(Object(Illuminate/Http/Request))
#21 D:/Backend-game-topup/web/project/vendor/laravel/framework/src/Illuminate/Pipeline/Pipeline.php(219): App/Http/Middleware/CheckRole->handle(Object(Illuminate/Http/Request), Object(Closure))
#22 D:/Backend-game-topup/web/project/vendor/filament/filament/src/Http/Middleware/DispatchServingFilamentEvent.php(15): Illuminate/Pipeline/Pipeline->{closure:{closure:Illuminate/Pipeline/Pipeline::carry():194}:195}(Object(Illuminate/Http/Request))
#23 D:/Backend-game-topup/web/project/vendor/laravel/framework/src/Illuminate/Pipeline/Pipeline.php(219): Filament/Http/Middleware/DispatchServingFilamentEvent->handle(Object(Illuminate/Http/Request), Object(Closure))
#24 D:/Backend-game-topup/web/project/vendor/filament/filament/src/Http/Middleware/DisableBladeIconComponents.php(14): Illuminate/Pipeline/Pipeline->{closure:{closure:Illuminate/Pipeline/Pipeline::carry():194}:195}(Object(Illuminate/Http/Request))
#25 D:/Backend-game-topup/web/project/vendor/laravel/framework/src/Illuminate/Pipeline/Pipeline.php(219): Filament/Http/Middleware/DisableBladeIconComponents->handle(Object(Illuminate/Http/Request), Object(Closure))
#26 D:/Backend-game-topup/web/project/vendor/laravel/framework/src/Illuminate/Routing/Middleware/SubstituteBindings.php(50): Illuminate/Pipeline/Pipeline->{closure:{closure:Illuminate/Pipeline/Pipeline::carry():194}:195}(Object(Illuminate/Http/Request))
#27 D:/Backend-game-topup/web/project/vendor/laravel/framework/src/Illuminate/Pipeline/Pipeline.php(219): Illuminate/Routing/Middleware/SubstituteBindings->handle(Object(Illuminate/Http/Request), Object(Closure))
#28 D:/Backend-game-topup/web/project/vendor/laravel/framework/src/Illuminate/Foundation/Http/Middleware/VerifyCsrfToken.php(87): Illuminate/Pipeline/Pipeline->{closure:{closure:Illuminate/Pipeline/Pipeline::carry():194}:195}(Object(Illuminate/Http/Request))
#29 D:/Backend-game-topup/web/project/vendor/laravel/framework/src/Illuminate/Pipeline/Pipeline.php(219): Illuminate/Foundation/Http/Middleware/VerifyCsrfToken->handle(Object(Illuminate/Http/Request), Object(Closure))
#30 D:/Backend-game-topup/web/project/vendor/laravel/framework/src/Illuminate/Session/Middleware/AuthenticateSession.php(70): Illuminate/Pipeline/Pipeline->{closure:{closure:Illuminate/Pipeline/Pipeline::carry():194}:195}(Object(Illuminate/Http/Request))
#31 D:/Backend-game-topup/web/project/vendor/laravel/framework/src/Illuminate/Pipeline/Pipeline.php(219): Illuminate/Session/Middleware/AuthenticateSession->handle(Object(Illuminate/Http/Request), Object(Closure))
#32 D:/Backend-game-topup/web/project/vendor/laravel/framework/src/Illuminate/Auth/Middleware/Authenticate.php(63): Illuminate/Pipeline/Pipeline->{closure:{closure:Illuminate/Pipeline/Pipeline::carry():194}:195}(Object(Illuminate/Http/Request))
#33 D:/Backend-game-topup/web/project/vendor/laravel/framework/src/Illuminate/Pipeline/Pipeline.php(219): Illuminate/Auth/Middleware/Authenticate->handle(Object(Illuminate/Http/Request), Object(Closure))
#34 D:/Backend-game-topup/web/project/vendor/laravel/framework/src/Illuminate/View/Middleware/ShareErrorsFromSession.php(48): Illuminate/Pipeline/Pipeline->{closure:{closure:Illuminate/Pipeline/Pipeline::carry():194}:195}(Object(Illuminate/Http/Request))
#35 D:/Backend-game-topup/web/project/vendor/laravel/framework/src/Illuminate/Pipeline/Pipeline.php(219): Illuminate/View/Middleware/ShareErrorsFromSession->handle(Object(Illuminate/Http/Request), Object(Closure))
#36 D:/Backend-game-topup/web/project/vendor/laravel/framework/src/Illuminate/Session/Middleware/StartSession.php(120): Illuminate/Pipeline/Pipeline->{closure:{closure:Illuminate/Pipeline/Pipeline::carry():194}:195}(Object(Illuminate/Http/Request))
#37 D:/Backend-game-topup/web/project/vendor/laravel/framework/src/Illuminate/Session/Middleware/StartSession.php(63): Illuminate/Session/Middleware/StartSession->handleStatefulRequest(Object(Illuminate/Http/Request), Object(Illuminate/Session/EncryptedStore), Object(Closure))
#38 D:/Backend-game-topup/web/project/vendor/laravel/framework/src/Illuminate/Pipeline/Pipeline.php(219): Illuminate/Session/Middleware/StartSession->handle(Object(Illuminate/Http/Request), Object(Closure))
#39 D:/Backend-game-topup/web/project/vendor/laravel/framework/src/Illuminate/Cookie/Middleware/AddQueuedCookiesToResponse.php(36): Illuminate/Pipeline/Pipeline->{closure:{closure:Illuminate/Pipeline/Pipeline::carry():194}:195}(Object(Illuminate/Http/Request))
#40 D:/Backend-game-topup/web/project/vendor/laravel/framework/src/Illuminate/Pipeline/Pipeline.php(219): Illuminate/Cookie/Middleware/AddQueuedCookiesToResponse->handle(Object(Illuminate/Http/Request), Object(Closure))
#41 D:/Backend-game-topup/web/project/vendor/laravel/framework/src/Illuminate/Cookie/Middleware/EncryptCookies.php(74): Illuminate/Pipeline/Pipeline->{closure:{closure:Illuminate/Pipeline/Pipeline::carry():194}:195}(Object(Illuminate/Http/Request))
#42 D:/Backend-game-topup/web/project/vendor/laravel/framework/src/Illuminate/Pipeline/Pipeline.php(219): Illuminate/Cookie/Middleware/EncryptCookies->handle(Object(Illuminate/Http/Request), Object(Closure))
#43 D:/Backend-game-topup/web/project/vendor/filament/filament/src/Http/Middleware/SetUpPanel.php(19): Illuminate/Pipeline/Pipeline->{closure:{closure:Illuminate/Pipeline/Pipeline::carry():194}:195}(Object(Illuminate/Http/Request))
#44 D:/Backend-game-topup/web/project/vendor/laravel/framework/src/Illuminate/Pipeline/Pipeline.php(219): Filament/Http/Middleware/SetUpPanel->handle(Object(Illuminate/Http/Request), Object(Closure), Object(Filament/Panel))
#45 D:/Backend-game-topup/web/project/vendor/laravel/framework/src/Illuminate/Pipeline/Pipeline.php(137): Illuminate/Pipeline/Pipeline->{closure:{closure:Illuminate/Pipeline/Pipeline::carry():194}:195}(Object(Illuminate/Http/Request))
#46 D:/Backend-game-topup/web/project/vendor/laravel/framework/src/Illuminate/Routing/Router.php(821): Illuminate/Pipeline/Pipeline->then(Object(Closure))
#47 D:/Backend-game-topup/web/project/vendor/laravel/framework/src/Illuminate/Routing/Router.php(800): Illuminate/Routing/Router->runRouteWithinStack(Object(Illuminate/Routing/Route), Object(Illuminate/Http/Request))
#48 D:/Backend-game-topup/web/project/vendor/laravel/framework/src/Illuminate/Routing/Router.php(764): Illuminate/Routing/Router->runRoute(Object(Illuminate/Http/Request), Object(Illuminate/Routing/Route))
#49 D:/Backend-game-topup/web/project/vendor/laravel/framework/src/Illuminate/Routing/Router.php(753): Illuminate/Routing/Router->dispatchToRoute(Object(Illuminate/Http/Request))
#50 D:/Backend-game-topup/web/project/vendor/laravel/framework/src/Illuminate/Foundation/Http/Kernel.php(200): Illuminate/Routing/Router->dispatch(Object(Illuminate/Http/Request))
#51 D:/Backend-game-topup/web/project/vendor/laravel/framework/src/Illuminate/Pipeline/Pipeline.php(180): Illuminate/Foundation/Http/Kernel->{closure:Illuminate/Foundation/Http/Kernel::dispatchToRouter():197}(Object(Illuminate/Http/Request))
#52 D:/Backend-game-topup/web/project/vendor/livewire/livewire/src/Features/SupportDisablingBackButtonCache/DisableBackButtonCacheMiddleware.php(19): Illuminate/Pipeline/Pipeline->{closure:Illuminate/Pipeline/Pipeline::prepareDestination():178}(Object(Illuminate/Http/Request))
#53 D:/Backend-game-topup/web/project/vendor/laravel/framework/src/Illuminate/Pipeline/Pipeline.php(219): Livewire/Features/SupportDisablingBackButtonCache/DisableBackButtonCacheMiddleware->handle(Object(Illuminate/Http/Request), Object(Closure))
#54 D:/Backend-game-topup/web/project/vendor/laravel/framework/src/Illuminate/Foundation/Http/Middleware/TransformsRequest.php(21): Illuminate/Pipeline/Pipeline->{closure:{closure:Illuminate/Pipeline/Pipeline::carry():194}:195}(Object(Illuminate/Http/Request))
#55 D:/Backend-game-topup/web/project/vendor/laravel/framework/src/Illuminate/Foundation/Http/Middleware/ConvertEmptyStringsToNull.php(31): Illuminate/Foundation/Http/Middleware/TransformsRequest->handle(Object(Illuminate/Http/Request), Object(Closure))
#56 D:/Backend-game-topup/web/project/vendor/laravel/framework/src/Illuminate/Pipeline/Pipeline.php(219): Illuminate/Foundation/Http/Middleware/ConvertEmptyStringsToNull->handle(Object(Illuminate/Http/Request), Object(Closure))
#57 D:/Backend-game-topup/web/project/vendor/laravel/framework/src/Illuminate/Foundation/Http/Middleware/TransformsRequest.php(21): Illuminate/Pipeline/Pipeline->{closure:{closure:Illuminate/Pipeline/Pipeline::carry():194}:195}(Object(Illuminate/Http/Request))
#58 D:/Backend-game-topup/web/project/vendor/laravel/framework/src/Illuminate/Foundation/Http/Middleware/TrimStrings.php(51): Illuminate/Foundation/Http/Middleware/TransformsRequest->handle(Object(Illuminate/Http/Request), Object(Closure))
#59 D:/Backend-game-topup/web/project/vendor/laravel/framework/src/Illuminate/Pipeline/Pipeline.php(219): Illuminate/Foundation/Http/Middleware/TrimStrings->handle(Object(Illuminate/Http/Request), Object(Closure))
#60 D:/Backend-game-topup/web/project/vendor/laravel/framework/src/Illuminate/Http/Middleware/ValidatePostSize.php(27): Illuminate/Pipeline/Pipeline->{closure:{closure:Illuminate/Pipeline/Pipeline::carry():194}:195}(Object(Illuminate/Http/Request))
#61 D:/Backend-game-topup/web/project/vendor/laravel/framework/src/Illuminate/Pipeline/Pipeline.php(219): Illuminate/Http/Middleware/ValidatePostSize->handle(Object(Illuminate/Http/Request), Object(Closure))
#62 D:/Backend-game-topup/web/project/vendor/laravel/framework/src/Illuminate/Foundation/Http/Middleware/PreventRequestsDuringMaintenance.php(109): Illuminate/Pipeline/Pipeline->{closure:{closure:Illuminate/Pipeline/Pipeline::carry():194}:195}(Object(Illuminate/Http/Request))
#63 D:/Backend-game-topup/web/project/vendor/laravel/framework/src/Illuminate/Pipeline/Pipeline.php(219): Illuminate/Foundation/Http/Middleware/PreventRequestsDuringMaintenance->handle(Object(Illuminate/Http/Request), Object(Closure))
#64 D:/Backend-game-topup/web/project/vendor/laravel/framework/src/Illuminate/Http/Middleware/HandleCors.php(61): Illuminate/Pipeline/Pipeline->{closure:{closure:Illuminate/Pipeline/Pipeline::carry():194}:195}(Object(Illuminate/Http/Request))
#65 D:/Backend-game-topup/web/project/vendor/laravel/framework/src/Illuminate/Pipeline/Pipeline.php(219): Illuminate/Http/Middleware/HandleCors->handle(Object(Illuminate/Http/Request), Object(Closure))
#66 D:/Backend-game-topup/web/project/vendor/laravel/framework/src/Illuminate/Http/Middleware/TrustProxies.php(58): Illuminate/Pipeline/Pipeline->{closure:{closure:Illuminate/Pipeline/Pipeline::carry():194}:195}(Object(Illuminate/Http/Request))
#67 D:/Backend-game-topup/web/project/vendor/laravel/framework/src/Illuminate/Pipeline/Pipeline.php(219): Illuminate/Http/Middleware/TrustProxies->handle(Object(Illuminate/Http/Request), Object(Closure))
#68 D:/Backend-game-topup/web/project/vendor/laravel/framework/src/Illuminate/Http/Middleware/TrustHosts.php(78): Illuminate/Pipeline/Pipeline->{closure:{closure:Illuminate/Pipeline/Pipeline::carry():194}:195}(Object(Illuminate/Http/Request))
#69 D:/Backend-game-topup/web/project/vendor/laravel/framework/src/Illuminate/Pipeline/Pipeline.php(219): Illuminate/Http/Middleware/TrustHosts->handle(Object(Illuminate/Http/Request), Object(Closure))
#70 D:/Backend-game-topup/web/project/vendor/laravel/framework/src/Illuminate/Pipeline/Pipeline.php(137): Illuminate/Pipeline/Pipeline->{closure:{closure:Illuminate/Pipeline/Pipeline::carry():194}:195}(Object(Illuminate/Http/Request))
#71 D:/Backend-game-topup/web/project/vendor/laravel/framework/src/Illuminate/Foundation/Http/Kernel.php(175): Illuminate/Pipeline/Pipeline->then(Object(Closure))
#72 D:/Backend-game-topup/web/project/vendor/laravel/framework/src/Illuminate/Foundation/Http/Kernel.php(144): Illuminate/Foundation/Http/Kernel->sendRequestThroughRouter(Object(Illuminate/Http/Request))
#73 D:/Backend-game-topup/web/project/public/index.php(51): Illuminate/Foundation/Http/Kernel->handle(Object(Illuminate/Http/Request))
#74 D:/Backend-game-topup/web/project/server.php(21): require_once('D://Backend-game...')
#75 {main}

[previous exception] [object] (Illuminate\\View\\ViewException(code: 0): The user model must implement the [Filament\\Auth\\MultiFactor\\App\\Contracts\\HasAppAuthentication] interface to use app authentication. (View: D:\\Backend-game-topup\\web\\project\\vendor\\filament\\schemas\\resources\\views\\components\\grid.blade.php) (View: D:\\Backend-game-topup\\web\\project\\vendor\\filament\\schemas\\resources\\views\\components\\grid.blade.php) at D:/Backend-game-topup/web/project/vendor/filament/filament/src/Auth/MultiFactor/App/AppAuthentication.php:66)
[stacktrace]
#0 D:/Backend-game-topup/web/project/vendor/livewire/livewire/src/Mechanisms/ExtendBlade/ExtendedCompilerEngine.php(58): Illuminate/View/Engines/CompilerEngine->handleViewException(Object(Illuminate/View/ViewException), 4)
#1 D:/Backend-game-topup/web/project/vendor/livewire/livewire/src/Mechanisms/ExtendBlade/ExtendedCompilerEngine.php(40): Livewire/Mechanisms/ExtendBlade/ExtendedCompilerEngine->handleViewException(Object(Illuminate/View/ViewException), 4)
#2 D:/Backend-game-topup/web/project/vendor/laravel/framework/src/Illuminate/View/Engines/CompilerEngine.php(76): Livewire/Mechanisms/ExtendBlade/ExtendedCompilerEngine->evaluatePath('D://Backend-game...', Array)
#3 D:/Backend-game-topup/web/project/vendor/livewire/livewire/src/Mechanisms/ExtendBlade/ExtendedCompilerEngine.php(16): Illuminate/View/Engines/CompilerEngine->get('D://Backend-game...', Array)
#4 D:/Backend-game-topup/web/project/vendor/laravel/framework/src/Illuminate/View/View.php(208): Livewire/Mechanisms/ExtendBlade/ExtendedCompilerEngine->get('D://Backend-game...', Array)
#5 D:/Backend-game-topup/web/project/vendor/laravel/framework/src/Illuminate/View/View.php(191): Illuminate/View/View->getContents()
#6 D:/Backend-game-topup/web/project/vendor/laravel/framework/src/Illuminate/View/View.php(160): Illuminate/View/View->renderContents()
#7 D:/Backend-game-topup/web/project/vendor/filament/support/src/Components/ViewComponent.php(125): Illuminate/View/View->render()
#8 D:/Backend-game-topup/web/project/vendor/filament/schemas/src/Components/Component.php(127): Filament/Support/Components/ViewComponent->toHtml()
#9 D:/Backend-game-topup/web/project/vendor/filament/schemas/src/Schema.php(281): Filament/Schemas/Components/Component->toHtml()
#10 D:/Backend-game-topup/web/project/vendor/filament/support/src/Components/ViewComponent.php(122): Filament/Schemas/Schema->toEmbeddedHtml()
#11 D:/Backend-game-topup/web/project/vendor/laravel/framework/src/Illuminate/Support/helpers.php(130): Filament/Support/Components/ViewComponent->toHtml()
#12 D:/Backend-game-topup/web/project/storage/framework/views/f217e03e7733d3960f7efd8298794c71.php(15): e(Object(Filament/Schemas/Schema))
#13 D:/Backend-game-topup/web/project/vendor/livewire/livewire/src/Mechanisms/ExtendBlade/ExtendedCompilerEngine.php(37): include('D://Backend-game...')
#14 D:/Backend-game-topup/web/project/vendor/livewire/livewire/src/Mechanisms/ExtendBlade/ExtendedCompilerEngine.php(38): Filament/Auth/Pages/EditProfile->{closure:Livewire/Mechanisms/ExtendBlade/ExtendedCompilerEngine::evaluatePath():35}()
#15 D:/Backend-game-topup/web/project/vendor/laravel/framework/src/Illuminate/View/Engines/CompilerEngine.php(76): Livewire/Mechanisms/ExtendBlade/ExtendedCompilerEngine->evaluatePath('D://Backend-game...', Array)
#16 D:/Backend-game-topup/web/project/vendor/livewire/livewire/src/Mechanisms/ExtendBlade/ExtendedCompilerEngine.php(16): Illuminate/View/Engines/CompilerEngine->get('D://Backend-game...', Array)
#17 D:/Backend-game-topup/web/project/vendor/laravel/framework/src/Illuminate/View/View.php(208): Livewire/Mechanisms/ExtendBlade/ExtendedCompilerEngine->get('D://Backend-game...', Array)
#18 D:/Backend-game-topup/web/project/vendor/laravel/framework/src/Illuminate/View/View.php(191): Illuminate/View/View->getContents()
#19 D:/Backend-game-topup/web/project/vendor/laravel/framework/src/Illuminate/View/View.php(160): Illuminate/View/View->renderContents()
#20 D:/Backend-game-topup/web/project/vendor/livewire/livewire/src/Mechanisms/HandleComponents/HandleComponents.php(259): Illuminate/View/View->render(Object(Closure))
#21 D:/Backend-game-topup/web/project/vendor/livewire/livewire/src/Mechanisms/HandleComponents/HandleComponents.php(303): Livewire/Mechanisms/HandleComponents/HandleComponents->{closure:Livewire/Mechanisms/HandleComponents/HandleComponents::render():251}()
#22 D:/Backend-game-topup/web/project/vendor/livewire/livewire/src/Mechanisms/HandleComponents/HandleComponents.php(251): Livewire/Mechanisms/HandleComponents/HandleComponents->trackInRenderStack(Object(Filament/Auth/Pages/EditProfile), Object(Closure))
#23 D:/Backend-game-topup/web/project/vendor/livewire/livewire/src/Mechanisms/HandleComponents/HandleComponents.php(54): Livewire/Mechanisms/HandleComponents/HandleComponents->render(Object(Filament/Auth/Pages/EditProfile), '<div></div>')
#24 D:/Backend-game-topup/web/project/vendor/livewire/livewire/src/LivewireManager.php(73): Livewire/Mechanisms/HandleComponents/HandleComponents->mount('Filament//Auth//P...', Array, NULL)
#25 D:/Backend-game-topup/web/project/vendor/livewire/livewire/src/Features/SupportPageComponents/HandlesPageComponents.php(17): Livewire/LivewireManager->mount('Filament//Auth//P...', Array)
#26 D:/Backend-game-topup/web/project/vendor/livewire/livewire/src/Features/SupportPageComponents/SupportPageComponents.php(117): Livewire/Component->{closure:Livewire/Features/SupportPageComponents/HandlesPageComponents::__invoke():14}()
#27 D:/Backend-game-topup/web/project/vendor/livewire/livewire/src/Features/SupportPageComponents/HandlesPageComponents.php(14): Livewire/Features/SupportPageComponents/SupportPageComponents::interceptTheRenderOfTheComponentAndRetreiveTheLayoutConfiguration(Object(Closure))
#28 D:/Backend-game-topup/web/project/vendor/laravel/framework/src/Illuminate/Routing/ControllerDispatcher.php(46): Livewire/Component->__invoke()
#29 D:/Backend-game-topup/web/project/vendor/laravel/framework/src/Illuminate/Routing/Route.php(265): Illuminate/Routing/ControllerDispatcher->dispatch(Object(Illuminate/Routing/Route), Object(Filament/Auth/Pages/EditProfile), '__invoke')
#30 D:/Backend-game-topup/web/project/vendor/laravel/framework/src/Illuminate/Routing/Route.php(211): Illuminate/Routing/Route->runController()
#31 D:/Backend-game-topup/web/project/vendor/laravel/framework/src/Illuminate/Routing/Router.php(822): Illuminate/Routing/Route->run()
#32 D:/Backend-game-topup/web/project/vendor/laravel/framework/src/Illuminate/Pipeline/Pipeline.php(180): Illuminate/Routing/Router->{closure:Illuminate/Routing/Router::runRouteWithinStack():821}(Object(Illuminate/Http/Request))
#33 D:/Backend-game-topup/web/project/app/Http/Middleware/CheckRole.php(22): Illuminate/Pipeline/Pipeline->{closure:Illuminate/Pipeline/Pipeline::prepareDestination():178}(Object(Illuminate/Http/Request))
#34 D:/Backend-game-topup/web/project/vendor/laravel/framework/src/Illuminate/Pipeline/Pipeline.php(219): App/Http/Middleware/CheckRole->handle(Object(Illuminate/Http/Request), Object(Closure))
#35 D:/Backend-game-topup/web/project/vendor/filament/filament/src/Http/Middleware/DispatchServingFilamentEvent.php(15): Illuminate/Pipeline/Pipeline->{closure:{closure:Illuminate/Pipeline/Pipeline::carry():194}:195}(Object(Illuminate/Http/Request))
#36 D:/Backend-game-topup/web/project/vendor/laravel/framework/src/Illuminate/Pipeline/Pipeline.php(219): Filament/Http/Middleware/DispatchServingFilamentEvent->handle(Object(Illuminate/Http/Request), Object(Closure))
#37 D:/Backend-game-topup/web/project/vendor/filament/filament/src/Http/Middleware/DisableBladeIconComponents.php(14): Illuminate/Pipeline/Pipeline->{closure:{closure:Illuminate/Pipeline/Pipeline::carry():194}:195}(Object(Illuminate/Http/Request))
#38 D:/Backend-game-topup/web/project/vendor/laravel/framework/src/Illuminate/Pipeline/Pipeline.php(219): Filament/Http/Middleware/DisableBladeIconComponents->handle(Object(Illuminate/Http/Request), Object(Closure))
#39 D:/Backend-game-topup/web/project/vendor/laravel/framework/src/Illuminate/Routing/Middleware/SubstituteBindings.php(50): Illuminate/Pipeline/Pipeline->{closure:{closure:Illuminate/Pipeline/Pipeline::carry():194}:195}(Object(Illuminate/Http/Request))
#40 D:/Backend-game-topup/web/project/vendor/laravel/framework/src/Illuminate/Pipeline/Pipeline.php(219): Illuminate/Routing/Middleware/SubstituteBindings->handle(Object(Illuminate/Http/Request), Object(Closure))
#41 D:/Backend-game-topup/web/project/vendor/laravel/framework/src/Illuminate/Foundation/Http/Middleware/VerifyCsrfToken.php(87): Illuminate/Pipeline/Pipeline->{closure:{closure:Illuminate/Pipeline/Pipeline::carry():194}:195}(Object(Illuminate/Http/Request))
#42 D:/Backend-game-topup/web/project/vendor/laravel/framework/src/Illuminate/Pipeline/Pipeline.php(219): Illuminate/Foundation/Http/Middleware/VerifyCsrfToken->handle(Object(Illuminate/Http/Request), Object(Closure))
#43 D:/Backend-game-topup/web/project/vendor/laravel/framework/src/Illuminate/Session/Middleware/AuthenticateSession.php(70): Illuminate/Pipeline/Pipeline->{closure:{closure:Illuminate/Pipeline/Pipeline::carry():194}:195}(Object(Illuminate/Http/Request))
#44 D:/Backend-game-topup/web/project/vendor/laravel/framework/src/Illuminate/Pipeline/Pipeline.php(219): Illuminate/Session/Middleware/AuthenticateSession->handle(Object(Illuminate/Http/Request), Object(Closure))
#45 D:/Backend-game-topup/web/project/vendor/laravel/framework/src/Illuminate/Auth/Middleware/Authenticate.php(63): Illuminate/Pipeline/Pipeline->{closure:{closure:Illuminate/Pipeline/Pipeline::carry():194}:195}(Object(Illuminate/Http/Request))
#46 D:/Backend-game-topup/web/project/vendor/laravel/framework/src/Illuminate/Pipeline/Pipeline.php(219): Illuminate/Auth/Middleware/Authenticate->handle(Object(Illuminate/Http/Request), Object(Closure))
#47 D:/Backend-game-topup/web/project/vendor/laravel/framework/src/Illuminate/View/Middleware/ShareErrorsFromSession.php(48): Illuminate/Pipeline/Pipeline->{closure:{closure:Illuminate/Pipeline/Pipeline::carry():194}:195}(Object(Illuminate/Http/Request))
#48 D:/Backend-game-topup/web/project/vendor/laravel/framework/src/Illuminate/Pipeline/Pipeline.php(219): Illuminate/View/Middleware/ShareErrorsFromSession->handle(Object(Illuminate/Http/Request), Object(Closure))
#49 D:/Backend-game-topup/web/project/vendor/laravel/framework/src/Illuminate/Session/Middleware/StartSession.php(120): Illuminate/Pipeline/Pipeline->{closure:{closure:Illuminate/Pipeline/Pipeline::carry():194}:195}(Object(Illuminate/Http/Request))
#50 D:/Backend-game-topup/web/project/vendor/laravel/framework/src/Illuminate/Session/Middleware/StartSession.php(63): Illuminate/Session/Middleware/StartSession->handleStatefulRequest(Object(Illuminate/Http/Request), Object(Illuminate/Session/EncryptedStore), Object(Closure))
#51 D:/Backend-game-topup/web/project/vendor/laravel/framework/src/Illuminate/Pipeline/Pipeline.php(219): Illuminate/Session/Middleware/StartSession->handle(Object(Illuminate/Http/Request), Object(Closure))
#52 D:/Backend-game-topup/web/project/vendor/laravel/framework/src/Illuminate/Cookie/Middleware/AddQueuedCookiesToResponse.php(36): Illuminate/Pipeline/Pipeline->{closure:{closure:Illuminate/Pipeline/Pipeline::carry():194}:195}(Object(Illuminate/Http/Request))
#53 D:/Backend-game-topup/web/project/vendor/laravel/framework/src/Illuminate/Pipeline/Pipeline.php(219): Illuminate/Cookie/Middleware/AddQueuedCookiesToResponse->handle(Object(Illuminate/Http/Request), Object(Closure))
#54 D:/Backend-game-topup/web/project/vendor/laravel/framework/src/Illuminate/Cookie/Middleware/EncryptCookies.php(74): Illuminate/Pipeline/Pipeline->{closure:{closure:Illuminate/Pipeline/Pipeline::carry():194}:195}(Object(Illuminate/Http/Request))
#55 D:/Backend-game-topup/web/project/vendor/laravel/framework/src/Illuminate/Pipeline/Pipeline.php(219): Illuminate/Cookie/Middleware/EncryptCookies->handle(Object(Illuminate/Http/Request), Object(Closure))
#56 D:/Backend-game-topup/web/project/vendor/filament/filament/src/Http/Middleware/SetUpPanel.php(19): Illuminate/Pipeline/Pipeline->{closure:{closure:Illuminate/Pipeline/Pipeline::carry():194}:195}(Object(Illuminate/Http/Request))
#57 D:/Backend-game-topup/web/project/vendor/laravel/framework/src/Illuminate/Pipeline/Pipeline.php(219): Filament/Http/Middleware/SetUpPanel->handle(Object(Illuminate/Http/Request), Object(Closure), Object(Filament/Panel))
#58 D:/Backend-game-topup/web/project/vendor/laravel/framework/src/Illuminate/Pipeline/Pipeline.php(137): Illuminate/Pipeline/Pipeline->{closure:{closure:Illuminate/Pipeline/Pipeline::carry():194}:195}(Object(Illuminate/Http/Request))
#59 D:/Backend-game-topup/web/project/vendor/laravel/framework/src/Illuminate/Routing/Router.php(821): Illuminate/Pipeline/Pipeline->then(Object(Closure))
#60 D:/Backend-game-topup/web/project/vendor/laravel/framework/src/Illuminate/Routing/Router.php(800): Illuminate/Routing/Router->runRouteWithinStack(Object(Illuminate/Routing/Route), Object(Illuminate/Http/Request))
#61 D:/Backend-game-topup/web/project/vendor/laravel/framework/src/Illuminate/Routing/Router.php(764): Illuminate/Routing/Router->runRoute(Object(Illuminate/Http/Request), Object(Illuminate/Routing/Route))
#62 D:/Backend-game-topup/web/project/vendor/laravel/framework/src/Illuminate/Routing/Router.php(753): Illuminate/Routing/Router->dispatchToRoute(Object(Illuminate/Http/Request))
#63 D:/Backend-game-topup/web/project/vendor/laravel/framework/src/Illuminate/Foundation/Http/Kernel.php(200): Illuminate/Routing/Router->dispatch(Object(Illuminate/Http/Request))
#64 D:/Backend-game-topup/web/project/vendor/laravel/framework/src/Illuminate/Pipeline/Pipeline.php(180): Illuminate/Foundation/Http/Kernel->{closure:Illuminate/Foundation/Http/Kernel::dispatchToRouter():197}(Object(Illuminate/Http/Request))
#65 D:/Backend-game-topup/web/project/vendor/livewire/livewire/src/Features/SupportDisablingBackButtonCache/DisableBackButtonCacheMiddleware.php(19): Illuminate/Pipeline/Pipeline->{closure:Illuminate/Pipeline/Pipeline::prepareDestination():178}(Object(Illuminate/Http/Request))
#66 D:/Backend-game-topup/web/project/vendor/laravel/framework/src/Illuminate/Pipeline/Pipeline.php(219): Livewire/Features/SupportDisablingBackButtonCache/DisableBackButtonCacheMiddleware->handle(Object(Illuminate/Http/Request), Object(Closure))
#67 D:/Backend-game-topup/web/project/vendor/laravel/framework/src/Illuminate/Foundation/Http/Middleware/TransformsRequest.php(21): Illuminate/Pipeline/Pipeline->{closure:{closure:Illuminate/Pipeline/Pipeline::carry():194}:195}(Object(Illuminate/Http/Request))
#68 D:/Backend-game-topup/web/project/vendor/laravel/framework/src/Illuminate/Foundation/Http/Middleware/ConvertEmptyStringsToNull.php(31): Illuminate/Foundation/Http/Middleware/TransformsRequest->handle(Object(Illuminate/Http/Request), Object(Closure))
#69 D:/Backend-game-topup/web/project/vendor/laravel/framework/src/Illuminate/Pipeline/Pipeline.php(219): Illuminate/Foundation/Http/Middleware/ConvertEmptyStringsToNull->handle(Object(Illuminate/Http/Request), Object(Closure))
#70 D:/Backend-game-topup/web/project/vendor/laravel/framework/src/Illuminate/Foundation/Http/Middleware/TransformsRequest.php(21): Illuminate/Pipeline/Pipeline->{closure:{closure:Illuminate/Pipeline/Pipeline::carry():194}:195}(Object(Illuminate/Http/Request))
#71 D:/Backend-game-topup/web/project/vendor/laravel/framework/src/Illuminate/Foundation/Http/Middleware/TrimStrings.php(51): Illuminate/Foundation/Http/Middleware/TransformsRequest->handle(Object(Illuminate/Http/Request), Object(Closure))
#72 D:/Backend-game-topup/web/project/vendor/laravel/framework/src/Illuminate/Pipeline/Pipeline.php(219): Illuminate/Foundation/Http/Middleware/TrimStrings->handle(Object(Illuminate/Http/Request), Object(Closure))
#73 D:/Backend-game-topup/web/project/vendor/laravel/framework/src/Illuminate/Http/Middleware/ValidatePostSize.php(27): Illuminate/Pipeline/Pipeline->{closure:{closure:Illuminate/Pipeline/Pipeline::carry():194}:195}(Object(Illuminate/Http/Request))
#74 D:/Backend-game-topup/web/project/vendor/laravel/framework/src/Illuminate/Pipeline/Pipeline.php(219): Illuminate/Http/Middleware/ValidatePostSize->handle(Object(Illuminate/Http/Request), Object(Closure))
#75 D:/Backend-game-topup/web/project/vendor/laravel/framework/src/Illuminate/Foundation/Http/Middleware/PreventRequestsDuringMaintenance.php(109): Illuminate/Pipeline/Pipeline->{closure:{closure:Illuminate/Pipeline/Pipeline::carry():194}:195}(Object(Illuminate/Http/Request))
#76 D:/Backend-game-topup/web/project/vendor/laravel/framework/src/Illuminate/Pipeline/Pipeline.php(219): Illuminate/Foundation/Http/Middleware/PreventRequestsDuringMaintenance->handle(Object(Illuminate/Http/Request), Object(Closure))
#77 D:/Backend-game-topup/web/project/vendor/laravel/framework/src/Illuminate/Http/Middleware/HandleCors.php(61): Illuminate/Pipeline/Pipeline->{closure:{closure:Illuminate/Pipeline/Pipeline::carry():194}:195}(Object(Illuminate/Http/Request))
#78 D:/Backend-game-topup/web/project/vendor/laravel/framework/src/Illuminate/Pipeline/Pipeline.php(219): Illuminate/Http/Middleware/HandleCors->handle(Object(Illuminate/Http/Request), Object(Closure))
#79 D:/Backend-game-topup/web/project/vendor/laravel/framework/src/Illuminate/Http/Middleware/TrustProxies.php(58): Illuminate/Pipeline/Pipeline->{closure:{closure:Illuminate/Pipeline/Pipeline::carry():194}:195}(Object(Illuminate/Http/Request))
#80 D:/Backend-game-topup/web/project/vendor/laravel/framework/src/Illuminate/Pipeline/Pipeline.php(219): Illuminate/Http/Middleware/TrustProxies->handle(Object(Illuminate/Http/Request), Object(Closure))
#81 D:/Backend-game-topup/web/project/vendor/laravel/framework/src/Illuminate/Http/Middleware/TrustHosts.php(78): Illuminate/Pipeline/Pipeline->{closure:{closure:Illuminate/Pipeline/Pipeline::carry():194}:195}(Object(Illuminate/Http/Request))
#82 D:/Backend-game-topup/web/project/vendor/laravel/framework/src/Illuminate/Pipeline/Pipeline.php(219): Illuminate/Http/Middleware/TrustHosts->handle(Object(Illuminate/Http/Request), Object(Closure))
#83 D:/Backend-game-topup/web/project/vendor/laravel/framework/src/Illuminate/Pipeline/Pipeline.php(137): Illuminate/Pipeline/Pipeline->{closure:{closure:Illuminate/Pipeline/Pipeline::carry():194}:195}(Object(Illuminate/Http/Request))
#84 D:/Backend-game-topup/web/project/vendor/laravel/framework/src/Illuminate/Foundation/Http/Kernel.php(175): Illuminate/Pipeline/Pipeline->then(Object(Closure))
#85 D:/Backend-game-topup/web/project/vendor/laravel/framework/src/Illuminate/Foundation/Http/Kernel.php(144): Illuminate/Foundation/Http/Kernel->sendRequestThroughRouter(Object(Illuminate/Http/Request))
#86 D:/Backend-game-topup/web/project/public/index.php(51): Illuminate/Foundation/Http/Kernel->handle(Object(Illuminate/Http/Request))
#87 D:/Backend-game-topup/web/project/server.php(21): require_once('D://Backend-game...')
#88 {main}

[previous exception] [object] (Illuminate\\View\\ViewException(code: 0): The user model must implement the [Filament\\Auth\\MultiFactor\\App\\Contracts\\HasAppAuthentication] interface to use app authentication. (View: D:\\Backend-game-topup\\web\\project\\vendor\\filament\\schemas\\resources\\views\\components\\grid.blade.php) at D:/Backend-game-topup/web/project/vendor/filament/filament/src/Auth/MultiFactor/App/AppAuthentication.php:66)
[stacktrace]
#0 D:/Backend-game-topup/web/project/vendor/livewire/livewire/src/Mechanisms/ExtendBlade/ExtendedCompilerEngine.php(58): Illuminate/View/Engines/CompilerEngine->handleViewException(Object(Exception), 7)
#1 D:/Backend-game-topup/web/project/vendor/livewire/livewire/src/Mechanisms/ExtendBlade/ExtendedCompilerEngine.php(40): Livewire/Mechanisms/ExtendBlade/ExtendedCompilerEngine->handleViewException(Object(Exception), 7)
#2 D:/Backend-game-topup/web/project/vendor/laravel/framework/src/Illuminate/View/Engines/CompilerEngine.php(76): Livewire/Mechanisms/ExtendBlade/ExtendedCompilerEngine->evaluatePath('D://Backend-game...', Array)
#3 D:/Backend-game-topup/web/project/vendor/livewire/livewire/src/Mechanisms/ExtendBlade/ExtendedCompilerEngine.php(16): Illuminate/View/Engines/CompilerEngine->get('D://Backend-game...', Array)
#4 D:/Backend-game-topup/web/project/vendor/laravel/framework/src/Illuminate/View/View.php(208): Livewire/Mechanisms/ExtendBlade/ExtendedCompilerEngine->get('D://Backend-game...', Array)
#5 D:/Backend-game-topup/web/project/vendor/laravel/framework/src/Illuminate/View/View.php(191): Illuminate/View/View->getContents()
#6 D:/Backend-game-topup/web/project/vendor/laravel/framework/src/Illuminate/View/View.php(160): Illuminate/View/View->renderContents()
#7 D:/Backend-game-topup/web/project/vendor/filament/support/src/Components/ViewComponent.php(125): Illuminate/View/View->render()
#8 D:/Backend-game-topup/web/project/vendor/filament/schemas/src/Components/Component.php(130): Filament/Support/Components/ViewComponent->toHtml()
#9 D:/Backend-game-topup/web/project/vendor/filament/schemas/src/Schema.php(281): Filament/Schemas/Components/Component->toHtml()
#10 D:/Backend-game-topup/web/project/vendor/filament/support/src/Components/ViewComponent.php(122): Filament/Schemas/Schema->toEmbeddedHtml()
#11 D:/Backend-game-topup/web/project/vendor/laravel/framework/src/Illuminate/Support/helpers.php(130): Filament/Support/Components/ViewComponent->toHtml()
#12 D:/Backend-game-topup/web/project/storage/framework/views/182824ba6c64b545fb9146f4f6fd4fc8.php(61): e(Object(Filament/Schemas/Schema))
#13 D:/Backend-game-topup/web/project/vendor/livewire/livewire/src/Mechanisms/ExtendBlade/ExtendedCompilerEngine.php(37): include('D://Backend-game...')
#14 D:/Backend-game-topup/web/project/vendor/livewire/livewire/src/Mechanisms/ExtendBlade/ExtendedCompilerEngine.php(38): Filament/Auth/Pages/EditProfile->{closure:Livewire/Mechanisms/ExtendBlade/ExtendedCompilerEngine::evaluatePath():35}()
#15 D:/Backend-game-topup/web/project/vendor/laravel/framework/src/Illuminate/View/Engines/CompilerEngine.php(76): Livewire/Mechanisms/ExtendBlade/ExtendedCompilerEngine->evaluatePath('D://Backend-game...', Array)
#16 D:/Backend-game-topup/web/project/vendor/livewire/livewire/src/Mechanisms/ExtendBlade/ExtendedCompilerEngine.php(16): Illuminate/View/Engines/CompilerEngine->get('D://Backend-game...', Array)
#17 D:/Backend-game-topup/web/project/vendor/laravel/framework/src/Illuminate/View/View.php(208): Livewire/Mechanisms/ExtendBlade/ExtendedCompilerEngine->get('D://Backend-game...', Array)
#18 D:/Backend-game-topup/web/project/vendor/laravel/framework/src/Illuminate/View/View.php(191): Illuminate/View/View->getContents()
#19 D:/Backend-game-topup/web/project/vendor/laravel/framework/src/Illuminate/View/View.php(160): Illuminate/View/View->renderContents()
#20 D:/Backend-game-topup/web/project/vendor/filament/support/src/Components/ViewComponent.php(125): Illuminate/View/View->render()
#21 D:/Backend-game-topup/web/project/vendor/filament/schemas/src/Components/Component.php(127): Filament/Support/Components/ViewComponent->toHtml()
#22 D:/Backend-game-topup/web/project/vendor/filament/schemas/src/Schema.php(281): Filament/Schemas/Components/Component->toHtml()
#23 D:/Backend-game-topup/web/project/vendor/filament/support/src/Components/ViewComponent.php(122): Filament/Schemas/Schema->toEmbeddedHtml()
#24 D:/Backend-game-topup/web/project/vendor/laravel/framework/src/Illuminate/Support/helpers.php(130): Filament/Support/Components/ViewComponent->toHtml()
#25 D:/Backend-game-topup/web/project/storage/framework/views/f217e03e7733d3960f7efd8298794c71.php(15): e(Object(Filament/Schemas/Schema))
#26 D:/Backend-game-topup/web/project/vendor/livewire/livewire/src/Mechanisms/ExtendBlade/ExtendedCompilerEngine.php(37): include('D://Backend-game...')
#27 D:/Backend-game-topup/web/project/vendor/livewire/livewire/src/Mechanisms/ExtendBlade/ExtendedCompilerEngine.php(38): Filament/Auth/Pages/EditProfile->{closure:Livewire/Mechanisms/ExtendBlade/ExtendedCompilerEngine::evaluatePath():35}()
#28 D:/Backend-game-topup/web/project/vendor/laravel/framework/src/Illuminate/View/Engines/CompilerEngine.php(76): Livewire/Mechanisms/ExtendBlade/ExtendedCompilerEngine->evaluatePath('D://Backend-game...', Array)
#29 D:/Backend-game-topup/web/project/vendor/livewire/livewire/src/Mechanisms/ExtendBlade/ExtendedCompilerEngine.php(16): Illuminate/View/Engines/CompilerEngine->get('D://Backend-game...', Array)
#30 D:/Backend-game-topup/web/project/vendor/laravel/framework/src/Illuminate/View/View.php(208): Livewire/Mechanisms/ExtendBlade/ExtendedCompilerEngine->get('D://Backend-game...', Array)
#31 D:/Backend-game-topup/web/project/vendor/laravel/framework/src/Illuminate/View/View.php(191): Illuminate/View/View->getContents()
#32 D:/Backend-game-topup/web/project/vendor/laravel/framework/src/Illuminate/View/View.php(160): Illuminate/View/View->renderContents()
#33 D:/Backend-game-topup/web/project/vendor/livewire/livewire/src/Mechanisms/HandleComponents/HandleComponents.php(259): Illuminate/View/View->render(Object(Closure))
#34 D:/Backend-game-topup/web/project/vendor/livewire/livewire/src/Mechanisms/HandleComponents/HandleComponents.php(303): Livewire/Mechanisms/HandleComponents/HandleComponents->{closure:Livewire/Mechanisms/HandleComponents/HandleComponents::render():251}()
#35 D:/Backend-game-topup/web/project/vendor/livewire/livewire/src/Mechanisms/HandleComponents/HandleComponents.php(251): Livewire/Mechanisms/HandleComponents/HandleComponents->trackInRenderStack(Object(Filament/Auth/Pages/EditProfile), Object(Closure))
#36 D:/Backend-game-topup/web/project/vendor/livewire/livewire/src/Mechanisms/HandleComponents/HandleComponents.php(54): Livewire/Mechanisms/HandleComponents/HandleComponents->render(Object(Filament/Auth/Pages/EditProfile), '<div></div>')
#37 D:/Backend-game-topup/web/project/vendor/livewire/livewire/src/LivewireManager.php(73): Livewire/Mechanisms/HandleComponents/HandleComponents->mount('Filament//Auth//P...', Array, NULL)
#38 D:/Backend-game-topup/web/project/vendor/livewire/livewire/src/Features/SupportPageComponents/HandlesPageComponents.php(17): Livewire/LivewireManager->mount('Filament//Auth//P...', Array)
#39 D:/Backend-game-topup/web/project/vendor/livewire/livewire/src/Features/SupportPageComponents/SupportPageComponents.php(117): Livewire/Component->{closure:Livewire/Features/SupportPageComponents/HandlesPageComponents::__invoke():14}()
#40 D:/Backend-game-topup/web/project/vendor/livewire/livewire/src/Features/SupportPageComponents/HandlesPageComponents.php(14): Livewire/Features/SupportPageComponents/SupportPageComponents::interceptTheRenderOfTheComponentAndRetreiveTheLayoutConfiguration(Object(Closure))
#41 D:/Backend-game-topup/web/project/vendor/laravel/framework/src/Illuminate/Routing/ControllerDispatcher.php(46): Livewire/Component->__invoke()
#42 D:/Backend-game-topup/web/project/vendor/laravel/framework/src/Illuminate/Routing/Route.php(265): Illuminate/Routing/ControllerDispatcher->dispatch(Object(Illuminate/Routing/Route), Object(Filament/Auth/Pages/EditProfile), '__invoke')
#43 D:/Backend-game-topup/web/project/vendor/laravel/framework/src/Illuminate/Routing/Route.php(211): Illuminate/Routing/Route->runController()
#44 D:/Backend-game-topup/web/project/vendor/laravel/framework/src/Illuminate/Routing/Router.php(822): Illuminate/Routing/Route->run()
#45 D:/Backend-game-topup/web/project/vendor/laravel/framework/src/Illuminate/Pipeline/Pipeline.php(180): Illuminate/Routing/Router->{closure:Illuminate/Routing/Router::runRouteWithinStack():821}(Object(Illuminate/Http/Request))
#46 D:/Backend-game-topup/web/project/app/Http/Middleware/CheckRole.php(22): Illuminate/Pipeline/Pipeline->{closure:Illuminate/Pipeline/Pipeline::prepareDestination():178}(Object(Illuminate/Http/Request))
#47 D:/Backend-game-topup/web/project/vendor/laravel/framework/src/Illuminate/Pipeline/Pipeline.php(219): App/Http/Middleware/CheckRole->handle(Object(Illuminate/Http/Request), Object(Closure))
#48 D:/Backend-game-topup/web/project/vendor/filament/filament/src/Http/Middleware/DispatchServingFilamentEvent.php(15): Illuminate/Pipeline/Pipeline->{closure:{closure:Illuminate/Pipeline/Pipeline::carry():194}:195}(Object(Illuminate/Http/Request))
#49 D:/Backend-game-topup/web/project/vendor/laravel/framework/src/Illuminate/Pipeline/Pipeline.php(219): Filament/Http/Middleware/DispatchServingFilamentEvent->handle(Object(Illuminate/Http/Request), Object(Closure))
#50 D:/Backend-game-topup/web/project/vendor/filament/filament/src/Http/Middleware/DisableBladeIconComponents.php(14): Illuminate/Pipeline/Pipeline->{closure:{closure:Illuminate/Pipeline/Pipeline::carry():194}:195}(Object(Illuminate/Http/Request))
#51 D:/Backend-game-topup/web/project/vendor/laravel/framework/src/Illuminate/Pipeline/Pipeline.php(219): Filament/Http/Middleware/DisableBladeIconComponents->handle(Object(Illuminate/Http/Request), Object(Closure))
#52 D:/Backend-game-topup/web/project/vendor/laravel/framework/src/Illuminate/Routing/Middleware/SubstituteBindings.php(50): Illuminate/Pipeline/Pipeline->{closure:{closure:Illuminate/Pipeline/Pipeline::carry():194}:195}(Object(Illuminate/Http/Request))
#53 D:/Backend-game-topup/web/project/vendor/laravel/framework/src/Illuminate/Pipeline/Pipeline.php(219): Illuminate/Routing/Middleware/SubstituteBindings->handle(Object(Illuminate/Http/Request), Object(Closure))
#54 D:/Backend-game-topup/web/project/vendor/laravel/framework/src/Illuminate/Foundation/Http/Middleware/VerifyCsrfToken.php(87): Illuminate/Pipeline/Pipeline->{closure:{closure:Illuminate/Pipeline/Pipeline::carry():194}:195}(Object(Illuminate/Http/Request))
#55 D:/Backend-game-topup/web/project/vendor/laravel/framework/src/Illuminate/Pipeline/Pipeline.php(219): Illuminate/Foundation/Http/Middleware/VerifyCsrfToken->handle(Object(Illuminate/Http/Request), Object(Closure))
#56 D:/Backend-game-topup/web/project/vendor/laravel/framework/src/Illuminate/Session/Middleware/AuthenticateSession.php(70): Illuminate/Pipeline/Pipeline->{closure:{closure:Illuminate/Pipeline/Pipeline::carry():194}:195}(Object(Illuminate/Http/Request))
#57 D:/Backend-game-topup/web/project/vendor/laravel/framework/src/Illuminate/Pipeline/Pipeline.php(219): Illuminate/Session/Middleware/AuthenticateSession->handle(Object(Illuminate/Http/Request), Object(Closure))
#58 D:/Backend-game-topup/web/project/vendor/laravel/framework/src/Illuminate/Auth/Middleware/Authenticate.php(63): Illuminate/Pipeline/Pipeline->{closure:{closure:Illuminate/Pipeline/Pipeline::carry():194}:195}(Object(Illuminate/Http/Request))
#59 D:/Backend-game-topup/web/project/vendor/laravel/framework/src/Illuminate/Pipeline/Pipeline.php(219): Illuminate/Auth/Middleware/Authenticate->handle(Object(Illuminate/Http/Request), Object(Closure))
#60 D:/Backend-game-topup/web/project/vendor/laravel/framework/src/Illuminate/View/Middleware/ShareErrorsFromSession.php(48): Illuminate/Pipeline/Pipeline->{closure:{closure:Illuminate/Pipeline/Pipeline::carry():194}:195}(Object(Illuminate/Http/Request))
#61 D:/Backend-game-topup/web/project/vendor/laravel/framework/src/Illuminate/Pipeline/Pipeline.php(219): Illuminate/View/Middleware/ShareErrorsFromSession->handle(Object(Illuminate/Http/Request), Object(Closure))
#62 D:/Backend-game-topup/web/project/vendor/laravel/framework/src/Illuminate/Session/Middleware/StartSession.php(120): Illuminate/Pipeline/Pipeline->{closure:{closure:Illuminate/Pipeline/Pipeline::carry():194}:195}(Object(Illuminate/Http/Request))
#63 D:/Backend-game-topup/web/project/vendor/laravel/framework/src/Illuminate/Session/Middleware/StartSession.php(63): Illuminate/Session/Middleware/StartSession->handleStatefulRequest(Object(Illuminate/Http/Request), Object(Illuminate/Session/EncryptedStore), Object(Closure))
#64 D:/Backend-game-topup/web/project/vendor/laravel/framework/src/Illuminate/Pipeline/Pipeline.php(219): Illuminate/Session/Middleware/StartSession->handle(Object(Illuminate/Http/Request), Object(Closure))
#65 D:/Backend-game-topup/web/project/vendor/laravel/framework/src/Illuminate/Cookie/Middleware/AddQueuedCookiesToResponse.php(36): Illuminate/Pipeline/Pipeline->{closure:{closure:Illuminate/Pipeline/Pipeline::carry():194}:195}(Object(Illuminate/Http/Request))
#66 D:/Backend-game-topup/web/project/vendor/laravel/framework/src/Illuminate/Pipeline/Pipeline.php(219): Illuminate/Cookie/Middleware/AddQueuedCookiesToResponse->handle(Object(Illuminate/Http/Request), Object(Closure))
#67 D:/Backend-game-topup/web/project/vendor/laravel/framework/src/Illuminate/Cookie/Middleware/EncryptCookies.php(74): Illuminate/Pipeline/Pipeline->{closure:{closure:Illuminate/Pipeline/Pipeline::carry():194}:195}(Object(Illuminate/Http/Request))
#68 D:/Backend-game-topup/web/project/vendor/laravel/framework/src/Illuminate/Pipeline/Pipeline.php(219): Illuminate/Cookie/Middleware/EncryptCookies->handle(Object(Illuminate/Http/Request), Object(Closure))
#69 D:/Backend-game-topup/web/project/vendor/filament/filament/src/Http/Middleware/SetUpPanel.php(19): Illuminate/Pipeline/Pipeline->{closure:{closure:Illuminate/Pipeline/Pipeline::carry():194}:195}(Object(Illuminate/Http/Request))
#70 D:/Backend-game-topup/web/project/vendor/laravel/framework/src/Illuminate/Pipeline/Pipeline.php(219): Filament/Http/Middleware/SetUpPanel->handle(Object(Illuminate/Http/Request), Object(Closure), Object(Filament/Panel))
#71 D:/Backend-game-topup/web/project/vendor/laravel/framework/src/Illuminate/Pipeline/Pipeline.php(137): Illuminate/Pipeline/Pipeline->{closure:{closure:Illuminate/Pipeline/Pipeline::carry():194}:195}(Object(Illuminate/Http/Request))
#72 D:/Backend-game-topup/web/project/vendor/laravel/framework/src/Illuminate/Routing/Router.php(821): Illuminate/Pipeline/Pipeline->then(Object(Closure))
#73 D:/Backend-game-topup/web/project/vendor/laravel/framework/src/Illuminate/Routing/Router.php(800): Illuminate/Routing/Router->runRouteWithinStack(Object(Illuminate/Routing/Route), Object(Illuminate/Http/Request))
#74 D:/Backend-game-topup/web/project/vendor/laravel/framework/src/Illuminate/Routing/Router.php(764): Illuminate/Routing/Router->runRoute(Object(Illuminate/Http/Request), Object(Illuminate/Routing/Route))
#75 D:/Backend-game-topup/web/project/vendor/laravel/framework/src/Illuminate/Routing/Router.php(753): Illuminate/Routing/Router->dispatchToRoute(Object(Illuminate/Http/Request))
#76 D:/Backend-game-topup/web/project/vendor/laravel/framework/src/Illuminate/Foundation/Http/Kernel.php(200): Illuminate/Routing/Router->dispatch(Object(Illuminate/Http/Request))
#77 D:/Backend-game-topup/web/project/vendor/laravel/framework/src/Illuminate/Pipeline/Pipeline.php(180): Illuminate/Foundation/Http/Kernel->{closure:Illuminate/Foundation/Http/Kernel::dispatchToRouter():197}(Object(Illuminate/Http/Request))
#78 D:/Backend-game-topup/web/project/vendor/livewire/livewire/src/Features/SupportDisablingBackButtonCache/DisableBackButtonCacheMiddleware.php(19): Illuminate/Pipeline/Pipeline->{closure:Illuminate/Pipeline/Pipeline::prepareDestination():178}(Object(Illuminate/Http/Request))
#79 D:/Backend-game-topup/web/project/vendor/laravel/framework/src/Illuminate/Pipeline/Pipeline.php(219): Livewire/Features/SupportDisablingBackButtonCache/DisableBackButtonCacheMiddleware->handle(Object(Illuminate/Http/Request), Object(Closure))
#80 D:/Backend-game-topup/web/project/vendor/laravel/framework/src/Illuminate/Foundation/Http/Middleware/TransformsRequest.php(21): Illuminate/Pipeline/Pipeline->{closure:{closure:Illuminate/Pipeline/Pipeline::carry():194}:195}(Object(Illuminate/Http/Request))
#81 D:/Backend-game-topup/web/project/vendor/laravel/framework/src/Illuminate/Foundation/Http/Middleware/ConvertEmptyStringsToNull.php(31): Illuminate/Foundation/Http/Middleware/TransformsRequest->handle(Object(Illuminate/Http/Request), Object(Closure))
#82 D:/Backend-game-topup/web/project/vendor/laravel/framework/src/Illuminate/Pipeline/Pipeline.php(219): Illuminate/Foundation/Http/Middleware/ConvertEmptyStringsToNull->handle(Object(Illuminate/Http/Request), Object(Closure))
#83 D:/Backend-game-topup/web/project/vendor/laravel/framework/src/Illuminate/Foundation/Http/Middleware/TransformsRequest.php(21): Illuminate/Pipeline/Pipeline->{closure:{closure:Illuminate/Pipeline/Pipeline::carry():194}:195}(Object(Illuminate/Http/Request))
#84 D:/Backend-game-topup/web/project/vendor/laravel/framework/src/Illuminate/Foundation/Http/Middleware/TrimStrings.php(51): Illuminate/Foundation/Http/Middleware/TransformsRequest->handle(Object(Illuminate/Http/Request), Object(Closure))
#85 D:/Backend-game-topup/web/project/vendor/laravel/framework/src/Illuminate/Pipeline/Pipeline.php(219): Illuminate/Foundation/Http/Middleware/TrimStrings->handle(Object(Illuminate/Http/Request), Object(Closure))
#86 D:/Backend-game-topup/web/project/vendor/laravel/framework/src/Illuminate/Http/Middleware/ValidatePostSize.php(27): Illuminate/Pipeline/Pipeline->{closure:{closure:Illuminate/Pipeline/Pipeline::carry():194}:195}(Object(Illuminate/Http/Request))
#87 D:/Backend-game-topup/web/project/vendor/laravel/framework/src/Illuminate/Pipeline/Pipeline.php(219): Illuminate/Http/Middleware/ValidatePostSize->handle(Object(Illuminate/Http/Request), Object(Closure))
#88 D:/Backend-game-topup/web/project/vendor/laravel/framework/src/Illuminate/Foundation/Http/Middleware/PreventRequestsDuringMaintenance.php(109): Illuminate/Pipeline/Pipeline->{closure:{closure:Illuminate/Pipeline/Pipeline::carry():194}:195}(Object(Illuminate/Http/Request))
#89 D:/Backend-game-topup/web/project/vendor/laravel/framework/src/Illuminate/Pipeline/Pipeline.php(219): Illuminate/Foundation/Http/Middleware/PreventRequestsDuringMaintenance->handle(Object(Illuminate/Http/Request), Object(Closure))
#90 D:/Backend-game-topup/web/project/vendor/laravel/framework/src/Illuminate/Http/Middleware/HandleCors.php(61): Illuminate/Pipeline/Pipeline->{closure:{closure:Illuminate/Pipeline/Pipeline::carry():194}:195}(Object(Illuminate/Http/Request))
#91 D:/Backend-game-topup/web/project/vendor/laravel/framework/src/Illuminate/Pipeline/Pipeline.php(219): Illuminate/Http/Middleware/HandleCors->handle(Object(Illuminate/Http/Request), Object(Closure))
#92 D:/Backend-game-topup/web/project/vendor/laravel/framework/src/Illuminate/Http/Middleware/TrustProxies.php(58): Illuminate/Pipeline/Pipeline->{closure:{closure:Illuminate/Pipeline/Pipeline::carry():194}:195}(Object(Illuminate/Http/Request))
#93 D:/Backend-game-topup/web/project/vendor/laravel/framework/src/Illuminate/Pipeline/Pipeline.php(219): Illuminate/Http/Middleware/TrustProxies->handle(Object(Illuminate/Http/Request), Object(Closure))
#94 D:/Backend-game-topup/web/project/vendor/laravel/framework/src/Illuminate/Http/Middleware/TrustHosts.php(78): Illuminate/Pipeline/Pipeline->{closure:{closure:Illuminate/Pipeline/Pipeline::carry():194}:195}(Object(Illuminate/Http/Request))
#95 D:/Backend-game-topup/web/project/vendor/laravel/framework/src/Illuminate/Pipeline/Pipeline.php(219): Illuminate/Http/Middleware/TrustHosts->handle(Object(Illuminate/Http/Request), Object(Closure))
#96 D:/Backend-game-topup/web/project/vendor/laravel/framework/src/Illuminate/Pipeline/Pipeline.php(137): Illuminate/Pipeline/Pipeline->{closure:{closure:Illuminate/Pipeline/Pipeline::carry():194}:195}(Object(Illuminate/Http/Request))
#97 D:/Backend-game-topup/web/project/vendor/laravel/framework/src/Illuminate/Foundation/Http/Kernel.php(175): Illuminate/Pipeline/Pipeline->then(Object(Closure))
#98 D:/Backend-game-topup/web/project/vendor/laravel/framework/src/Illuminate/Foundation/Http/Kernel.php(144): Illuminate/Foundation/Http/Kernel->sendRequestThroughRouter(Object(Illuminate/Http/Request))
#99 D:/Backend-game-topup/web/project/public/index.php(51): Illuminate/Foundation/Http/Kernel->handle(Object(Illuminate/Http/Request))
#100 D:/Backend-game-topup/web/project/server.php(21): require_once('D://Backend-game...')
#101 {main}

[previous exception] [object] (Exception(code: 0): The user model must implement the [Filament\\Auth\\MultiFactor\\App\\Contracts\\HasAppAuthentication] interface to use app authentication. at D:/Backend-game-topup/web/project/vendor/filament/filament/src/Auth/MultiFactor/App/AppAuthentication.php:66)
[stacktrace]
#0 D:/Backend-game-topup/web/project/vendor/filament/filament/src/Auth/MultiFactor/App/AppAuthentication.php(204): Filament/Auth/MultiFactor/App/AppAuthentication->isEnabled(Object(App/Models/User))
#1 D:/Backend-game-topup/web/project/vendor/filament/support/src/Concerns/EvaluatesClosures.php(36): Filament/Auth/MultiFactor/App/AppAuthentication->{closure:Filament/Auth/MultiFactor/App/AppAuthentication::getActions():204}()
#2 D:/Backend-game-topup/web/project/vendor/filament/actions/src/Concerns/CanBeHidden.php(39): Filament/Support/Components/Component->evaluate(Object(Closure))
#3 D:/Backend-game-topup/web/project/vendor/filament/actions/src/Concerns/CanBeHidden.php(34): Filament/Actions/Action->isHiddenInGroup()
#4 D:/Backend-game-topup/web/project/vendor/filament/actions/src/Concerns/CanBeHidden.php(56): Filament/Actions/Action->isHidden()
#5 D:/Backend-game-topup/web/project/vendor/filament/schemas/src/Components/Actions.php(71): Filament/Actions/Action->isVisible()
#6 D:/Backend-game-topup/web/project/vendor/filament/schemas/src/Components/Concerns/CanBeHidden.php(190): Filament/Schemas/Components/Actions->isHidden()
#7 D:/Backend-game-topup/web/project/vendor/filament/schemas/src/Schema.php(159): Filament/Schemas/Components/Component->isVisible()
#8 [internal function]: Filament/Schemas/Schema->{closure:Filament/Schemas/Schema::toEmbeddedHtml():158}(Object(Filament/Schemas/Components/Actions))
#9 D:/Backend-game-topup/web/project/vendor/filament/schemas/src/Schema.php(157): array_map(Object(Closure), Array)
#10 D:/Backend-game-topup/web/project/vendor/filament/support/src/Components/ViewComponent.php(122): Filament/Schemas/Schema->toEmbeddedHtml()
#11 D:/Backend-game-topup/web/project/vendor/laravel/framework/src/Illuminate/Support/helpers.php(130): Filament/Support/Components/ViewComponent->toHtml()
#12 D:/Backend-game-topup/web/project/storage/framework/views/a7ed0702f4bd36b229830c7afbac0e0a.php(9): e(Object(Filament/Schemas/Schema))
#13 D:/Backend-game-topup/web/project/vendor/livewire/livewire/src/Mechanisms/ExtendBlade/ExtendedCompilerEngine.php(37): include('D://Backend-game...')
#14 D:/Backend-game-topup/web/project/vendor/livewire/livewire/src/Mechanisms/ExtendBlade/ExtendedCompilerEngine.php(38): Filament/Auth/Pages/EditProfile->{closure:Livewire/Mechanisms/ExtendBlade/ExtendedCompilerEngine::evaluatePath():35}()
#15 D:/Backend-game-topup/web/project/vendor/laravel/framework/src/Illuminate/View/Engines/CompilerEngine.php(76): Livewire/Mechanisms/ExtendBlade/ExtendedCompilerEngine->evaluatePath('D://Backend-game...', Array)
#16 D:/Backend-game-topup/web/project/vendor/livewire/livewire/src/Mechanisms/ExtendBlade/ExtendedCompilerEngine.php(16): Illuminate/View/Engines/CompilerEngine->get('D://Backend-game...', Array)
#17 D:/Backend-game-topup/web/project/vendor/laravel/framework/src/Illuminate/View/View.php(208): Livewire/Mechanisms/ExtendBlade/ExtendedCompilerEngine->get('D://Backend-game...', Array)
#18 D:/Backend-game-topup/web/project/vendor/laravel/framework/src/Illuminate/View/View.php(191): Illuminate/View/View->getContents()
#19 D:/Backend-game-topup/web/project/vendor/laravel/framework/src/Illuminate/View/View.php(160): Illuminate/View/View->renderContents()
#20 D:/Backend-game-topup/web/project/vendor/filament/support/src/Components/ViewComponent.php(125): Illuminate/View/View->render()
#21 D:/Backend-game-topup/web/project/vendor/filament/schemas/src/Components/Component.php(130): Filament/Support/Components/ViewComponent->toHtml()
#22 D:/Backend-game-topup/web/project/vendor/filament/schemas/src/Schema.php(281): Filament/Schemas/Components/Component->toHtml()
#23 D:/Backend-game-topup/web/project/vendor/filament/support/src/Components/ViewComponent.php(122): Filament/Schemas/Schema->toEmbeddedHtml()
#24 D:/Backend-game-topup/web/project/vendor/laravel/framework/src/Illuminate/Support/helpers.php(130): Filament/Support/Components/ViewComponent->toHtml()
#25 D:/Backend-game-topup/web/project/storage/framework/views/182824ba6c64b545fb9146f4f6fd4fc8.php(61): e(Object(Filament/Schemas/Schema))
#26 D:/Backend-game-topup/web/project/vendor/livewire/livewire/src/Mechanisms/ExtendBlade/ExtendedCompilerEngine.php(37): include('D://Backend-game...')
#27 D:/Backend-game-topup/web/project/vendor/livewire/livewire/src/Mechanisms/ExtendBlade/ExtendedCompilerEngine.php(38): Filament/Auth/Pages/EditProfile->{closure:Livewire/Mechanisms/ExtendBlade/ExtendedCompilerEngine::evaluatePath():35}()
#28 D:/Backend-game-topup/web/project/vendor/laravel/framework/src/Illuminate/View/Engines/CompilerEngine.php(76): Livewire/Mechanisms/ExtendBlade/ExtendedCompilerEngine->evaluatePath('D://Backend-game...', Array)
#29 D:/Backend-game-topup/web/project/vendor/livewire/livewire/src/Mechanisms/ExtendBlade/ExtendedCompilerEngine.php(16): Illuminate/View/Engines/CompilerEngine->get('D://Backend-game...', Array)
#30 D:/Backend-game-topup/web/project/vendor/laravel/framework/src/Illuminate/View/View.php(208): Livewire/Mechanisms/ExtendBlade/ExtendedCompilerEngine->get('D://Backend-game...', Array)
#31 D:/Backend-game-topup/web/project/vendor/laravel/framework/src/Illuminate/View/View.php(191): Illuminate/View/View->getContents()
#32 D:/Backend-game-topup/web/project/vendor/laravel/framework/src/Illuminate/View/View.php(160): Illuminate/View/View->renderContents()
#33 D:/Backend-game-topup/web/project/vendor/filament/support/src/Components/ViewComponent.php(125): Illuminate/View/View->render()
#34 D:/Backend-game-topup/web/project/vendor/filament/schemas/src/Components/Component.php(127): Filament/Support/Components/ViewComponent->toHtml()
#35 D:/Backend-game-topup/web/project/vendor/filament/schemas/src/Schema.php(281): Filament/Schemas/Components/Component->toHtml()
#36 D:/Backend-game-topup/web/project/vendor/filament/support/src/Components/ViewComponent.php(122): Filament/Schemas/Schema->toEmbeddedHtml()
#37 D:/Backend-game-topup/web/project/vendor/laravel/framework/src/Illuminate/Support/helpers.php(130): Filament/Support/Components/ViewComponent->toHtml()
#38 D:/Backend-game-topup/web/project/storage/framework/views/f217e03e7733d3960f7efd8298794c71.php(15): e(Object(Filament/Schemas/Schema))
#39 D:/Backend-game-topup/web/project/vendor/livewire/livewire/src/Mechanisms/ExtendBlade/ExtendedCompilerEngine.php(37): include('D://Backend-game...')
#40 D:/Backend-game-topup/web/project/vendor/livewire/livewire/src/Mechanisms/ExtendBlade/ExtendedCompilerEngine.php(38): Filament/Auth/Pages/EditProfile->{closure:Livewire/Mechanisms/ExtendBlade/ExtendedCompilerEngine::evaluatePath():35}()
#41 D:/Backend-game-topup/web/project/vendor/laravel/framework/src/Illuminate/View/Engines/CompilerEngine.php(76): Livewire/Mechanisms/ExtendBlade/ExtendedCompilerEngine->evaluatePath('D://Backend-game...', Array)
#42 D:/Backend-game-topup/web/project/vendor/livewire/livewire/src/Mechanisms/ExtendBlade/ExtendedCompilerEngine.php(16): Illuminate/View/Engines/CompilerEngine->get('D://Backend-game...', Array)
#43 D:/Backend-game-topup/web/project/vendor/laravel/framework/src/Illuminate/View/View.php(208): Livewire/Mechanisms/ExtendBlade/ExtendedCompilerEngine->get('D://Backend-game...', Array)
#44 D:/Backend-game-topup/web/project/vendor/laravel/framework/src/Illuminate/View/View.php(191): Illuminate/View/View->getContents()
#45 D:/Backend-game-topup/web/project/vendor/laravel/framework/src/Illuminate/View/View.php(160): Illuminate/View/View->renderContents()
#46 D:/Backend-game-topup/web/project/vendor/livewire/livewire/src/Mechanisms/HandleComponents/HandleComponents.php(259): Illuminate/View/View->render(Object(Closure))
#47 D:/Backend-game-topup/web/project/vendor/livewire/livewire/src/Mechanisms/HandleComponents/HandleComponents.php(303): Livewire/Mechanisms/HandleComponents/HandleComponents->{closure:Livewire/Mechanisms/HandleComponents/HandleComponents::render():251}()
#48 D:/Backend-game-topup/web/project/vendor/livewire/livewire/src/Mechanisms/HandleComponents/HandleComponents.php(251): Livewire/Mechanisms/HandleComponents/HandleComponents->trackInRenderStack(Object(Filament/Auth/Pages/EditProfile), Object(Closure))
#49 D:/Backend-game-topup/web/project/vendor/livewire/livewire/src/Mechanisms/HandleComponents/HandleComponents.php(54): Livewire/Mechanisms/HandleComponents/HandleComponents->render(Object(Filament/Auth/Pages/EditProfile), '<div></div>')
#50 D:/Backend-game-topup/web/project/vendor/livewire/livewire/src/LivewireManager.php(73): Livewire/Mechanisms/HandleComponents/HandleComponents->mount('Filament//Auth//P...', Array, NULL)
#51 D:/Backend-game-topup/web/project/vendor/livewire/livewire/src/Features/SupportPageComponents/HandlesPageComponents.php(17): Livewire/LivewireManager->mount('Filament//Auth//P...', Array)
#52 D:/Backend-game-topup/web/project/vendor/livewire/livewire/src/Features/SupportPageComponents/SupportPageComponents.php(117): Livewire/Component->{closure:Livewire/Features/SupportPageComponents/HandlesPageComponents::__invoke():14}()
#53 D:/Backend-game-topup/web/project/vendor/livewire/livewire/src/Features/SupportPageComponents/HandlesPageComponents.php(14): Livewire/Features/SupportPageComponents/SupportPageComponents::interceptTheRenderOfTheComponentAndRetreiveTheLayoutConfiguration(Object(Closure))
#54 D:/Backend-game-topup/web/project/vendor/laravel/framework/src/Illuminate/Routing/ControllerDispatcher.php(46): Livewire/Component->__invoke()
#55 D:/Backend-game-topup/web/project/vendor/laravel/framework/src/Illuminate/Routing/Route.php(265): Illuminate/Routing/ControllerDispatcher->dispatch(Object(Illuminate/Routing/Route), Object(Filament/Auth/Pages/EditProfile), '__invoke')
#56 D:/Backend-game-topup/web/project/vendor/laravel/framework/src/Illuminate/Routing/Route.php(211): Illuminate/Routing/Route->runController()
#57 D:/Backend-game-topup/web/project/vendor/laravel/framework/src/Illuminate/Routing/Router.php(822): Illuminate/Routing/Route->run()
#58 D:/Backend-game-topup/web/project/vendor/laravel/framework/src/Illuminate/Pipeline/Pipeline.php(180): Illuminate/Routing/Router->{closure:Illuminate/Routing/Router::runRouteWithinStack():821}(Object(Illuminate/Http/Request))
#59 D:/Backend-game-topup/web/project/app/Http/Middleware/CheckRole.php(22): Illuminate/Pipeline/Pipeline->{closure:Illuminate/Pipeline/Pipeline::prepareDestination():178}(Object(Illuminate/Http/Request))
#60 D:/Backend-game-topup/web/project/vendor/laravel/framework/src/Illuminate/Pipeline/Pipeline.php(219): App/Http/Middleware/CheckRole->handle(Object(Illuminate/Http/Request), Object(Closure))
#61 D:/Backend-game-topup/web/project/vendor/filament/filament/src/Http/Middleware/DispatchServingFilamentEvent.php(15): Illuminate/Pipeline/Pipeline->{closure:{closure:Illuminate/Pipeline/Pipeline::carry():194}:195}(Object(Illuminate/Http/Request))
#62 D:/Backend-game-topup/web/project/vendor/laravel/framework/src/Illuminate/Pipeline/Pipeline.php(219): Filament/Http/Middleware/DispatchServingFilamentEvent->handle(Object(Illuminate/Http/Request), Object(Closure))
#63 D:/Backend-game-topup/web/project/vendor/filament/filament/src/Http/Middleware/DisableBladeIconComponents.php(14): Illuminate/Pipeline/Pipeline->{closure:{closure:Illuminate/Pipeline/Pipeline::carry():194}:195}(Object(Illuminate/Http/Request))
#64 D:/Backend-game-topup/web/project/vendor/laravel/framework/src/Illuminate/Pipeline/Pipeline.php(219): Filament/Http/Middleware/DisableBladeIconComponents->handle(Object(Illuminate/Http/Request), Object(Closure))
#65 D:/Backend-game-topup/web/project/vendor/laravel/framework/src/Illuminate/Routing/Middleware/SubstituteBindings.php(50): Illuminate/Pipeline/Pipeline->{closure:{closure:Illuminate/Pipeline/Pipeline::carry():194}:195}(Object(Illuminate/Http/Request))
#66 D:/Backend-game-topup/web/project/vendor/laravel/framework/src/Illuminate/Pipeline/Pipeline.php(219): Illuminate/Routing/Middleware/SubstituteBindings->handle(Object(Illuminate/Http/Request), Object(Closure))
#67 D:/Backend-game-topup/web/project/vendor/laravel/framework/src/Illuminate/Foundation/Http/Middleware/VerifyCsrfToken.php(87): Illuminate/Pipeline/Pipeline->{closure:{closure:Illuminate/Pipeline/Pipeline::carry():194}:195}(Object(Illuminate/Http/Request))
#68 D:/Backend-game-topup/web/project/vendor/laravel/framework/src/Illuminate/Pipeline/Pipeline.php(219): Illuminate/Foundation/Http/Middleware/VerifyCsrfToken->handle(Object(Illuminate/Http/Request), Object(Closure))
#69 D:/Backend-game-topup/web/project/vendor/laravel/framework/src/Illuminate/Session/Middleware/AuthenticateSession.php(70): Illuminate/Pipeline/Pipeline->{closure:{closure:Illuminate/Pipeline/Pipeline::carry():194}:195}(Object(Illuminate/Http/Request))
#70 D:/Backend-game-topup/web/project/vendor/laravel/framework/src/Illuminate/Pipeline/Pipeline.php(219): Illuminate/Session/Middleware/AuthenticateSession->handle(Object(Illuminate/Http/Request), Object(Closure))
#71 D:/Backend-game-topup/web/project/vendor/laravel/framework/src/Illuminate/Auth/Middleware/Authenticate.php(63): Illuminate/Pipeline/Pipeline->{closure:{closure:Illuminate/Pipeline/Pipeline::carry():194}:195}(Object(Illuminate/Http/Request))
#72 D:/Backend-game-topup/web/project/vendor/laravel/framework/src/Illuminate/Pipeline/Pipeline.php(219): Illuminate/Auth/Middleware/Authenticate->handle(Object(Illuminate/Http/Request), Object(Closure))
#73 D:/Backend-game-topup/web/project/vendor/laravel/framework/src/Illuminate/View/Middleware/ShareErrorsFromSession.php(48): Illuminate/Pipeline/Pipeline->{closure:{closure:Illuminate/Pipeline/Pipeline::carry():194}:195}(Object(Illuminate/Http/Request))
#74 D:/Backend-game-topup/web/project/vendor/laravel/framework/src/Illuminate/Pipeline/Pipeline.php(219): Illuminate/View/Middleware/ShareErrorsFromSession->handle(Object(Illuminate/Http/Request), Object(Closure))
#75 D:/Backend-game-topup/web/project/vendor/laravel/framework/src/Illuminate/Session/Middleware/StartSession.php(120): Illuminate/Pipeline/Pipeline->{closure:{closure:Illuminate/Pipeline/Pipeline::carry():194}:195}(Object(Illuminate/Http/Request))
#76 D:/Backend-game-topup/web/project/vendor/laravel/framework/src/Illuminate/Session/Middleware/StartSession.php(63): Illuminate/Session/Middleware/StartSession->handleStatefulRequest(Object(Illuminate/Http/Request), Object(Illuminate/Session/EncryptedStore), Object(Closure))
#77 D:/Backend-game-topup/web/project/vendor/laravel/framework/src/Illuminate/Pipeline/Pipeline.php(219): Illuminate/Session/Middleware/StartSession->handle(Object(Illuminate/Http/Request), Object(Closure))
#78 D:/Backend-game-topup/web/project/vendor/laravel/framework/src/Illuminate/Cookie/Middleware/AddQueuedCookiesToResponse.php(36): Illuminate/Pipeline/Pipeline->{closure:{closure:Illuminate/Pipeline/Pipeline::carry():194}:195}(Object(Illuminate/Http/Request))
#79 D:/Backend-game-topup/web/project/vendor/laravel/framework/src/Illuminate/Pipeline/Pipeline.php(219): Illuminate/Cookie/Middleware/AddQueuedCookiesToResponse->handle(Object(Illuminate/Http/Request), Object(Closure))
#80 D:/Backend-game-topup/web/project/vendor/laravel/framework/src/Illuminate/Cookie/Middleware/EncryptCookies.php(74): Illuminate/Pipeline/Pipeline->{closure:{closure:Illuminate/Pipeline/Pipeline::carry():194}:195}(Object(Illuminate/Http/Request))
#81 D:/Backend-game-topup/web/project/vendor/laravel/framework/src/Illuminate/Pipeline/Pipeline.php(219): Illuminate/Cookie/Middleware/EncryptCookies->handle(Object(Illuminate/Http/Request), Object(Closure))
#82 D:/Backend-game-topup/web/project/vendor/filament/filament/src/Http/Middleware/SetUpPanel.php(19): Illuminate/Pipeline/Pipeline->{closure:{closure:Illuminate/Pipeline/Pipeline::carry():194}:195}(Object(Illuminate/Http/Request))
#83 D:/Backend-game-topup/web/project/vendor/laravel/framework/src/Illuminate/Pipeline/Pipeline.php(219): Filament/Http/Middleware/SetUpPanel->handle(Object(Illuminate/Http/Request), Object(Closure), Object(Filament/Panel))
#84 D:/Backend-game-topup/web/project/vendor/laravel/framework/src/Illuminate/Pipeline/Pipeline.php(137): Illuminate/Pipeline/Pipeline->{closure:{closure:Illuminate/Pipeline/Pipeline::carry():194}:195}(Object(Illuminate/Http/Request))
#85 D:/Backend-game-topup/web/project/vendor/laravel/framework/src/Illuminate/Routing/Router.php(821): Illuminate/Pipeline/Pipeline->then(Object(Closure))
#86 D:/Backend-game-topup/web/project/vendor/laravel/framework/src/Illuminate/Routing/Router.php(800): Illuminate/Routing/Router->runRouteWithinStack(Object(Illuminate/Routing/Route), Object(Illuminate/Http/Request))
#87 D:/Backend-game-topup/web/project/vendor/laravel/framework/src/Illuminate/Routing/Router.php(764): Illuminate/Routing/Router->runRoute(Object(Illuminate/Http/Request), Object(Illuminate/Routing/Route))
#88 D:/Backend-game-topup/web/project/vendor/laravel/framework/src/Illuminate/Routing/Router.php(753): Illuminate/Routing/Router->dispatchToRoute(Object(Illuminate/Http/Request))
#89 D:/Backend-game-topup/web/project/vendor/laravel/framework/src/Illuminate/Foundation/Http/Kernel.php(200): Illuminate/Routing/Router->dispatch(Object(Illuminate/Http/Request))
#90 D:/Backend-game-topup/web/project/vendor/laravel/framework/src/Illuminate/Pipeline/Pipeline.php(180): Illuminate/Foundation/Http/Kernel->{closure:Illuminate/Foundation/Http/Kernel::dispatchToRouter():197}(Object(Illuminate/Http/Request))
#91 D:/Backend-game-topup/web/project/vendor/livewire/livewire/src/Features/SupportDisablingBackButtonCache/DisableBackButtonCacheMiddleware.php(19): Illuminate/Pipeline/Pipeline->{closure:Illuminate/Pipeline/Pipeline::prepareDestination():178}(Object(Illuminate/Http/Request))
#92 D:/Backend-game-topup/web/project/vendor/laravel/framework/src/Illuminate/Pipeline/Pipeline.php(219): Livewire/Features/SupportDisablingBackButtonCache/DisableBackButtonCacheMiddleware->handle(Object(Illuminate/Http/Request), Object(Closure))
#93 D:/Backend-game-topup/web/project/vendor/laravel/framework/src/Illuminate/Foundation/Http/Middleware/TransformsRequest.php(21): Illuminate/Pipeline/Pipeline->{closure:{closure:Illuminate/Pipeline/Pipeline::carry():194}:195}(Object(Illuminate/Http/Request))
#94 D:/Backend-game-topup/web/project/vendor/laravel/framework/src/Illuminate/Foundation/Http/Middleware/ConvertEmptyStringsToNull.php(31): Illuminate/Foundation/Http/Middleware/TransformsRequest->handle(Object(Illuminate/Http/Request), Object(Closure))
#95 D:/Backend-game-topup/web/project/vendor/laravel/framework/src/Illuminate/Pipeline/Pipeline.php(219): Illuminate/Foundation/Http/Middleware/ConvertEmptyStringsToNull->handle(Object(Illuminate/Http/Request), Object(Closure))
#96 D:/Backend-game-topup/web/project/vendor/laravel/framework/src/Illuminate/Foundation/Http/Middleware/TransformsRequest.php(21): Illuminate/Pipeline/Pipeline->{closure:{closure:Illuminate/Pipeline/Pipeline::carry():194}:195}(Object(Illuminate/Http/Request))
#97 D:/Backend-game-topup/web/project/vendor/laravel/framework/src/Illuminate/Foundation/Http/Middleware/TrimStrings.php(51): Illuminate/Foundation/Http/Middleware/TransformsRequest->handle(Object(Illuminate/Http/Request), Object(Closure))
#98 D:/Backend-game-topup/web/project/vendor/laravel/framework/src/Illuminate/Pipeline/Pipeline.php(219): Illuminate/Foundation/Http/Middleware/TrimStrings->handle(Object(Illuminate/Http/Request), Object(Closure))
#99 D:/Backend-game-topup/web/project/vendor/laravel/framework/src/Illuminate/Http/Middleware/ValidatePostSize.php(27): Illuminate/Pipeline/Pipeline->{closure:{closure:Illuminate/Pipeline/Pipeline::carry():194}:195}(Object(Illuminate/Http/Request))
#100 D:/Backend-game-topup/web/project/vendor/laravel/framework/src/Illuminate/Pipeline/Pipeline.php(219): Illuminate/Http/Middleware/ValidatePostSize->handle(Object(Illuminate/Http/Request), Object(Closure))
#101 D:/Backend-game-topup/web/project/vendor/laravel/framework/src/Illuminate/Foundation/Http/Middleware/PreventRequestsDuringMaintenance.php(109): Illuminate/Pipeline/Pipeline->{closure:{closure:Illuminate/Pipeline/Pipeline::carry():194}:195}(Object(Illuminate/Http/Request))
#102 D:/Backend-game-topup/web/project/vendor/laravel/framework/src/Illuminate/Pipeline/Pipeline.php(219): Illuminate/Foundation/Http/Middleware/PreventRequestsDuringMaintenance->handle(Object(Illuminate/Http/Request), Object(Closure))
#103 D:/Backend-game-topup/web/project/vendor/laravel/framework/src/Illuminate/Http/Middleware/HandleCors.php(61): Illuminate/Pipeline/Pipeline->{closure:{closure:Illuminate/Pipeline/Pipeline::carry():194}:195}(Object(Illuminate/Http/Request))
#104 D:/Backend-game-topup/web/project/vendor/laravel/framework/src/Illuminate/Pipeline/Pipeline.php(219): Illuminate/Http/Middleware/HandleCors->handle(Object(Illuminate/Http/Request), Object(Closure))
#105 D:/Backend-game-topup/web/project/vendor/laravel/framework/src/Illuminate/Http/Middleware/TrustProxies.php(58): Illuminate/Pipeline/Pipeline->{closure:{closure:Illuminate/Pipeline/Pipeline::carry():194}:195}(Object(Illuminate/Http/Request))
#106 D:/Backend-game-topup/web/project/vendor/laravel/framework/src/Illuminate/Pipeline/Pipeline.php(219): Illuminate/Http/Middleware/TrustProxies->handle(Object(Illuminate/Http/Request), Object(Closure))
#107 D:/Backend-game-topup/web/project/vendor/laravel/framework/src/Illuminate/Http/Middleware/TrustHosts.php(78): Illuminate/Pipeline/Pipeline->{closure:{closure:Illuminate/Pipeline/Pipeline::carry():194}:195}(Object(Illuminate/Http/Request))
#108 D:/Backend-game-topup/web/project/vendor/laravel/framework/src/Illuminate/Pipeline/Pipeline.php(219): Illuminate/Http/Middleware/TrustHosts->handle(Object(Illuminate/Http/Request), Object(Closure))
#109 D:/Backend-game-topup/web/project/vendor/laravel/framework/src/Illuminate/Pipeline/Pipeline.php(137): Illuminate/Pipeline/Pipeline->{closure:{closure:Illuminate/Pipeline/Pipeline::carry():194}:195}(Object(Illuminate/Http/Request))
#110 D:/Backend-game-topup/web/project/vendor/laravel/framework/src/Illuminate/Foundation/Http/Kernel.php(175): Illuminate/Pipeline/Pipeline->then(Object(Closure))
#111 D:/Backend-game-topup/web/project/vendor/laravel/framework/src/Illuminate/Foundation/Http/Kernel.php(144): Illuminate/Foundation/Http/Kernel->sendRequestThroughRouter(Object(Illuminate/Http/Request))
#112 D:/Backend-game-topup/web/project/public/index.php(51): Illuminate/Foundation/Http/Kernel->handle(Object(Illuminate/Http/Request))
#113 D:/Backend-game-topup/web/project/server.php(21): require_once('D://Backend-game...')
#114 {main}
"} 
[2026-02-02 23:23:10] local.ERROR: The user model must implement the [Filament\Auth\MultiFactor\App\Contracts\HasAppAuthentication] interface to use app authentication. (View: D:\Backend-game-topup\web\project\vendor\filament\schemas\resources\views\components\grid.blade.php) (View: D:\Backend-game-topup\web\project\vendor\filament\schemas\resources\views\components\grid.blade.php) (View: D:\Backend-game-topup\web\project\vendor\filament\schemas\resources\views\components\grid.blade.php) {"userId":350,"exception":"[object] (Illuminate\\View\\ViewException(code: 0): The user model must implement the [Filament\\Auth\\MultiFactor\\App\\Contracts\\HasAppAuthentication] interface to use app authentication. (View: D:\\Backend-game-topup\\web\\project\\vendor\\filament\\schemas\\resources\\views\\components\\grid.blade.php) (View: D:\\Backend-game-topup\\web\\project\\vendor\\filament\\schemas\\resources\\views\\components\\grid.blade.php) (View: D:\\Backend-game-topup\\web\\project\\vendor\\filament\\schemas\\resources\\views\\components\\grid.blade.php) at D:/Backend-game-topup/web/project/vendor/filament/filament/src/Auth/MultiFactor/App/AppAuthentication.php:66)
[stacktrace]
#0 D:/Backend-game-topup/web/project/vendor/livewire/livewire/src/Mechanisms/ExtendBlade/ExtendedCompilerEngine.php(58): Illuminate/View/Engines/CompilerEngine->handleViewException(Object(Illuminate/View/ViewException), 1)
#1 D:/Backend-game-topup/web/project/vendor/livewire/livewire/src/Mechanisms/ExtendBlade/ExtendedCompilerEngine.php(40): Livewire/Mechanisms/ExtendBlade/ExtendedCompilerEngine->handleViewException(Object(Illuminate/View/ViewException), 1)
#2 D:/Backend-game-topup/web/project/vendor/laravel/framework/src/Illuminate/View/Engines/CompilerEngine.php(76): Livewire/Mechanisms/ExtendBlade/ExtendedCompilerEngine->evaluatePath('D://Backend-game...', Array)
#3 D:/Backend-game-topup/web/project/vendor/livewire/livewire/src/Mechanisms/ExtendBlade/ExtendedCompilerEngine.php(16): Illuminate/View/Engines/CompilerEngine->get('D://Backend-game...', Array)
#4 D:/Backend-game-topup/web/project/vendor/laravel/framework/src/Illuminate/View/View.php(208): Livewire/Mechanisms/ExtendBlade/ExtendedCompilerEngine->get('D://Backend-game...', Array)
#5 D:/Backend-game-topup/web/project/vendor/laravel/framework/src/Illuminate/View/View.php(191): Illuminate/View/View->getContents()
#6 D:/Backend-game-topup/web/project/vendor/laravel/framework/src/Illuminate/View/View.php(160): Illuminate/View/View->renderContents()
#7 D:/Backend-game-topup/web/project/vendor/livewire/livewire/src/Mechanisms/HandleComponents/HandleComponents.php(259): Illuminate/View/View->render(Object(Closure))
#8 D:/Backend-game-topup/web/project/vendor/livewire/livewire/src/Mechanisms/HandleComponents/HandleComponents.php(303): Livewire/Mechanisms/HandleComponents/HandleComponents->{closure:Livewire/Mechanisms/HandleComponents/HandleComponents::render():251}()
#9 D:/Backend-game-topup/web/project/vendor/livewire/livewire/src/Mechanisms/HandleComponents/HandleComponents.php(251): Livewire/Mechanisms/HandleComponents/HandleComponents->trackInRenderStack(Object(Filament/Auth/Pages/EditProfile), Object(Closure))
#10 D:/Backend-game-topup/web/project/vendor/livewire/livewire/src/Mechanisms/HandleComponents/HandleComponents.php(54): Livewire/Mechanisms/HandleComponents/HandleComponents->render(Object(Filament/Auth/Pages/EditProfile), '<div></div>')
#11 D:/Backend-game-topup/web/project/vendor/livewire/livewire/src/LivewireManager.php(73): Livewire/Mechanisms/HandleComponents/HandleComponents->mount('Filament//Auth//P...', Array, NULL)
#12 D:/Backend-game-topup/web/project/vendor/livewire/livewire/src/Features/SupportPageComponents/HandlesPageComponents.php(17): Livewire/LivewireManager->mount('Filament//Auth//P...', Array)
#13 D:/Backend-game-topup/web/project/vendor/livewire/livewire/src/Features/SupportPageComponents/SupportPageComponents.php(117): Livewire/Component->{closure:Livewire/Features/SupportPageComponents/HandlesPageComponents::__invoke():14}()
#14 D:/Backend-game-topup/web/project/vendor/livewire/livewire/src/Features/SupportPageComponents/HandlesPageComponents.php(14): Livewire/Features/SupportPageComponents/SupportPageComponents::interceptTheRenderOfTheComponentAndRetreiveTheLayoutConfiguration(Object(Closure))
#15 D:/Backend-game-topup/web/project/vendor/laravel/framework/src/Illuminate/Routing/ControllerDispatcher.php(46): Livewire/Component->__invoke()
#16 D:/Backend-game-topup/web/project/vendor/laravel/framework/src/Illuminate/Routing/Route.php(265): Illuminate/Routing/ControllerDispatcher->dispatch(Object(Illuminate/Routing/Route), Object(Filament/Auth/Pages/EditProfile), '__invoke')
#17 D:/Backend-game-topup/web/project/vendor/laravel/framework/src/Illuminate/Routing/Route.php(211): Illuminate/Routing/Route->runController()
#18 D:/Backend-game-topup/web/project/vendor/laravel/framework/src/Illuminate/Routing/Router.php(822): Illuminate/Routing/Route->run()
#19 D:/Backend-game-topup/web/project/vendor/laravel/framework/src/Illuminate/Pipeline/Pipeline.php(180): Illuminate/Routing/Router->{closure:Illuminate/Routing/Router::runRouteWithinStack():821}(Object(Illuminate/Http/Request))
#20 D:/Backend-game-topup/web/project/app/Http/Middleware/CheckRole.php(22): Illuminate/Pipeline/Pipeline->{closure:Illuminate/Pipeline/Pipeline::prepareDestination():178}(Object(Illuminate/Http/Request))
#21 D:/Backend-game-topup/web/project/vendor/laravel/framework/src/Illuminate/Pipeline/Pipeline.php(219): App/Http/Middleware/CheckRole->handle(Object(Illuminate/Http/Request), Object(Closure))
#22 D:/Backend-game-topup/web/project/vendor/filament/filament/src/Http/Middleware/DispatchServingFilamentEvent.php(15): Illuminate/Pipeline/Pipeline->{closure:{closure:Illuminate/Pipeline/Pipeline::carry():194}:195}(Object(Illuminate/Http/Request))
#23 D:/Backend-game-topup/web/project/vendor/laravel/framework/src/Illuminate/Pipeline/Pipeline.php(219): Filament/Http/Middleware/DispatchServingFilamentEvent->handle(Object(Illuminate/Http/Request), Object(Closure))
#24 D:/Backend-game-topup/web/project/vendor/filament/filament/src/Http/Middleware/DisableBladeIconComponents.php(14): Illuminate/Pipeline/Pipeline->{closure:{closure:Illuminate/Pipeline/Pipeline::carry():194}:195}(Object(Illuminate/Http/Request))
#25 D:/Backend-game-topup/web/project/vendor/laravel/framework/src/Illuminate/Pipeline/Pipeline.php(219): Filament/Http/Middleware/DisableBladeIconComponents->handle(Object(Illuminate/Http/Request), Object(Closure))
#26 D:/Backend-game-topup/web/project/vendor/laravel/framework/src/Illuminate/Routing/Middleware/SubstituteBindings.php(50): Illuminate/Pipeline/Pipeline->{closure:{closure:Illuminate/Pipeline/Pipeline::carry():194}:195}(Object(Illuminate/Http/Request))
#27 D:/Backend-game-topup/web/project/vendor/laravel/framework/src/Illuminate/Pipeline/Pipeline.php(219): Illuminate/Routing/Middleware/SubstituteBindings->handle(Object(Illuminate/Http/Request), Object(Closure))
#28 D:/Backend-game-topup/web/project/vendor/laravel/framework/src/Illuminate/Foundation/Http/Middleware/VerifyCsrfToken.php(87): Illuminate/Pipeline/Pipeline->{closure:{closure:Illuminate/Pipeline/Pipeline::carry():194}:195}(Object(Illuminate/Http/Request))
#29 D:/Backend-game-topup/web/project/vendor/laravel/framework/src/Illuminate/Pipeline/Pipeline.php(219): Illuminate/Foundation/Http/Middleware/VerifyCsrfToken->handle(Object(Illuminate/Http/Request), Object(Closure))
#30 D:/Backend-game-topup/web/project/vendor/laravel/framework/src/Illuminate/Session/Middleware/AuthenticateSession.php(70): Illuminate/Pipeline/Pipeline->{closure:{closure:Illuminate/Pipeline/Pipeline::carry():194}:195}(Object(Illuminate/Http/Request))
#31 D:/Backend-game-topup/web/project/vendor/laravel/framework/src/Illuminate/Pipeline/Pipeline.php(219): Illuminate/Session/Middleware/AuthenticateSession->handle(Object(Illuminate/Http/Request), Object(Closure))
#32 D:/Backend-game-topup/web/project/vendor/laravel/framework/src/Illuminate/Auth/Middleware/Authenticate.php(63): Illuminate/Pipeline/Pipeline->{closure:{closure:Illuminate/Pipeline/Pipeline::carry():194}:195}(Object(Illuminate/Http/Request))
#33 D:/Backend-game-topup/web/project/vendor/laravel/framework/src/Illuminate/Pipeline/Pipeline.php(219): Illuminate/Auth/Middleware/Authenticate->handle(Object(Illuminate/Http/Request), Object(Closure))
#34 D:/Backend-game-topup/web/project/vendor/laravel/framework/src/Illuminate/View/Middleware/ShareErrorsFromSession.php(48): Illuminate/Pipeline/Pipeline->{closure:{closure:Illuminate/Pipeline/Pipeline::carry():194}:195}(Object(Illuminate/Http/Request))
#35 D:/Backend-game-topup/web/project/vendor/laravel/framework/src/Illuminate/Pipeline/Pipeline.php(219): Illuminate/View/Middleware/ShareErrorsFromSession->handle(Object(Illuminate/Http/Request), Object(Closure))
#36 D:/Backend-game-topup/web/project/vendor/laravel/framework/src/Illuminate/Session/Middleware/StartSession.php(120): Illuminate/Pipeline/Pipeline->{closure:{closure:Illuminate/Pipeline/Pipeline::carry():194}:195}(Object(Illuminate/Http/Request))
#37 D:/Backend-game-topup/web/project/vendor/laravel/framework/src/Illuminate/Session/Middleware/StartSession.php(63): Illuminate/Session/Middleware/StartSession->handleStatefulRequest(Object(Illuminate/Http/Request), Object(Illuminate/Session/EncryptedStore), Object(Closure))
#38 D:/Backend-game-topup/web/project/vendor/laravel/framework/src/Illuminate/Pipeline/Pipeline.php(219): Illuminate/Session/Middleware/StartSession->handle(Object(Illuminate/Http/Request), Object(Closure))
#39 D:/Backend-game-topup/web/project/vendor/laravel/framework/src/Illuminate/Cookie/Middleware/AddQueuedCookiesToResponse.php(36): Illuminate/Pipeline/Pipeline->{closure:{closure:Illuminate/Pipeline/Pipeline::carry():194}:195}(Object(Illuminate/Http/Request))
#40 D:/Backend-game-topup/web/project/vendor/laravel/framework/src/Illuminate/Pipeline/Pipeline.php(219): Illuminate/Cookie/Middleware/AddQueuedCookiesToResponse->handle(Object(Illuminate/Http/Request), Object(Closure))
#41 D:/Backend-game-topup/web/project/vendor/laravel/framework/src/Illuminate/Cookie/Middleware/EncryptCookies.php(74): Illuminate/Pipeline/Pipeline->{closure:{closure:Illuminate/Pipeline/Pipeline::carry():194}:195}(Object(Illuminate/Http/Request))
#42 D:/Backend-game-topup/web/project/vendor/laravel/framework/src/Illuminate/Pipeline/Pipeline.php(219): Illuminate/Cookie/Middleware/EncryptCookies->handle(Object(Illuminate/Http/Request), Object(Closure))
#43 D:/Backend-game-topup/web/project/vendor/filament/filament/src/Http/Middleware/SetUpPanel.php(19): Illuminate/Pipeline/Pipeline->{closure:{closure:Illuminate/Pipeline/Pipeline::carry():194}:195}(Object(Illuminate/Http/Request))
#44 D:/Backend-game-topup/web/project/vendor/laravel/framework/src/Illuminate/Pipeline/Pipeline.php(219): Filament/Http/Middleware/SetUpPanel->handle(Object(Illuminate/Http/Request), Object(Closure), Object(Filament/Panel))
#45 D:/Backend-game-topup/web/project/vendor/laravel/framework/src/Illuminate/Pipeline/Pipeline.php(137): Illuminate/Pipeline/Pipeline->{closure:{closure:Illuminate/Pipeline/Pipeline::carry():194}:195}(Object(Illuminate/Http/Request))
#46 D:/Backend-game-topup/web/project/vendor/laravel/framework/src/Illuminate/Routing/Router.php(821): Illuminate/Pipeline/Pipeline->then(Object(Closure))
#47 D:/Backend-game-topup/web/project/vendor/laravel/framework/src/Illuminate/Routing/Router.php(800): Illuminate/Routing/Router->runRouteWithinStack(Object(Illuminate/Routing/Route), Object(Illuminate/Http/Request))
#48 D:/Backend-game-topup/web/project/vendor/laravel/framework/src/Illuminate/Routing/Router.php(764): Illuminate/Routing/Router->runRoute(Object(Illuminate/Http/Request), Object(Illuminate/Routing/Route))
#49 D:/Backend-game-topup/web/project/vendor/laravel/framework/src/Illuminate/Routing/Router.php(753): Illuminate/Routing/Router->dispatchToRoute(Object(Illuminate/Http/Request))
#50 D:/Backend-game-topup/web/project/vendor/laravel/framework/src/Illuminate/Foundation/Http/Kernel.php(200): Illuminate/Routing/Router->dispatch(Object(Illuminate/Http/Request))
#51 D:/Backend-game-topup/web/project/vendor/laravel/framework/src/Illuminate/Pipeline/Pipeline.php(180): Illuminate/Foundation/Http/Kernel->{closure:Illuminate/Foundation/Http/Kernel::dispatchToRouter():197}(Object(Illuminate/Http/Request))
#52 D:/Backend-game-topup/web/project/vendor/livewire/livewire/src/Features/SupportDisablingBackButtonCache/DisableBackButtonCacheMiddleware.php(19): Illuminate/Pipeline/Pipeline->{closure:Illuminate/Pipeline/Pipeline::prepareDestination():178}(Object(Illuminate/Http/Request))
#53 D:/Backend-game-topup/web/project/vendor/laravel/framework/src/Illuminate/Pipeline/Pipeline.php(219): Livewire/Features/SupportDisablingBackButtonCache/DisableBackButtonCacheMiddleware->handle(Object(Illuminate/Http/Request), Object(Closure))
#54 D:/Backend-game-topup/web/project/vendor/laravel/framework/src/Illuminate/Foundation/Http/Middleware/TransformsRequest.php(21): Illuminate/Pipeline/Pipeline->{closure:{closure:Illuminate/Pipeline/Pipeline::carry():194}:195}(Object(Illuminate/Http/Request))
#55 D:/Backend-game-topup/web/project/vendor/laravel/framework/src/Illuminate/Foundation/Http/Middleware/ConvertEmptyStringsToNull.php(31): Illuminate/Foundation/Http/Middleware/TransformsRequest->handle(Object(Illuminate/Http/Request), Object(Closure))
#56 D:/Backend-game-topup/web/project/vendor/laravel/framework/src/Illuminate/Pipeline/Pipeline.php(219): Illuminate/Foundation/Http/Middleware/ConvertEmptyStringsToNull->handle(Object(Illuminate/Http/Request), Object(Closure))
#57 D:/Backend-game-topup/web/project/vendor/laravel/framework/src/Illuminate/Foundation/Http/Middleware/TransformsRequest.php(21): Illuminate/Pipeline/Pipeline->{closure:{closure:Illuminate/Pipeline/Pipeline::carry():194}:195}(Object(Illuminate/Http/Request))
#58 D:/Backend-game-topup/web/project/vendor/laravel/framework/src/Illuminate/Foundation/Http/Middleware/TrimStrings.php(51): Illuminate/Foundation/Http/Middleware/TransformsRequest->handle(Object(Illuminate/Http/Request), Object(Closure))
#59 D:/Backend-game-topup/web/project/vendor/laravel/framework/src/Illuminate/Pipeline/Pipeline.php(219): Illuminate/Foundation/Http/Middleware/TrimStrings->handle(Object(Illuminate/Http/Request), Object(Closure))
#60 D:/Backend-game-topup/web/project/vendor/laravel/framework/src/Illuminate/Http/Middleware/ValidatePostSize.php(27): Illuminate/Pipeline/Pipeline->{closure:{closure:Illuminate/Pipeline/Pipeline::carry():194}:195}(Object(Illuminate/Http/Request))
#61 D:/Backend-game-topup/web/project/vendor/laravel/framework/src/Illuminate/Pipeline/Pipeline.php(219): Illuminate/Http/Middleware/ValidatePostSize->handle(Object(Illuminate/Http/Request), Object(Closure))
#62 D:/Backend-game-topup/web/project/vendor/laravel/framework/src/Illuminate/Foundation/Http/Middleware/PreventRequestsDuringMaintenance.php(109): Illuminate/Pipeline/Pipeline->{closure:{closure:Illuminate/Pipeline/Pipeline::carry():194}:195}(Object(Illuminate/Http/Request))
#63 D:/Backend-game-topup/web/project/vendor/laravel/framework/src/Illuminate/Pipeline/Pipeline.php(219): Illuminate/Foundation/Http/Middleware/PreventRequestsDuringMaintenance->handle(Object(Illuminate/Http/Request), Object(Closure))
#64 D:/Backend-game-topup/web/project/vendor/laravel/framework/src/Illuminate/Http/Middleware/HandleCors.php(61): Illuminate/Pipeline/Pipeline->{closure:{closure:Illuminate/Pipeline/Pipeline::carry():194}:195}(Object(Illuminate/Http/Request))
#65 D:/Backend-game-topup/web/project/vendor/laravel/framework/src/Illuminate/Pipeline/Pipeline.php(219): Illuminate/Http/Middleware/HandleCors->handle(Object(Illuminate/Http/Request), Object(Closure))
#66 D:/Backend-game-topup/web/project/vendor/laravel/framework/src/Illuminate/Http/Middleware/TrustProxies.php(58): Illuminate/Pipeline/Pipeline->{closure:{closure:Illuminate/Pipeline/Pipeline::carry():194}:195}(Object(Illuminate/Http/Request))
#67 D:/Backend-game-topup/web/project/vendor/laravel/framework/src/Illuminate/Pipeline/Pipeline.php(219): Illuminate/Http/Middleware/TrustProxies->handle(Object(Illuminate/Http/Request), Object(Closure))
#68 D:/Backend-game-topup/web/project/vendor/laravel/framework/src/Illuminate/Http/Middleware/TrustHosts.php(78): Illuminate/Pipeline/Pipeline->{closure:{closure:Illuminate/Pipeline/Pipeline::carry():194}:195}(Object(Illuminate/Http/Request))
#69 D:/Backend-game-topup/web/project/vendor/laravel/framework/src/Illuminate/Pipeline/Pipeline.php(219): Illuminate/Http/Middleware/TrustHosts->handle(Object(Illuminate/Http/Request), Object(Closure))
#70 D:/Backend-game-topup/web/project/vendor/laravel/framework/src/Illuminate/Pipeline/Pipeline.php(137): Illuminate/Pipeline/Pipeline->{closure:{closure:Illuminate/Pipeline/Pipeline::carry():194}:195}(Object(Illuminate/Http/Request))
#71 D:/Backend-game-topup/web/project/vendor/laravel/framework/src/Illuminate/Foundation/Http/Kernel.php(175): Illuminate/Pipeline/Pipeline->then(Object(Closure))
#72 D:/Backend-game-topup/web/project/vendor/laravel/framework/src/Illuminate/Foundation/Http/Kernel.php(144): Illuminate/Foundation/Http/Kernel->sendRequestThroughRouter(Object(Illuminate/Http/Request))
#73 D:/Backend-game-topup/web/project/public/index.php(51): Illuminate/Foundation/Http/Kernel->handle(Object(Illuminate/Http/Request))
#74 D:/Backend-game-topup/web/project/server.php(21): require_once('D://Backend-game...')
#75 {main}

[previous exception] [object] (Illuminate\\View\\ViewException(code: 0): The user model must implement the [Filament\\Auth\\MultiFactor\\App\\Contracts\\HasAppAuthentication] interface to use app authentication. (View: D:\\Backend-game-topup\\web\\project\\vendor\\filament\\schemas\\resources\\views\\components\\grid.blade.php) (View: D:\\Backend-game-topup\\web\\project\\vendor\\filament\\schemas\\resources\\views\\components\\grid.blade.php) at D:/Backend-game-topup/web/project/vendor/filament/filament/src/Auth/MultiFactor/App/AppAuthentication.php:66)
[stacktrace]
#0 D:/Backend-game-topup/web/project/vendor/livewire/livewire/src/Mechanisms/ExtendBlade/ExtendedCompilerEngine.php(58): Illuminate/View/Engines/CompilerEngine->handleViewException(Object(Illuminate/View/ViewException), 4)
#1 D:/Backend-game-topup/web/project/vendor/livewire/livewire/src/Mechanisms/ExtendBlade/ExtendedCompilerEngine.php(40): Livewire/Mechanisms/ExtendBlade/ExtendedCompilerEngine->handleViewException(Object(Illuminate/View/ViewException), 4)
#2 D:/Backend-game-topup/web/project/vendor/laravel/framework/src/Illuminate/View/Engines/CompilerEngine.php(76): Livewire/Mechanisms/ExtendBlade/ExtendedCompilerEngine->evaluatePath('D://Backend-game...', Array)
#3 D:/Backend-game-topup/web/project/vendor/livewire/livewire/src/Mechanisms/ExtendBlade/ExtendedCompilerEngine.php(16): Illuminate/View/Engines/CompilerEngine->get('D://Backend-game...', Array)
#4 D:/Backend-game-topup/web/project/vendor/laravel/framework/src/Illuminate/View/View.php(208): Livewire/Mechanisms/ExtendBlade/ExtendedCompilerEngine->get('D://Backend-game...', Array)
#5 D:/Backend-game-topup/web/project/vendor/laravel/framework/src/Illuminate/View/View.php(191): Illuminate/View/View->getContents()
#6 D:/Backend-game-topup/web/project/vendor/laravel/framework/src/Illuminate/View/View.php(160): Illuminate/View/View->renderContents()
#7 D:/Backend-game-topup/web/project/vendor/filament/support/src/Components/ViewComponent.php(125): Illuminate/View/View->render()
#8 D:/Backend-game-topup/web/project/vendor/filament/schemas/src/Components/Component.php(127): Filament/Support/Components/ViewComponent->toHtml()
#9 D:/Backend-game-topup/web/project/vendor/filament/schemas/src/Schema.php(281): Filament/Schemas/Components/Component->toHtml()
#10 D:/Backend-game-topup/web/project/vendor/filament/support/src/Components/ViewComponent.php(122): Filament/Schemas/Schema->toEmbeddedHtml()
#11 D:/Backend-game-topup/web/project/vendor/laravel/framework/src/Illuminate/Support/helpers.php(130): Filament/Support/Components/ViewComponent->toHtml()
#12 D:/Backend-game-topup/web/project/storage/framework/views/f217e03e7733d3960f7efd8298794c71.php(15): e(Object(Filament/Schemas/Schema))
#13 D:/Backend-game-topup/web/project/vendor/livewire/livewire/src/Mechanisms/ExtendBlade/ExtendedCompilerEngine.php(37): include('D://Backend-game...')
#14 D:/Backend-game-topup/web/project/vendor/livewire/livewire/src/Mechanisms/ExtendBlade/ExtendedCompilerEngine.php(38): Filament/Auth/Pages/EditProfile->{closure:Livewire/Mechanisms/ExtendBlade/ExtendedCompilerEngine::evaluatePath():35}()
#15 D:/Backend-game-topup/web/project/vendor/laravel/framework/src/Illuminate/View/Engines/CompilerEngine.php(76): Livewire/Mechanisms/ExtendBlade/ExtendedCompilerEngine->evaluatePath('D://Backend-game...', Array)
#16 D:/Backend-game-topup/web/project/vendor/livewire/livewire/src/Mechanisms/ExtendBlade/ExtendedCompilerEngine.php(16): Illuminate/View/Engines/CompilerEngine->get('D://Backend-game...', Array)
#17 D:/Backend-game-topup/web/project/vendor/laravel/framework/src/Illuminate/View/View.php(208): Livewire/Mechanisms/ExtendBlade/ExtendedCompilerEngine->get('D://Backend-game...', Array)
#18 D:/Backend-game-topup/web/project/vendor/laravel/framework/src/Illuminate/View/View.php(191): Illuminate/View/View->getContents()
#19 D:/Backend-game-topup/web/project/vendor/laravel/framework/src/Illuminate/View/View.php(160): Illuminate/View/View->renderContents()
#20 D:/Backend-game-topup/web/project/vendor/livewire/livewire/src/Mechanisms/HandleComponents/HandleComponents.php(259): Illuminate/View/View->render(Object(Closure))
#21 D:/Backend-game-topup/web/project/vendor/livewire/livewire/src/Mechanisms/HandleComponents/HandleComponents.php(303): Livewire/Mechanisms/HandleComponents/HandleComponents->{closure:Livewire/Mechanisms/HandleComponents/HandleComponents::render():251}()
#22 D:/Backend-game-topup/web/project/vendor/livewire/livewire/src/Mechanisms/HandleComponents/HandleComponents.php(251): Livewire/Mechanisms/HandleComponents/HandleComponents->trackInRenderStack(Object(Filament/Auth/Pages/EditProfile), Object(Closure))
#23 D:/Backend-game-topup/web/project/vendor/livewire/livewire/src/Mechanisms/HandleComponents/HandleComponents.php(54): Livewire/Mechanisms/HandleComponents/HandleComponents->render(Object(Filament/Auth/Pages/EditProfile), '<div></div>')
#24 D:/Backend-game-topup/web/project/vendor/livewire/livewire/src/LivewireManager.php(73): Livewire/Mechanisms/HandleComponents/HandleComponents->mount('Filament//Auth//P...', Array, NULL)
#25 D:/Backend-game-topup/web/project/vendor/livewire/livewire/src/Features/SupportPageComponents/HandlesPageComponents.php(17): Livewire/LivewireManager->mount('Filament//Auth//P...', Array)
#26 D:/Backend-game-topup/web/project/vendor/livewire/livewire/src/Features/SupportPageComponents/SupportPageComponents.php(117): Livewire/Component->{closure:Livewire/Features/SupportPageComponents/HandlesPageComponents::__invoke():14}()
#27 D:/Backend-game-topup/web/project/vendor/livewire/livewire/src/Features/SupportPageComponents/HandlesPageComponents.php(14): Livewire/Features/SupportPageComponents/SupportPageComponents::interceptTheRenderOfTheComponentAndRetreiveTheLayoutConfiguration(Object(Closure))
#28 D:/Backend-game-topup/web/project/vendor/laravel/framework/src/Illuminate/Routing/ControllerDispatcher.php(46): Livewire/Component->__invoke()
#29 D:/Backend-game-topup/web/project/vendor/laravel/framework/src/Illuminate/Routing/Route.php(265): Illuminate/Routing/ControllerDispatcher->dispatch(Object(Illuminate/Routing/Route), Object(Filament/Auth/Pages/EditProfile), '__invoke')
#30 D:/Backend-game-topup/web/project/vendor/laravel/framework/src/Illuminate/Routing/Route.php(211): Illuminate/Routing/Route->runController()
#31 D:/Backend-game-topup/web/project/vendor/laravel/framework/src/Illuminate/Routing/Router.php(822): Illuminate/Routing/Route->run()
#32 D:/Backend-game-topup/web/project/vendor/laravel/framework/src/Illuminate/Pipeline/Pipeline.php(180): Illuminate/Routing/Router->{closure:Illuminate/Routing/Router::runRouteWithinStack():821}(Object(Illuminate/Http/Request))
#33 D:/Backend-game-topup/web/project/app/Http/Middleware/CheckRole.php(22): Illuminate/Pipeline/Pipeline->{closure:Illuminate/Pipeline/Pipeline::prepareDestination():178}(Object(Illuminate/Http/Request))
#34 D:/Backend-game-topup/web/project/vendor/laravel/framework/src/Illuminate/Pipeline/Pipeline.php(219): App/Http/Middleware/CheckRole->handle(Object(Illuminate/Http/Request), Object(Closure))
#35 D:/Backend-game-topup/web/project/vendor/filament/filament/src/Http/Middleware/DispatchServingFilamentEvent.php(15): Illuminate/Pipeline/Pipeline->{closure:{closure:Illuminate/Pipeline/Pipeline::carry():194}:195}(Object(Illuminate/Http/Request))
#36 D:/Backend-game-topup/web/project/vendor/laravel/framework/src/Illuminate/Pipeline/Pipeline.php(219): Filament/Http/Middleware/DispatchServingFilamentEvent->handle(Object(Illuminate/Http/Request), Object(Closure))
#37 D:/Backend-game-topup/web/project/vendor/filament/filament/src/Http/Middleware/DisableBladeIconComponents.php(14): Illuminate/Pipeline/Pipeline->{closure:{closure:Illuminate/Pipeline/Pipeline::carry():194}:195}(Object(Illuminate/Http/Request))
#38 D:/Backend-game-topup/web/project/vendor/laravel/framework/src/Illuminate/Pipeline/Pipeline.php(219): Filament/Http/Middleware/DisableBladeIconComponents->handle(Object(Illuminate/Http/Request), Object(Closure))
#39 D:/Backend-game-topup/web/project/vendor/laravel/framework/src/Illuminate/Routing/Middleware/SubstituteBindings.php(50): Illuminate/Pipeline/Pipeline->{closure:{closure:Illuminate/Pipeline/Pipeline::carry():194}:195}(Object(Illuminate/Http/Request))
#40 D:/Backend-game-topup/web/project/vendor/laravel/framework/src/Illuminate/Pipeline/Pipeline.php(219): Illuminate/Routing/Middleware/SubstituteBindings->handle(Object(Illuminate/Http/Request), Object(Closure))
#41 D:/Backend-game-topup/web/project/vendor/laravel/framework/src/Illuminate/Foundation/Http/Middleware/VerifyCsrfToken.php(87): Illuminate/Pipeline/Pipeline->{closure:{closure:Illuminate/Pipeline/Pipeline::carry():194}:195}(Object(Illuminate/Http/Request))
#42 D:/Backend-game-topup/web/project/vendor/laravel/framework/src/Illuminate/Pipeline/Pipeline.php(219): Illuminate/Foundation/Http/Middleware/VerifyCsrfToken->handle(Object(Illuminate/Http/Request), Object(Closure))
#43 D:/Backend-game-topup/web/project/vendor/laravel/framework/src/Illuminate/Session/Middleware/AuthenticateSession.php(70): Illuminate/Pipeline/Pipeline->{closure:{closure:Illuminate/Pipeline/Pipeline::carry():194}:195}(Object(Illuminate/Http/Request))
#44 D:/Backend-game-topup/web/project/vendor/laravel/framework/src/Illuminate/Pipeline/Pipeline.php(219): Illuminate/Session/Middleware/AuthenticateSession->handle(Object(Illuminate/Http/Request), Object(Closure))
#45 D:/Backend-game-topup/web/project/vendor/laravel/framework/src/Illuminate/Auth/Middleware/Authenticate.php(63): Illuminate/Pipeline/Pipeline->{closure:{closure:Illuminate/Pipeline/Pipeline::carry():194}:195}(Object(Illuminate/Http/Request))
#46 D:/Backend-game-topup/web/project/vendor/laravel/framework/src/Illuminate/Pipeline/Pipeline.php(219): Illuminate/Auth/Middleware/Authenticate->handle(Object(Illuminate/Http/Request), Object(Closure))
#47 D:/Backend-game-topup/web/project/vendor/laravel/framework/src/Illuminate/View/Middleware/ShareErrorsFromSession.php(48): Illuminate/Pipeline/Pipeline->{closure:{closure:Illuminate/Pipeline/Pipeline::carry():194}:195}(Object(Illuminate/Http/Request))
#48 D:/Backend-game-topup/web/project/vendor/laravel/framework/src/Illuminate/Pipeline/Pipeline.php(219): Illuminate/View/Middleware/ShareErrorsFromSession->handle(Object(Illuminate/Http/Request), Object(Closure))
#49 D:/Backend-game-topup/web/project/vendor/laravel/framework/src/Illuminate/Session/Middleware/StartSession.php(120): Illuminate/Pipeline/Pipeline->{closure:{closure:Illuminate/Pipeline/Pipeline::carry():194}:195}(Object(Illuminate/Http/Request))
#50 D:/Backend-game-topup/web/project/vendor/laravel/framework/src/Illuminate/Session/Middleware/StartSession.php(63): Illuminate/Session/Middleware/StartSession->handleStatefulRequest(Object(Illuminate/Http/Request), Object(Illuminate/Session/EncryptedStore), Object(Closure))
#51 D:/Backend-game-topup/web/project/vendor/laravel/framework/src/Illuminate/Pipeline/Pipeline.php(219): Illuminate/Session/Middleware/StartSession->handle(Object(Illuminate/Http/Request), Object(Closure))
#52 D:/Backend-game-topup/web/project/vendor/laravel/framework/src/Illuminate/Cookie/Middleware/AddQueuedCookiesToResponse.php(36): Illuminate/Pipeline/Pipeline->{closure:{closure:Illuminate/Pipeline/Pipeline::carry():194}:195}(Object(Illuminate/Http/Request))
#53 D:/Backend-game-topup/web/project/vendor/laravel/framework/src/Illuminate/Pipeline/Pipeline.php(219): Illuminate/Cookie/Middleware/AddQueuedCookiesToResponse->handle(Object(Illuminate/Http/Request), Object(Closure))
#54 D:/Backend-game-topup/web/project/vendor/laravel/framework/src/Illuminate/Cookie/Middleware/EncryptCookies.php(74): Illuminate/Pipeline/Pipeline->{closure:{closure:Illuminate/Pipeline/Pipeline::carry():194}:195}(Object(Illuminate/Http/Request))
#55 D:/Backend-game-topup/web/project/vendor/laravel/framework/src/Illuminate/Pipeline/Pipeline.php(219): Illuminate/Cookie/Middleware/EncryptCookies->handle(Object(Illuminate/Http/Request), Object(Closure))
#56 D:/Backend-game-topup/web/project/vendor/filament/filament/src/Http/Middleware/SetUpPanel.php(19): Illuminate/Pipeline/Pipeline->{closure:{closure:Illuminate/Pipeline/Pipeline::carry():194}:195}(Object(Illuminate/Http/Request))
#57 D:/Backend-game-topup/web/project/vendor/laravel/framework/src/Illuminate/Pipeline/Pipeline.php(219): Filament/Http/Middleware/SetUpPanel->handle(Object(Illuminate/Http/Request), Object(Closure), Object(Filament/Panel))
#58 D:/Backend-game-topup/web/project/vendor/laravel/framework/src/Illuminate/Pipeline/Pipeline.php(137): Illuminate/Pipeline/Pipeline->{closure:{closure:Illuminate/Pipeline/Pipeline::carry():194}:195}(Object(Illuminate/Http/Request))
#59 D:/Backend-game-topup/web/project/vendor/laravel/framework/src/Illuminate/Routing/Router.php(821): Illuminate/Pipeline/Pipeline->then(Object(Closure))
#60 D:/Backend-game-topup/web/project/vendor/laravel/framework/src/Illuminate/Routing/Router.php(800): Illuminate/Routing/Router->runRouteWithinStack(Object(Illuminate/Routing/Route), Object(Illuminate/Http/Request))
#61 D:/Backend-game-topup/web/project/vendor/laravel/framework/src/Illuminate/Routing/Router.php(764): Illuminate/Routing/Router->runRoute(Object(Illuminate/Http/Request), Object(Illuminate/Routing/Route))
#62 D:/Backend-game-topup/web/project/vendor/laravel/framework/src/Illuminate/Routing/Router.php(753): Illuminate/Routing/Router->dispatchToRoute(Object(Illuminate/Http/Request))
#63 D:/Backend-game-topup/web/project/vendor/laravel/framework/src/Illuminate/Foundation/Http/Kernel.php(200): Illuminate/Routing/Router->dispatch(Object(Illuminate/Http/Request))
#64 D:/Backend-game-topup/web/project/vendor/laravel/framework/src/Illuminate/Pipeline/Pipeline.php(180): Illuminate/Foundation/Http/Kernel->{closure:Illuminate/Foundation/Http/Kernel::dispatchToRouter():197}(Object(Illuminate/Http/Request))
#65 D:/Backend-game-topup/web/project/vendor/livewire/livewire/src/Features/SupportDisablingBackButtonCache/DisableBackButtonCacheMiddleware.php(19): Illuminate/Pipeline/Pipeline->{closure:Illuminate/Pipeline/Pipeline::prepareDestination():178}(Object(Illuminate/Http/Request))
#66 D:/Backend-game-topup/web/project/vendor/laravel/framework/src/Illuminate/Pipeline/Pipeline.php(219): Livewire/Features/SupportDisablingBackButtonCache/DisableBackButtonCacheMiddleware->handle(Object(Illuminate/Http/Request), Object(Closure))
#67 D:/Backend-game-topup/web/project/vendor/laravel/framework/src/Illuminate/Foundation/Http/Middleware/TransformsRequest.php(21): Illuminate/Pipeline/Pipeline->{closure:{closure:Illuminate/Pipeline/Pipeline::carry():194}:195}(Object(Illuminate/Http/Request))
#68 D:/Backend-game-topup/web/project/vendor/laravel/framework/src/Illuminate/Foundation/Http/Middleware/ConvertEmptyStringsToNull.php(31): Illuminate/Foundation/Http/Middleware/TransformsRequest->handle(Object(Illuminate/Http/Request), Object(Closure))
#69 D:/Backend-game-topup/web/project/vendor/laravel/framework/src/Illuminate/Pipeline/Pipeline.php(219): Illuminate/Foundation/Http/Middleware/ConvertEmptyStringsToNull->handle(Object(Illuminate/Http/Request), Object(Closure))
#70 D:/Backend-game-topup/web/project/vendor/laravel/framework/src/Illuminate/Foundation/Http/Middleware/TransformsRequest.php(21): Illuminate/Pipeline/Pipeline->{closure:{closure:Illuminate/Pipeline/Pipeline::carry():194}:195}(Object(Illuminate/Http/Request))
#71 D:/Backend-game-topup/web/project/vendor/laravel/framework/src/Illuminate/Foundation/Http/Middleware/TrimStrings.php(51): Illuminate/Foundation/Http/Middleware/TransformsRequest->handle(Object(Illuminate/Http/Request), Object(Closure))
#72 D:/Backend-game-topup/web/project/vendor/laravel/framework/src/Illuminate/Pipeline/Pipeline.php(219): Illuminate/Foundation/Http/Middleware/TrimStrings->handle(Object(Illuminate/Http/Request), Object(Closure))
#73 D:/Backend-game-topup/web/project/vendor/laravel/framework/src/Illuminate/Http/Middleware/ValidatePostSize.php(27): Illuminate/Pipeline/Pipeline->{closure:{closure:Illuminate/Pipeline/Pipeline::carry():194}:195}(Object(Illuminate/Http/Request))
#74 D:/Backend-game-topup/web/project/vendor/laravel/framework/src/Illuminate/Pipeline/Pipeline.php(219): Illuminate/Http/Middleware/ValidatePostSize->handle(Object(Illuminate/Http/Request), Object(Closure))
#75 D:/Backend-game-topup/web/project/vendor/laravel/framework/src/Illuminate/Foundation/Http/Middleware/PreventRequestsDuringMaintenance.php(109): Illuminate/Pipeline/Pipeline->{closure:{closure:Illuminate/Pipeline/Pipeline::carry():194}:195}(Object(Illuminate/Http/Request))
#76 D:/Backend-game-topup/web/project/vendor/laravel/framework/src/Illuminate/Pipeline/Pipeline.php(219): Illuminate/Foundation/Http/Middleware/PreventRequestsDuringMaintenance->handle(Object(Illuminate/Http/Request), Object(Closure))
#77 D:/Backend-game-topup/web/project/vendor/laravel/framework/src/Illuminate/Http/Middleware/HandleCors.php(61): Illuminate/Pipeline/Pipeline->{closure:{closure:Illuminate/Pipeline/Pipeline::carry():194}:195}(Object(Illuminate/Http/Request))
#78 D:/Backend-game-topup/web/project/vendor/laravel/framework/src/Illuminate/Pipeline/Pipeline.php(219): Illuminate/Http/Middleware/HandleCors->handle(Object(Illuminate/Http/Request), Object(Closure))
#79 D:/Backend-game-topup/web/project/vendor/laravel/framework/src/Illuminate/Http/Middleware/TrustProxies.php(58): Illuminate/Pipeline/Pipeline->{closure:{closure:Illuminate/Pipeline/Pipeline::carry():194}:195}(Object(Illuminate/Http/Request))
#80 D:/Backend-game-topup/web/project/vendor/laravel/framework/src/Illuminate/Pipeline/Pipeline.php(219): Illuminate/Http/Middleware/TrustProxies->handle(Object(Illuminate/Http/Request), Object(Closure))
#81 D:/Backend-game-topup/web/project/vendor/laravel/framework/src/Illuminate/Http/Middleware/TrustHosts.php(78): Illuminate/Pipeline/Pipeline->{closure:{closure:Illuminate/Pipeline/Pipeline::carry():194}:195}(Object(Illuminate/Http/Request))
#82 D:/Backend-game-topup/web/project/vendor/laravel/framework/src/Illuminate/Pipeline/Pipeline.php(219): Illuminate/Http/Middleware/TrustHosts->handle(Object(Illuminate/Http/Request), Object(Closure))
#83 D:/Backend-game-topup/web/project/vendor/laravel/framework/src/Illuminate/Pipeline/Pipeline.php(137): Illuminate/Pipeline/Pipeline->{closure:{closure:Illuminate/Pipeline/Pipeline::carry():194}:195}(Object(Illuminate/Http/Request))
#84 D:/Backend-game-topup/web/project/vendor/laravel/framework/src/Illuminate/Foundation/Http/Kernel.php(175): Illuminate/Pipeline/Pipeline->then(Object(Closure))
#85 D:/Backend-game-topup/web/project/vendor/laravel/framework/src/Illuminate/Foundation/Http/Kernel.php(144): Illuminate/Foundation/Http/Kernel->sendRequestThroughRouter(Object(Illuminate/Http/Request))
#86 D:/Backend-game-topup/web/project/public/index.php(51): Illuminate/Foundation/Http/Kernel->handle(Object(Illuminate/Http/Request))
#87 D:/Backend-game-topup/web/project/server.php(21): require_once('D://Backend-game...')
#88 {main}

[previous exception] [object] (Illuminate\\View\\ViewException(code: 0): The user model must implement the [Filament\\Auth\\MultiFactor\\App\\Contracts\\HasAppAuthentication] interface to use app authentication. (View: D:\\Backend-game-topup\\web\\project\\vendor\\filament\\schemas\\resources\\views\\components\\grid.blade.php) at D:/Backend-game-topup/web/project/vendor/filament/filament/src/Auth/MultiFactor/App/AppAuthentication.php:66)
[stacktrace]
#0 D:/Backend-game-topup/web/project/vendor/livewire/livewire/src/Mechanisms/ExtendBlade/ExtendedCompilerEngine.php(58): Illuminate/View/Engines/CompilerEngine->handleViewException(Object(Exception), 7)
#1 D:/Backend-game-topup/web/project/vendor/livewire/livewire/src/Mechanisms/ExtendBlade/ExtendedCompilerEngine.php(40): Livewire/Mechanisms/ExtendBlade/ExtendedCompilerEngine->handleViewException(Object(Exception), 7)
#2 D:/Backend-game-topup/web/project/vendor/laravel/framework/src/Illuminate/View/Engines/CompilerEngine.php(76): Livewire/Mechanisms/ExtendBlade/ExtendedCompilerEngine->evaluatePath('D://Backend-game...', Array)
#3 D:/Backend-game-topup/web/project/vendor/livewire/livewire/src/Mechanisms/ExtendBlade/ExtendedCompilerEngine.php(16): Illuminate/View/Engines/CompilerEngine->get('D://Backend-game...', Array)
#4 D:/Backend-game-topup/web/project/vendor/laravel/framework/src/Illuminate/View/View.php(208): Livewire/Mechanisms/ExtendBlade/ExtendedCompilerEngine->get('D://Backend-game...', Array)
#5 D:/Backend-game-topup/web/project/vendor/laravel/framework/src/Illuminate/View/View.php(191): Illuminate/View/View->getContents()
#6 D:/Backend-game-topup/web/project/vendor/laravel/framework/src/Illuminate/View/View.php(160): Illuminate/View/View->renderContents()
#7 D:/Backend-game-topup/web/project/vendor/filament/support/src/Components/ViewComponent.php(125): Illuminate/View/View->render()
#8 D:/Backend-game-topup/web/project/vendor/filament/schemas/src/Components/Component.php(130): Filament/Support/Components/ViewComponent->toHtml()
#9 D:/Backend-game-topup/web/project/vendor/filament/schemas/src/Schema.php(281): Filament/Schemas/Components/Component->toHtml()
#10 D:/Backend-game-topup/web/project/vendor/filament/support/src/Components/ViewComponent.php(122): Filament/Schemas/Schema->toEmbeddedHtml()
#11 D:/Backend-game-topup/web/project/vendor/laravel/framework/src/Illuminate/Support/helpers.php(130): Filament/Support/Components/ViewComponent->toHtml()
#12 D:/Backend-game-topup/web/project/storage/framework/views/182824ba6c64b545fb9146f4f6fd4fc8.php(61): e(Object(Filament/Schemas/Schema))
#13 D:/Backend-game-topup/web/project/vendor/livewire/livewire/src/Mechanisms/ExtendBlade/ExtendedCompilerEngine.php(37): include('D://Backend-game...')
#14 D:/Backend-game-topup/web/project/vendor/livewire/livewire/src/Mechanisms/ExtendBlade/ExtendedCompilerEngine.php(38): Filament/Auth/Pages/EditProfile->{closure:Livewire/Mechanisms/ExtendBlade/ExtendedCompilerEngine::evaluatePath():35}()
#15 D:/Backend-game-topup/web/project/vendor/laravel/framework/src/Illuminate/View/Engines/CompilerEngine.php(76): Livewire/Mechanisms/ExtendBlade/ExtendedCompilerEngine->evaluatePath('D://Backend-game...', Array)
#16 D:/Backend-game-topup/web/project/vendor/livewire/livewire/src/Mechanisms/ExtendBlade/ExtendedCompilerEngine.php(16): Illuminate/View/Engines/CompilerEngine->get('D://Backend-game...', Array)
#17 D:/Backend-game-topup/web/project/vendor/laravel/framework/src/Illuminate/View/View.php(208): Livewire/Mechanisms/ExtendBlade/ExtendedCompilerEngine->get('D://Backend-game...', Array)
#18 D:/Backend-game-topup/web/project/vendor/laravel/framework/src/Illuminate/View/View.php(191): Illuminate/View/View->getContents()
#19 D:/Backend-game-topup/web/project/vendor/laravel/framework/src/Illuminate/View/View.php(160): Illuminate/View/View->renderContents()
#20 D:/Backend-game-topup/web/project/vendor/filament/support/src/Components/ViewComponent.php(125): Illuminate/View/View->render()
#21 D:/Backend-game-topup/web/project/vendor/filament/schemas/src/Components/Component.php(127): Filament/Support/Components/ViewComponent->toHtml()
#22 D:/Backend-game-topup/web/project/vendor/filament/schemas/src/Schema.php(281): Filament/Schemas/Components/Component->toHtml()
#23 D:/Backend-game-topup/web/project/vendor/filament/support/src/Components/ViewComponent.php(122): Filament/Schemas/Schema->toEmbeddedHtml()
#24 D:/Backend-game-topup/web/project/vendor/laravel/framework/src/Illuminate/Support/helpers.php(130): Filament/Support/Components/ViewComponent->toHtml()
#25 D:/Backend-game-topup/web/project/storage/framework/views/f217e03e7733d3960f7efd8298794c71.php(15): e(Object(Filament/Schemas/Schema))
#26 D:/Backend-game-topup/web/project/vendor/livewire/livewire/src/Mechanisms/ExtendBlade/ExtendedCompilerEngine.php(37): include('D://Backend-game...')
#27 D:/Backend-game-topup/web/project/vendor/livewire/livewire/src/Mechanisms/ExtendBlade/ExtendedCompilerEngine.php(38): Filament/Auth/Pages/EditProfile->{closure:Livewire/Mechanisms/ExtendBlade/ExtendedCompilerEngine::evaluatePath():35}()
#28 D:/Backend-game-topup/web/project/vendor/laravel/framework/src/Illuminate/View/Engines/CompilerEngine.php(76): Livewire/Mechanisms/ExtendBlade/ExtendedCompilerEngine->evaluatePath('D://Backend-game...', Array)
#29 D:/Backend-game-topup/web/project/vendor/livewire/livewire/src/Mechanisms/ExtendBlade/ExtendedCompilerEngine.php(16): Illuminate/View/Engines/CompilerEngine->get('D://Backend-game...', Array)
#30 D:/Backend-game-topup/web/project/vendor/laravel/framework/src/Illuminate/View/View.php(208): Livewire/Mechanisms/ExtendBlade/ExtendedCompilerEngine->get('D://Backend-game...', Array)
#31 D:/Backend-game-topup/web/project/vendor/laravel/framework/src/Illuminate/View/View.php(191): Illuminate/View/View->getContents()
#32 D:/Backend-game-topup/web/project/vendor/laravel/framework/src/Illuminate/View/View.php(160): Illuminate/View/View->renderContents()
#33 D:/Backend-game-topup/web/project/vendor/livewire/livewire/src/Mechanisms/HandleComponents/HandleComponents.php(259): Illuminate/View/View->render(Object(Closure))
#34 D:/Backend-game-topup/web/project/vendor/livewire/livewire/src/Mechanisms/HandleComponents/HandleComponents.php(303): Livewire/Mechanisms/HandleComponents/HandleComponents->{closure:Livewire/Mechanisms/HandleComponents/HandleComponents::render():251}()
#35 D:/Backend-game-topup/web/project/vendor/livewire/livewire/src/Mechanisms/HandleComponents/HandleComponents.php(251): Livewire/Mechanisms/HandleComponents/HandleComponents->trackInRenderStack(Object(Filament/Auth/Pages/EditProfile), Object(Closure))
#36 D:/Backend-game-topup/web/project/vendor/livewire/livewire/src/Mechanisms/HandleComponents/HandleComponents.php(54): Livewire/Mechanisms/HandleComponents/HandleComponents->render(Object(Filament/Auth/Pages/EditProfile), '<div></div>')
#37 D:/Backend-game-topup/web/project/vendor/livewire/livewire/src/LivewireManager.php(73): Livewire/Mechanisms/HandleComponents/HandleComponents->mount('Filament//Auth//P...', Array, NULL)
#38 D:/Backend-game-topup/web/project/vendor/livewire/livewire/src/Features/SupportPageComponents/HandlesPageComponents.php(17): Livewire/LivewireManager->mount('Filament//Auth//P...', Array)
#39 D:/Backend-game-topup/web/project/vendor/livewire/livewire/src/Features/SupportPageComponents/SupportPageComponents.php(117): Livewire/Component->{closure:Livewire/Features/SupportPageComponents/HandlesPageComponents::__invoke():14}()
#40 D:/Backend-game-topup/web/project/vendor/livewire/livewire/src/Features/SupportPageComponents/HandlesPageComponents.php(14): Livewire/Features/SupportPageComponents/SupportPageComponents::interceptTheRenderOfTheComponentAndRetreiveTheLayoutConfiguration(Object(Closure))
#41 D:/Backend-game-topup/web/project/vendor/laravel/framework/src/Illuminate/Routing/ControllerDispatcher.php(46): Livewire/Component->__invoke()
#42 D:/Backend-game-topup/web/project/vendor/laravel/framework/src/Illuminate/Routing/Route.php(265): Illuminate/Routing/ControllerDispatcher->dispatch(Object(Illuminate/Routing/Route), Object(Filament/Auth/Pages/EditProfile), '__invoke')
#43 D:/Backend-game-topup/web/project/vendor/laravel/framework/src/Illuminate/Routing/Route.php(211): Illuminate/Routing/Route->runController()
#44 D:/Backend-game-topup/web/project/vendor/laravel/framework/src/Illuminate/Routing/Router.php(822): Illuminate/Routing/Route->run()
#45 D:/Backend-game-topup/web/project/vendor/laravel/framework/src/Illuminate/Pipeline/Pipeline.php(180): Illuminate/Routing/Router->{closure:Illuminate/Routing/Router::runRouteWithinStack():821}(Object(Illuminate/Http/Request))
#46 D:/Backend-game-topup/web/project/app/Http/Middleware/CheckRole.php(22): Illuminate/Pipeline/Pipeline->{closure:Illuminate/Pipeline/Pipeline::prepareDestination():178}(Object(Illuminate/Http/Request))
#47 D:/Backend-game-topup/web/project/vendor/laravel/framework/src/Illuminate/Pipeline/Pipeline.php(219): App/Http/Middleware/CheckRole->handle(Object(Illuminate/Http/Request), Object(Closure))
#48 D:/Backend-game-topup/web/project/vendor/filament/filament/src/Http/Middleware/DispatchServingFilamentEvent.php(15): Illuminate/Pipeline/Pipeline->{closure:{closure:Illuminate/Pipeline/Pipeline::carry():194}:195}(Object(Illuminate/Http/Request))
#49 D:/Backend-game-topup/web/project/vendor/laravel/framework/src/Illuminate/Pipeline/Pipeline.php(219): Filament/Http/Middleware/DispatchServingFilamentEvent->handle(Object(Illuminate/Http/Request), Object(Closure))
#50 D:/Backend-game-topup/web/project/vendor/filament/filament/src/Http/Middleware/DisableBladeIconComponents.php(14): Illuminate/Pipeline/Pipeline->{closure:{closure:Illuminate/Pipeline/Pipeline::carry():194}:195}(Object(Illuminate/Http/Request))
#51 D:/Backend-game-topup/web/project/vendor/laravel/framework/src/Illuminate/Pipeline/Pipeline.php(219): Filament/Http/Middleware/DisableBladeIconComponents->handle(Object(Illuminate/Http/Request), Object(Closure))
#52 D:/Backend-game-topup/web/project/vendor/laravel/framework/src/Illuminate/Routing/Middleware/SubstituteBindings.php(50): Illuminate/Pipeline/Pipeline->{closure:{closure:Illuminate/Pipeline/Pipeline::carry():194}:195}(Object(Illuminate/Http/Request))
#53 D:/Backend-game-topup/web/project/vendor/laravel/framework/src/Illuminate/Pipeline/Pipeline.php(219): Illuminate/Routing/Middleware/SubstituteBindings->handle(Object(Illuminate/Http/Request), Object(Closure))
#54 D:/Backend-game-topup/web/project/vendor/laravel/framework/src/Illuminate/Foundation/Http/Middleware/VerifyCsrfToken.php(87): Illuminate/Pipeline/Pipeline->{closure:{closure:Illuminate/Pipeline/Pipeline::carry():194}:195}(Object(Illuminate/Http/Request))
#55 D:/Backend-game-topup/web/project/vendor/laravel/framework/src/Illuminate/Pipeline/Pipeline.php(219): Illuminate/Foundation/Http/Middleware/VerifyCsrfToken->handle(Object(Illuminate/Http/Request), Object(Closure))
#56 D:/Backend-game-topup/web/project/vendor/laravel/framework/src/Illuminate/Session/Middleware/AuthenticateSession.php(70): Illuminate/Pipeline/Pipeline->{closure:{closure:Illuminate/Pipeline/Pipeline::carry():194}:195}(Object(Illuminate/Http/Request))
#57 D:/Backend-game-topup/web/project/vendor/laravel/framework/src/Illuminate/Pipeline/Pipeline.php(219): Illuminate/Session/Middleware/AuthenticateSession->handle(Object(Illuminate/Http/Request), Object(Closure))
#58 D:/Backend-game-topup/web/project/vendor/laravel/framework/src/Illuminate/Auth/Middleware/Authenticate.php(63): Illuminate/Pipeline/Pipeline->{closure:{closure:Illuminate/Pipeline/Pipeline::carry():194}:195}(Object(Illuminate/Http/Request))
#59 D:/Backend-game-topup/web/project/vendor/laravel/framework/src/Illuminate/Pipeline/Pipeline.php(219): Illuminate/Auth/Middleware/Authenticate->handle(Object(Illuminate/Http/Request), Object(Closure))
#60 D:/Backend-game-topup/web/project/vendor/laravel/framework/src/Illuminate/View/Middleware/ShareErrorsFromSession.php(48): Illuminate/Pipeline/Pipeline->{closure:{closure:Illuminate/Pipeline/Pipeline::carry():194}:195}(Object(Illuminate/Http/Request))
#61 D:/Backend-game-topup/web/project/vendor/laravel/framework/src/Illuminate/Pipeline/Pipeline.php(219): Illuminate/View/Middleware/ShareErrorsFromSession->handle(Object(Illuminate/Http/Request), Object(Closure))
#62 D:/Backend-game-topup/web/project/vendor/laravel/framework/src/Illuminate/Session/Middleware/StartSession.php(120): Illuminate/Pipeline/Pipeline->{closure:{closure:Illuminate/Pipeline/Pipeline::carry():194}:195}(Object(Illuminate/Http/Request))
#63 D:/Backend-game-topup/web/project/vendor/laravel/framework/src/Illuminate/Session/Middleware/StartSession.php(63): Illuminate/Session/Middleware/StartSession->handleStatefulRequest(Object(Illuminate/Http/Request), Object(Illuminate/Session/EncryptedStore), Object(Closure))
#64 D:/Backend-game-topup/web/project/vendor/laravel/framework/src/Illuminate/Pipeline/Pipeline.php(219): Illuminate/Session/Middleware/StartSession->handle(Object(Illuminate/Http/Request), Object(Closure))
#65 D:/Backend-game-topup/web/project/vendor/laravel/framework/src/Illuminate/Cookie/Middleware/AddQueuedCookiesToResponse.php(36): Illuminate/Pipeline/Pipeline->{closure:{closure:Illuminate/Pipeline/Pipeline::carry():194}:195}(Object(Illuminate/Http/Request))
#66 D:/Backend-game-topup/web/project/vendor/laravel/framework/src/Illuminate/Pipeline/Pipeline.php(219): Illuminate/Cookie/Middleware/AddQueuedCookiesToResponse->handle(Object(Illuminate/Http/Request), Object(Closure))
#67 D:/Backend-game-topup/web/project/vendor/laravel/framework/src/Illuminate/Cookie/Middleware/EncryptCookies.php(74): Illuminate/Pipeline/Pipeline->{closure:{closure:Illuminate/Pipeline/Pipeline::carry():194}:195}(Object(Illuminate/Http/Request))
#68 D:/Backend-game-topup/web/project/vendor/laravel/framework/src/Illuminate/Pipeline/Pipeline.php(219): Illuminate/Cookie/Middleware/EncryptCookies->handle(Object(Illuminate/Http/Request), Object(Closure))
#69 D:/Backend-game-topup/web/project/vendor/filament/filament/src/Http/Middleware/SetUpPanel.php(19): Illuminate/Pipeline/Pipeline->{closure:{closure:Illuminate/Pipeline/Pipeline::carry():194}:195}(Object(Illuminate/Http/Request))
#70 D:/Backend-game-topup/web/project/vendor/laravel/framework/src/Illuminate/Pipeline/Pipeline.php(219): Filament/Http/Middleware/SetUpPanel->handle(Object(Illuminate/Http/Request), Object(Closure), Object(Filament/Panel))
#71 D:/Backend-game-topup/web/project/vendor/laravel/framework/src/Illuminate/Pipeline/Pipeline.php(137): Illuminate/Pipeline/Pipeline->{closure:{closure:Illuminate/Pipeline/Pipeline::carry():194}:195}(Object(Illuminate/Http/Request))
#72 D:/Backend-game-topup/web/project/vendor/laravel/framework/src/Illuminate/Routing/Router.php(821): Illuminate/Pipeline/Pipeline->then(Object(Closure))
#73 D:/Backend-game-topup/web/project/vendor/laravel/framework/src/Illuminate/Routing/Router.php(800): Illuminate/Routing/Router->runRouteWithinStack(Object(Illuminate/Routing/Route), Object(Illuminate/Http/Request))
#74 D:/Backend-game-topup/web/project/vendor/laravel/framework/src/Illuminate/Routing/Router.php(764): Illuminate/Routing/Router->runRoute(Object(Illuminate/Http/Request), Object(Illuminate/Routing/Route))
#75 D:/Backend-game-topup/web/project/vendor/laravel/framework/src/Illuminate/Routing/Router.php(753): Illuminate/Routing/Router->dispatchToRoute(Object(Illuminate/Http/Request))
#76 D:/Backend-game-topup/web/project/vendor/laravel/framework/src/Illuminate/Foundation/Http/Kernel.php(200): Illuminate/Routing/Router->dispatch(Object(Illuminate/Http/Request))
#77 D:/Backend-game-topup/web/project/vendor/laravel/framework/src/Illuminate/Pipeline/Pipeline.php(180): Illuminate/Foundation/Http/Kernel->{closure:Illuminate/Foundation/Http/Kernel::dispatchToRouter():197}(Object(Illuminate/Http/Request))
#78 D:/Backend-game-topup/web/project/vendor/livewire/livewire/src/Features/SupportDisablingBackButtonCache/DisableBackButtonCacheMiddleware.php(19): Illuminate/Pipeline/Pipeline->{closure:Illuminate/Pipeline/Pipeline::prepareDestination():178}(Object(Illuminate/Http/Request))
#79 D:/Backend-game-topup/web/project/vendor/laravel/framework/src/Illuminate/Pipeline/Pipeline.php(219): Livewire/Features/SupportDisablingBackButtonCache/DisableBackButtonCacheMiddleware->handle(Object(Illuminate/Http/Request), Object(Closure))
#80 D:/Backend-game-topup/web/project/vendor/laravel/framework/src/Illuminate/Foundation/Http/Middleware/TransformsRequest.php(21): Illuminate/Pipeline/Pipeline->{closure:{closure:Illuminate/Pipeline/Pipeline::carry():194}:195}(Object(Illuminate/Http/Request))
#81 D:/Backend-game-topup/web/project/vendor/laravel/framework/src/Illuminate/Foundation/Http/Middleware/ConvertEmptyStringsToNull.php(31): Illuminate/Foundation/Http/Middleware/TransformsRequest->handle(Object(Illuminate/Http/Request), Object(Closure))
#82 D:/Backend-game-topup/web/project/vendor/laravel/framework/src/Illuminate/Pipeline/Pipeline.php(219): Illuminate/Foundation/Http/Middleware/ConvertEmptyStringsToNull->handle(Object(Illuminate/Http/Request), Object(Closure))
#83 D:/Backend-game-topup/web/project/vendor/laravel/framework/src/Illuminate/Foundation/Http/Middleware/TransformsRequest.php(21): Illuminate/Pipeline/Pipeline->{closure:{closure:Illuminate/Pipeline/Pipeline::carry():194}:195}(Object(Illuminate/Http/Request))
#84 D:/Backend-game-topup/web/project/vendor/laravel/framework/src/Illuminate/Foundation/Http/Middleware/TrimStrings.php(51): Illuminate/Foundation/Http/Middleware/TransformsRequest->handle(Object(Illuminate/Http/Request), Object(Closure))
#85 D:/Backend-game-topup/web/project/vendor/laravel/framework/src/Illuminate/Pipeline/Pipeline.php(219): Illuminate/Foundation/Http/Middleware/TrimStrings->handle(Object(Illuminate/Http/Request), Object(Closure))
#86 D:/Backend-game-topup/web/project/vendor/laravel/framework/src/Illuminate/Http/Middleware/ValidatePostSize.php(27): Illuminate/Pipeline/Pipeline->{closure:{closure:Illuminate/Pipeline/Pipeline::carry():194}:195}(Object(Illuminate/Http/Request))
#87 D:/Backend-game-topup/web/project/vendor/laravel/framework/src/Illuminate/Pipeline/Pipeline.php(219): Illuminate/Http/Middleware/ValidatePostSize->handle(Object(Illuminate/Http/Request), Object(Closure))
#88 D:/Backend-game-topup/web/project/vendor/laravel/framework/src/Illuminate/Foundation/Http/Middleware/PreventRequestsDuringMaintenance.php(109): Illuminate/Pipeline/Pipeline->{closure:{closure:Illuminate/Pipeline/Pipeline::carry():194}:195}(Object(Illuminate/Http/Request))
#89 D:/Backend-game-topup/web/project/vendor/laravel/framework/src/Illuminate/Pipeline/Pipeline.php(219): Illuminate/Foundation/Http/Middleware/PreventRequestsDuringMaintenance->handle(Object(Illuminate/Http/Request), Object(Closure))
#90 D:/Backend-game-topup/web/project/vendor/laravel/framework/src/Illuminate/Http/Middleware/HandleCors.php(61): Illuminate/Pipeline/Pipeline->{closure:{closure:Illuminate/Pipeline/Pipeline::carry():194}:195}(Object(Illuminate/Http/Request))
#91 D:/Backend-game-topup/web/project/vendor/laravel/framework/src/Illuminate/Pipeline/Pipeline.php(219): Illuminate/Http/Middleware/HandleCors->handle(Object(Illuminate/Http/Request), Object(Closure))
#92 D:/Backend-game-topup/web/project/vendor/laravel/framework/src/Illuminate/Http/Middleware/TrustProxies.php(58): Illuminate/Pipeline/Pipeline->{closure:{closure:Illuminate/Pipeline/Pipeline::carry():194}:195}(Object(Illuminate/Http/Request))
#93 D:/Backend-game-topup/web/project/vendor/laravel/framework/src/Illuminate/Pipeline/Pipeline.php(219): Illuminate/Http/Middleware/TrustProxies->handle(Object(Illuminate/Http/Request), Object(Closure))
#94 D:/Backend-game-topup/web/project/vendor/laravel/framework/src/Illuminate/Http/Middleware/TrustHosts.php(78): Illuminate/Pipeline/Pipeline->{closure:{closure:Illuminate/Pipeline/Pipeline::carry():194}:195}(Object(Illuminate/Http/Request))
#95 D:/Backend-game-topup/web/project/vendor/laravel/framework/src/Illuminate/Pipeline/Pipeline.php(219): Illuminate/Http/Middleware/TrustHosts->handle(Object(Illuminate/Http/Request), Object(Closure))
#96 D:/Backend-game-topup/web/project/vendor/laravel/framework/src/Illuminate/Pipeline/Pipeline.php(137): Illuminate/Pipeline/Pipeline->{closure:{closure:Illuminate/Pipeline/Pipeline::carry():194}:195}(Object(Illuminate/Http/Request))
#97 D:/Backend-game-topup/web/project/vendor/laravel/framework/src/Illuminate/Foundation/Http/Kernel.php(175): Illuminate/Pipeline/Pipeline->then(Object(Closure))
#98 D:/Backend-game-topup/web/project/vendor/laravel/framework/src/Illuminate/Foundation/Http/Kernel.php(144): Illuminate/Foundation/Http/Kernel->sendRequestThroughRouter(Object(Illuminate/Http/Request))
#99 D:/Backend-game-topup/web/project/public/index.php(51): Illuminate/Foundation/Http/Kernel->handle(Object(Illuminate/Http/Request))
#100 D:/Backend-game-topup/web/project/server.php(21): require_once('D://Backend-game...')
#101 {main}

[previous exception] [object] (Exception(code: 0): The user model must implement the [Filament\\Auth\\MultiFactor\\App\\Contracts\\HasAppAuthentication] interface to use app authentication. at D:/Backend-game-topup/web/project/vendor/filament/filament/src/Auth/MultiFactor/App/AppAuthentication.php:66)
[stacktrace]
#0 D:/Backend-game-topup/web/project/vendor/filament/filament/src/Auth/MultiFactor/App/AppAuthentication.php(204): Filament/Auth/MultiFactor/App/AppAuthentication->isEnabled(Object(App/Models/User))
#1 D:/Backend-game-topup/web/project/vendor/filament/support/src/Concerns/EvaluatesClosures.php(36): Filament/Auth/MultiFactor/App/AppAuthentication->{closure:Filament/Auth/MultiFactor/App/AppAuthentication::getActions():204}()
#2 D:/Backend-game-topup/web/project/vendor/filament/actions/src/Concerns/CanBeHidden.php(39): Filament/Support/Components/Component->evaluate(Object(Closure))
#3 D:/Backend-game-topup/web/project/vendor/filament/actions/src/Concerns/CanBeHidden.php(34): Filament/Actions/Action->isHiddenInGroup()
#4 D:/Backend-game-topup/web/project/vendor/filament/actions/src/Concerns/CanBeHidden.php(56): Filament/Actions/Action->isHidden()
#5 D:/Backend-game-topup/web/project/vendor/filament/schemas/src/Components/Actions.php(71): Filament/Actions/Action->isVisible()
#6 D:/Backend-game-topup/web/project/vendor/filament/schemas/src/Components/Concerns/CanBeHidden.php(190): Filament/Schemas/Components/Actions->isHidden()
#7 D:/Backend-game-topup/web/project/vendor/filament/schemas/src/Schema.php(159): Filament/Schemas/Components/Component->isVisible()
#8 [internal function]: Filament/Schemas/Schema->{closure:Filament/Schemas/Schema::toEmbeddedHtml():158}(Object(Filament/Schemas/Components/Actions))
#9 D:/Backend-game-topup/web/project/vendor/filament/schemas/src/Schema.php(157): array_map(Object(Closure), Array)
#10 D:/Backend-game-topup/web/project/vendor/filament/support/src/Components/ViewComponent.php(122): Filament/Schemas/Schema->toEmbeddedHtml()
#11 D:/Backend-game-topup/web/project/vendor/laravel/framework/src/Illuminate/Support/helpers.php(130): Filament/Support/Components/ViewComponent->toHtml()
#12 D:/Backend-game-topup/web/project/storage/framework/views/a7ed0702f4bd36b229830c7afbac0e0a.php(9): e(Object(Filament/Schemas/Schema))
#13 D:/Backend-game-topup/web/project/vendor/livewire/livewire/src/Mechanisms/ExtendBlade/ExtendedCompilerEngine.php(37): include('D://Backend-game...')
#14 D:/Backend-game-topup/web/project/vendor/livewire/livewire/src/Mechanisms/ExtendBlade/ExtendedCompilerEngine.php(38): Filament/Auth/Pages/EditProfile->{closure:Livewire/Mechanisms/ExtendBlade/ExtendedCompilerEngine::evaluatePath():35}()
#15 D:/Backend-game-topup/web/project/vendor/laravel/framework/src/Illuminate/View/Engines/CompilerEngine.php(76): Livewire/Mechanisms/ExtendBlade/ExtendedCompilerEngine->evaluatePath('D://Backend-game...', Array)
#16 D:/Backend-game-topup/web/project/vendor/livewire/livewire/src/Mechanisms/ExtendBlade/ExtendedCompilerEngine.php(16): Illuminate/View/Engines/CompilerEngine->get('D://Backend-game...', Array)
#17 D:/Backend-game-topup/web/project/vendor/laravel/framework/src/Illuminate/View/View.php(208): Livewire/Mechanisms/ExtendBlade/ExtendedCompilerEngine->get('D://Backend-game...', Array)
#18 D:/Backend-game-topup/web/project/vendor/laravel/framework/src/Illuminate/View/View.php(191): Illuminate/View/View->getContents()
#19 D:/Backend-game-topup/web/project/vendor/laravel/framework/src/Illuminate/View/View.php(160): Illuminate/View/View->renderContents()
#20 D:/Backend-game-topup/web/project/vendor/filament/support/src/Components/ViewComponent.php(125): Illuminate/View/View->render()
#21 D:/Backend-game-topup/web/project/vendor/filament/schemas/src/Components/Component.php(130): Filament/Support/Components/ViewComponent->toHtml()
#22 D:/Backend-game-topup/web/project/vendor/filament/schemas/src/Schema.php(281): Filament/Schemas/Components/Component->toHtml()
#23 D:/Backend-game-topup/web/project/vendor/filament/support/src/Components/ViewComponent.php(122): Filament/Schemas/Schema->toEmbeddedHtml()
#24 D:/Backend-game-topup/web/project/vendor/laravel/framework/src/Illuminate/Support/helpers.php(130): Filament/Support/Components/ViewComponent->toHtml()
#25 D:/Backend-game-topup/web/project/storage/framework/views/182824ba6c64b545fb9146f4f6fd4fc8.php(61): e(Object(Filament/Schemas/Schema))
#26 D:/Backend-game-topup/web/project/vendor/livewire/livewire/src/Mechanisms/ExtendBlade/ExtendedCompilerEngine.php(37): include('D://Backend-game...')
#27 D:/Backend-game-topup/web/project/vendor/livewire/livewire/src/Mechanisms/ExtendBlade/ExtendedCompilerEngine.php(38): Filament/Auth/Pages/EditProfile->{closure:Livewire/Mechanisms/ExtendBlade/ExtendedCompilerEngine::evaluatePath():35}()
#28 D:/Backend-game-topup/web/project/vendor/laravel/framework/src/Illuminate/View/Engines/CompilerEngine.php(76): Livewire/Mechanisms/ExtendBlade/ExtendedCompilerEngine->evaluatePath('D://Backend-game...', Array)
#29 D:/Backend-game-topup/web/project/vendor/livewire/livewire/src/Mechanisms/ExtendBlade/ExtendedCompilerEngine.php(16): Illuminate/View/Engines/CompilerEngine->get('D://Backend-game...', Array)
#30 D:/Backend-game-topup/web/project/vendor/laravel/framework/src/Illuminate/View/View.php(208): Livewire/Mechanisms/ExtendBlade/ExtendedCompilerEngine->get('D://Backend-game...', Array)
#31 D:/Backend-game-topup/web/project/vendor/laravel/framework/src/Illuminate/View/View.php(191): Illuminate/View/View->getContents()
#32 D:/Backend-game-topup/web/project/vendor/laravel/framework/src/Illuminate/View/View.php(160): Illuminate/View/View->renderContents()
#33 D:/Backend-game-topup/web/project/vendor/filament/support/src/Components/ViewComponent.php(125): Illuminate/View/View->render()
#34 D:/Backend-game-topup/web/project/vendor/filament/schemas/src/Components/Component.php(127): Filament/Support/Components/ViewComponent->toHtml()
#35 D:/Backend-game-topup/web/project/vendor/filament/schemas/src/Schema.php(281): Filament/Schemas/Components/Component->toHtml()
#36 D:/Backend-game-topup/web/project/vendor/filament/support/src/Components/ViewComponent.php(122): Filament/Schemas/Schema->toEmbeddedHtml()
#37 D:/Backend-game-topup/web/project/vendor/laravel/framework/src/Illuminate/Support/helpers.php(130): Filament/Support/Components/ViewComponent->toHtml()
#38 D:/Backend-game-topup/web/project/storage/framework/views/f217e03e7733d3960f7efd8298794c71.php(15): e(Object(Filament/Schemas/Schema))
#39 D:/Backend-game-topup/web/project/vendor/livewire/livewire/src/Mechanisms/ExtendBlade/ExtendedCompilerEngine.php(37): include('D://Backend-game...')
#40 D:/Backend-game-topup/web/project/vendor/livewire/livewire/src/Mechanisms/ExtendBlade/ExtendedCompilerEngine.php(38): Filament/Auth/Pages/EditProfile->{closure:Livewire/Mechanisms/ExtendBlade/ExtendedCompilerEngine::evaluatePath():35}()
#41 D:/Backend-game-topup/web/project/vendor/laravel/framework/src/Illuminate/View/Engines/CompilerEngine.php(76): Livewire/Mechanisms/ExtendBlade/ExtendedCompilerEngine->evaluatePath('D://Backend-game...', Array)
#42 D:/Backend-game-topup/web/project/vendor/livewire/livewire/src/Mechanisms/ExtendBlade/ExtendedCompilerEngine.php(16): Illuminate/View/Engines/CompilerEngine->get('D://Backend-game...', Array)
#43 D:/Backend-game-topup/web/project/vendor/laravel/framework/src/Illuminate/View/View.php(208): Livewire/Mechanisms/ExtendBlade/ExtendedCompilerEngine->get('D://Backend-game...', Array)
#44 D:/Backend-game-topup/web/project/vendor/laravel/framework/src/Illuminate/View/View.php(191): Illuminate/View/View->getContents()
#45 D:/Backend-game-topup/web/project/vendor/laravel/framework/src/Illuminate/View/View.php(160): Illuminate/View/View->renderContents()
#46 D:/Backend-game-topup/web/project/vendor/livewire/livewire/src/Mechanisms/HandleComponents/HandleComponents.php(259): Illuminate/View/View->render(Object(Closure))
#47 D:/Backend-game-topup/web/project/vendor/livewire/livewire/src/Mechanisms/HandleComponents/HandleComponents.php(303): Livewire/Mechanisms/HandleComponents/HandleComponents->{closure:Livewire/Mechanisms/HandleComponents/HandleComponents::render():251}()
#48 D:/Backend-game-topup/web/project/vendor/livewire/livewire/src/Mechanisms/HandleComponents/HandleComponents.php(251): Livewire/Mechanisms/HandleComponents/HandleComponents->trackInRenderStack(Object(Filament/Auth/Pages/EditProfile), Object(Closure))
#49 D:/Backend-game-topup/web/project/vendor/livewire/livewire/src/Mechanisms/HandleComponents/HandleComponents.php(54): Livewire/Mechanisms/HandleComponents/HandleComponents->render(Object(Filament/Auth/Pages/EditProfile), '<div></div>')
#50 D:/Backend-game-topup/web/project/vendor/livewire/livewire/src/LivewireManager.php(73): Livewire/Mechanisms/HandleComponents/HandleComponents->mount('Filament//Auth//P...', Array, NULL)
#51 D:/Backend-game-topup/web/project/vendor/livewire/livewire/src/Features/SupportPageComponents/HandlesPageComponents.php(17): Livewire/LivewireManager->mount('Filament//Auth//P...', Array)
#52 D:/Backend-game-topup/web/project/vendor/livewire/livewire/src/Features/SupportPageComponents/SupportPageComponents.php(117): Livewire/Component->{closure:Livewire/Features/SupportPageComponents/HandlesPageComponents::__invoke():14}()
#53 D:/Backend-game-topup/web/project/vendor/livewire/livewire/src/Features/SupportPageComponents/HandlesPageComponents.php(14): Livewire/Features/SupportPageComponents/SupportPageComponents::interceptTheRenderOfTheComponentAndRetreiveTheLayoutConfiguration(Object(Closure))
#54 D:/Backend-game-topup/web/project/vendor/laravel/framework/src/Illuminate/Routing/ControllerDispatcher.php(46): Livewire/Component->__invoke()
#55 D:/Backend-game-topup/web/project/vendor/laravel/framework/src/Illuminate/Routing/Route.php(265): Illuminate/Routing/ControllerDispatcher->dispatch(Object(Illuminate/Routing/Route), Object(Filament/Auth/Pages/EditProfile), '__invoke')
#56 D:/Backend-game-topup/web/project/vendor/laravel/framework/src/Illuminate/Routing/Route.php(211): Illuminate/Routing/Route->runController()
#57 D:/Backend-game-topup/web/project/vendor/laravel/framework/src/Illuminate/Routing/Router.php(822): Illuminate/Routing/Route->run()
#58 D:/Backend-game-topup/web/project/vendor/laravel/framework/src/Illuminate/Pipeline/Pipeline.php(180): Illuminate/Routing/Router->{closure:Illuminate/Routing/Router::runRouteWithinStack():821}(Object(Illuminate/Http/Request))
#59 D:/Backend-game-topup/web/project/app/Http/Middleware/CheckRole.php(22): Illuminate/Pipeline/Pipeline->{closure:Illuminate/Pipeline/Pipeline::prepareDestination():178}(Object(Illuminate/Http/Request))
#60 D:/Backend-game-topup/web/project/vendor/laravel/framework/src/Illuminate/Pipeline/Pipeline.php(219): App/Http/Middleware/CheckRole->handle(Object(Illuminate/Http/Request), Object(Closure))
#61 D:/Backend-game-topup/web/project/vendor/filament/filament/src/Http/Middleware/DispatchServingFilamentEvent.php(15): Illuminate/Pipeline/Pipeline->{closure:{closure:Illuminate/Pipeline/Pipeline::carry():194}:195}(Object(Illuminate/Http/Request))
#62 D:/Backend-game-topup/web/project/vendor/laravel/framework/src/Illuminate/Pipeline/Pipeline.php(219): Filament/Http/Middleware/DispatchServingFilamentEvent->handle(Object(Illuminate/Http/Request), Object(Closure))
#63 D:/Backend-game-topup/web/project/vendor/filament/filament/src/Http/Middleware/DisableBladeIconComponents.php(14): Illuminate/Pipeline/Pipeline->{closure:{closure:Illuminate/Pipeline/Pipeline::carry():194}:195}(Object(Illuminate/Http/Request))
#64 D:/Backend-game-topup/web/project/vendor/laravel/framework/src/Illuminate/Pipeline/Pipeline.php(219): Filament/Http/Middleware/DisableBladeIconComponents->handle(Object(Illuminate/Http/Request), Object(Closure))
#65 D:/Backend-game-topup/web/project/vendor/laravel/framework/src/Illuminate/Routing/Middleware/SubstituteBindings.php(50): Illuminate/Pipeline/Pipeline->{closure:{closure:Illuminate/Pipeline/Pipeline::carry():194}:195}(Object(Illuminate/Http/Request))
#66 D:/Backend-game-topup/web/project/vendor/laravel/framework/src/Illuminate/Pipeline/Pipeline.php(219): Illuminate/Routing/Middleware/SubstituteBindings->handle(Object(Illuminate/Http/Request), Object(Closure))
#67 D:/Backend-game-topup/web/project/vendor/laravel/framework/src/Illuminate/Foundation/Http/Middleware/VerifyCsrfToken.php(87): Illuminate/Pipeline/Pipeline->{closure:{closure:Illuminate/Pipeline/Pipeline::carry():194}:195}(Object(Illuminate/Http/Request))
#68 D:/Backend-game-topup/web/project/vendor/laravel/framework/src/Illuminate/Pipeline/Pipeline.php(219): Illuminate/Foundation/Http/Middleware/VerifyCsrfToken->handle(Object(Illuminate/Http/Request), Object(Closure))
#69 D:/Backend-game-topup/web/project/vendor/laravel/framework/src/Illuminate/Session/Middleware/AuthenticateSession.php(70): Illuminate/Pipeline/Pipeline->{closure:{closure:Illuminate/Pipeline/Pipeline::carry():194}:195}(Object(Illuminate/Http/Request))
#70 D:/Backend-game-topup/web/project/vendor/laravel/framework/src/Illuminate/Pipeline/Pipeline.php(219): Illuminate/Session/Middleware/AuthenticateSession->handle(Object(Illuminate/Http/Request), Object(Closure))
#71 D:/Backend-game-topup/web/project/vendor/laravel/framework/src/Illuminate/Auth/Middleware/Authenticate.php(63): Illuminate/Pipeline/Pipeline->{closure:{closure:Illuminate/Pipeline/Pipeline::carry():194}:195}(Object(Illuminate/Http/Request))
#72 D:/Backend-game-topup/web/project/vendor/laravel/framework/src/Illuminate/Pipeline/Pipeline.php(219): Illuminate/Auth/Middleware/Authenticate->handle(Object(Illuminate/Http/Request), Object(Closure))
#73 D:/Backend-game-topup/web/project/vendor/laravel/framework/src/Illuminate/View/Middleware/ShareErrorsFromSession.php(48): Illuminate/Pipeline/Pipeline->{closure:{closure:Illuminate/Pipeline/Pipeline::carry():194}:195}(Object(Illuminate/Http/Request))
#74 D:/Backend-game-topup/web/project/vendor/laravel/framework/src/Illuminate/Pipeline/Pipeline.php(219): Illuminate/View/Middleware/ShareErrorsFromSession->handle(Object(Illuminate/Http/Request), Object(Closure))
#75 D:/Backend-game-topup/web/project/vendor/laravel/framework/src/Illuminate/Session/Middleware/StartSession.php(120): Illuminate/Pipeline/Pipeline->{closure:{closure:Illuminate/Pipeline/Pipeline::carry():194}:195}(Object(Illuminate/Http/Request))
#76 D:/Backend-game-topup/web/project/vendor/laravel/framework/src/Illuminate/Session/Middleware/StartSession.php(63): Illuminate/Session/Middleware/StartSession->handleStatefulRequest(Object(Illuminate/Http/Request), Object(Illuminate/Session/EncryptedStore), Object(Closure))
#77 D:/Backend-game-topup/web/project/vendor/laravel/framework/src/Illuminate/Pipeline/Pipeline.php(219): Illuminate/Session/Middleware/StartSession->handle(Object(Illuminate/Http/Request), Object(Closure))
#78 D:/Backend-game-topup/web/project/vendor/laravel/framework/src/Illuminate/Cookie/Middleware/AddQueuedCookiesToResponse.php(36): Illuminate/Pipeline/Pipeline->{closure:{closure:Illuminate/Pipeline/Pipeline::carry():194}:195}(Object(Illuminate/Http/Request))
#79 D:/Backend-game-topup/web/project/vendor/laravel/framework/src/Illuminate/Pipeline/Pipeline.php(219): Illuminate/Cookie/Middleware/AddQueuedCookiesToResponse->handle(Object(Illuminate/Http/Request), Object(Closure))
#80 D:/Backend-game-topup/web/project/vendor/laravel/framework/src/Illuminate/Cookie/Middleware/EncryptCookies.php(74): Illuminate/Pipeline/Pipeline->{closure:{closure:Illuminate/Pipeline/Pipeline::carry():194}:195}(Object(Illuminate/Http/Request))
#81 D:/Backend-game-topup/web/project/vendor/laravel/framework/src/Illuminate/Pipeline/Pipeline.php(219): Illuminate/Cookie/Middleware/EncryptCookies->handle(Object(Illuminate/Http/Request), Object(Closure))
#82 D:/Backend-game-topup/web/project/vendor/filament/filament/src/Http/Middleware/SetUpPanel.php(19): Illuminate/Pipeline/Pipeline->{closure:{closure:Illuminate/Pipeline/Pipeline::carry():194}:195}(Object(Illuminate/Http/Request))
#83 D:/Backend-game-topup/web/project/vendor/laravel/framework/src/Illuminate/Pipeline/Pipeline.php(219): Filament/Http/Middleware/SetUpPanel->handle(Object(Illuminate/Http/Request), Object(Closure), Object(Filament/Panel))
#84 D:/Backend-game-topup/web/project/vendor/laravel/framework/src/Illuminate/Pipeline/Pipeline.php(137): Illuminate/Pipeline/Pipeline->{closure:{closure:Illuminate/Pipeline/Pipeline::carry():194}:195}(Object(Illuminate/Http/Request))
#85 D:/Backend-game-topup/web/project/vendor/laravel/framework/src/Illuminate/Routing/Router.php(821): Illuminate/Pipeline/Pipeline->then(Object(Closure))
#86 D:/Backend-game-topup/web/project/vendor/laravel/framework/src/Illuminate/Routing/Router.php(800): Illuminate/Routing/Router->runRouteWithinStack(Object(Illuminate/Routing/Route), Object(Illuminate/Http/Request))
#87 D:/Backend-game-topup/web/project/vendor/laravel/framework/src/Illuminate/Routing/Router.php(764): Illuminate/Routing/Router->runRoute(Object(Illuminate/Http/Request), Object(Illuminate/Routing/Route))
#88 D:/Backend-game-topup/web/project/vendor/laravel/framework/src/Illuminate/Routing/Router.php(753): Illuminate/Routing/Router->dispatchToRoute(Object(Illuminate/Http/Request))
#89 D:/Backend-game-topup/web/project/vendor/laravel/framework/src/Illuminate/Foundation/Http/Kernel.php(200): Illuminate/Routing/Router->dispatch(Object(Illuminate/Http/Request))
#90 D:/Backend-game-topup/web/project/vendor/laravel/framework/src/Illuminate/Pipeline/Pipeline.php(180): Illuminate/Foundation/Http/Kernel->{closure:Illuminate/Foundation/Http/Kernel::dispatchToRouter():197}(Object(Illuminate/Http/Request))
#91 D:/Backend-game-topup/web/project/vendor/livewire/livewire/src/Features/SupportDisablingBackButtonCache/DisableBackButtonCacheMiddleware.php(19): Illuminate/Pipeline/Pipeline->{closure:Illuminate/Pipeline/Pipeline::prepareDestination():178}(Object(Illuminate/Http/Request))
#92 D:/Backend-game-topup/web/project/vendor/laravel/framework/src/Illuminate/Pipeline/Pipeline.php(219): Livewire/Features/SupportDisablingBackButtonCache/DisableBackButtonCacheMiddleware->handle(Object(Illuminate/Http/Request), Object(Closure))
#93 D:/Backend-game-topup/web/project/vendor/laravel/framework/src/Illuminate/Foundation/Http/Middleware/TransformsRequest.php(21): Illuminate/Pipeline/Pipeline->{closure:{closure:Illuminate/Pipeline/Pipeline::carry():194}:195}(Object(Illuminate/Http/Request))
#94 D:/Backend-game-topup/web/project/vendor/laravel/framework/src/Illuminate/Foundation/Http/Middleware/ConvertEmptyStringsToNull.php(31): Illuminate/Foundation/Http/Middleware/TransformsRequest->handle(Object(Illuminate/Http/Request), Object(Closure))
#95 D:/Backend-game-topup/web/project/vendor/laravel/framework/src/Illuminate/Pipeline/Pipeline.php(219): Illuminate/Foundation/Http/Middleware/ConvertEmptyStringsToNull->handle(Object(Illuminate/Http/Request), Object(Closure))
#96 D:/Backend-game-topup/web/project/vendor/laravel/framework/src/Illuminate/Foundation/Http/Middleware/TransformsRequest.php(21): Illuminate/Pipeline/Pipeline->{closure:{closure:Illuminate/Pipeline/Pipeline::carry():194}:195}(Object(Illuminate/Http/Request))
#97 D:/Backend-game-topup/web/project/vendor/laravel/framework/src/Illuminate/Foundation/Http/Middleware/TrimStrings.php(51): Illuminate/Foundation/Http/Middleware/TransformsRequest->handle(Object(Illuminate/Http/Request), Object(Closure))
#98 D:/Backend-game-topup/web/project/vendor/laravel/framework/src/Illuminate/Pipeline/Pipeline.php(219): Illuminate/Foundation/Http/Middleware/TrimStrings->handle(Object(Illuminate/Http/Request), Object(Closure))
#99 D:/Backend-game-topup/web/project/vendor/laravel/framework/src/Illuminate/Http/Middleware/ValidatePostSize.php(27): Illuminate/Pipeline/Pipeline->{closure:{closure:Illuminate/Pipeline/Pipeline::carry():194}:195}(Object(Illuminate/Http/Request))
#100 D:/Backend-game-topup/web/project/vendor/laravel/framework/src/Illuminate/Pipeline/Pipeline.php(219): Illuminate/Http/Middleware/ValidatePostSize->handle(Object(Illuminate/Http/Request), Object(Closure))
#101 D:/Backend-game-topup/web/project/vendor/laravel/framework/src/Illuminate/Foundation/Http/Middleware/PreventRequestsDuringMaintenance.php(109): Illuminate/Pipeline/Pipeline->{closure:{closure:Illuminate/Pipeline/Pipeline::carry():194}:195}(Object(Illuminate/Http/Request))
#102 D:/Backend-game-topup/web/project/vendor/laravel/framework/src/Illuminate/Pipeline/Pipeline.php(219): Illuminate/Foundation/Http/Middleware/PreventRequestsDuringMaintenance->handle(Object(Illuminate/Http/Request), Object(Closure))
#103 D:/Backend-game-topup/web/project/vendor/laravel/framework/src/Illuminate/Http/Middleware/HandleCors.php(61): Illuminate/Pipeline/Pipeline->{closure:{closure:Illuminate/Pipeline/Pipeline::carry():194}:195}(Object(Illuminate/Http/Request))
#104 D:/Backend-game-topup/web/project/vendor/laravel/framework/src/Illuminate/Pipeline/Pipeline.php(219): Illuminate/Http/Middleware/HandleCors->handle(Object(Illuminate/Http/Request), Object(Closure))
#105 D:/Backend-game-topup/web/project/vendor/laravel/framework/src/Illuminate/Http/Middleware/TrustProxies.php(58): Illuminate/Pipeline/Pipeline->{closure:{closure:Illuminate/Pipeline/Pipeline::carry():194}:195}(Object(Illuminate/Http/Request))
#106 D:/Backend-game-topup/web/project/vendor/laravel/framework/src/Illuminate/Pipeline/Pipeline.php(219): Illuminate/Http/Middleware/TrustProxies->handle(Object(Illuminate/Http/Request), Object(Closure))
#107 D:/Backend-game-topup/web/project/vendor/laravel/framework/src/Illuminate/Http/Middleware/TrustHosts.php(78): Illuminate/Pipeline/Pipeline->{closure:{closure:Illuminate/Pipeline/Pipeline::carry():194}:195}(Object(Illuminate/Http/Request))
#108 D:/Backend-game-topup/web/project/vendor/laravel/framework/src/Illuminate/Pipeline/Pipeline.php(219): Illuminate/Http/Middleware/TrustHosts->handle(Object(Illuminate/Http/Request), Object(Closure))
#109 D:/Backend-game-topup/web/project/vendor/laravel/framework/src/Illuminate/Pipeline/Pipeline.php(137): Illuminate/Pipeline/Pipeline->{closure:{closure:Illuminate/Pipeline/Pipeline::carry():194}:195}(Object(Illuminate/Http/Request))
#110 D:/Backend-game-topup/web/project/vendor/laravel/framework/src/Illuminate/Foundation/Http/Kernel.php(175): Illuminate/Pipeline/Pipeline->then(Object(Closure))
#111 D:/Backend-game-topup/web/project/vendor/laravel/framework/src/Illuminate/Foundation/Http/Kernel.php(144): Illuminate/Foundation/Http/Kernel->sendRequestThroughRouter(Object(Illuminate/Http/Request))
#112 D:/Backend-game-topup/web/project/public/index.php(51): Illuminate/Foundation/Http/Kernel->handle(Object(Illuminate/Http/Request))
#113 D:/Backend-game-topup/web/project/server.php(21): require_once('D://Backend-game...')
#114 {main}
"} 
[2026-02-02 23:24:11] local.ERROR: Exception occurred: The user model must implement the [Filament\Auth\MultiFactor\App\Contracts\HasAppAuthentication] interface to use app authentication. (View: D:\Backend-game-topup\web\project\vendor\filament\schemas\resources\views\components\grid.blade.php) (View: D:\Backend-game-topup\web\project\vendor\filament\schemas\resources\views\components\grid.blade.php) (View: D:\Backend-game-topup\web\project\vendor\filament\schemas\resources\views\components\grid.blade.php) {"exception":"[object] (Illuminate\\View\\ViewException(code: 0): The user model must implement the [Filament\\Auth\\MultiFactor\\App\\Contracts\\HasAppAuthentication] interface to use app authentication. (View: D:\\Backend-game-topup\\web\\project\\vendor\\filament\\schemas\\resources\\views\\components\\grid.blade.php) (View: D:\\Backend-game-topup\\web\\project\\vendor\\filament\\schemas\\resources\\views\\components\\grid.blade.php) (View: D:\\Backend-game-topup\\web\\project\\vendor\\filament\\schemas\\resources\\views\\components\\grid.blade.php) at D:/Backend-game-topup/web/project/vendor/filament/filament/src/Auth/MultiFactor/App/AppAuthentication.php:66)
[stacktrace]
#0 D:/Backend-game-topup/web/project/vendor/livewire/livewire/src/Mechanisms/ExtendBlade/ExtendedCompilerEngine.php(58): Illuminate/View/Engines/CompilerEngine->handleViewException(Object(Illuminate/View/ViewException), 1)
#1 D:/Backend-game-topup/web/project/vendor/livewire/livewire/src/Mechanisms/ExtendBlade/ExtendedCompilerEngine.php(40): Livewire/Mechanisms/ExtendBlade/ExtendedCompilerEngine->handleViewException(Object(Illuminate/View/ViewException), 1)
#2 D:/Backend-game-topup/web/project/vendor/laravel/framework/src/Illuminate/View/Engines/CompilerEngine.php(76): Livewire/Mechanisms/ExtendBlade/ExtendedCompilerEngine->evaluatePath('D://Backend-game...', Array)
#3 D:/Backend-game-topup/web/project/vendor/livewire/livewire/src/Mechanisms/ExtendBlade/ExtendedCompilerEngine.php(16): Illuminate/View/Engines/CompilerEngine->get('D://Backend-game...', Array)
#4 D:/Backend-game-topup/web/project/vendor/laravel/framework/src/Illuminate/View/View.php(208): Livewire/Mechanisms/ExtendBlade/ExtendedCompilerEngine->get('D://Backend-game...', Array)
#5 D:/Backend-game-topup/web/project/vendor/laravel/framework/src/Illuminate/View/View.php(191): Illuminate/View/View->getContents()
#6 D:/Backend-game-topup/web/project/vendor/laravel/framework/src/Illuminate/View/View.php(160): Illuminate/View/View->renderContents()
#7 D:/Backend-game-topup/web/project/vendor/livewire/livewire/src/Mechanisms/HandleComponents/HandleComponents.php(259): Illuminate/View/View->render(Object(Closure))
#8 D:/Backend-game-topup/web/project/vendor/livewire/livewire/src/Mechanisms/HandleComponents/HandleComponents.php(303): Livewire/Mechanisms/HandleComponents/HandleComponents->{closure:Livewire/Mechanisms/HandleComponents/HandleComponents::render():251}()
#9 D:/Backend-game-topup/web/project/vendor/livewire/livewire/src/Mechanisms/HandleComponents/HandleComponents.php(251): Livewire/Mechanisms/HandleComponents/HandleComponents->trackInRenderStack(Object(Filament/Auth/Pages/EditProfile), Object(Closure))
#10 D:/Backend-game-topup/web/project/vendor/livewire/livewire/src/Mechanisms/HandleComponents/HandleComponents.php(54): Livewire/Mechanisms/HandleComponents/HandleComponents->render(Object(Filament/Auth/Pages/EditProfile), '<div></div>')
#11 D:/Backend-game-topup/web/project/vendor/livewire/livewire/src/LivewireManager.php(73): Livewire/Mechanisms/HandleComponents/HandleComponents->mount('Filament//Auth//P...', Array, NULL)
#12 D:/Backend-game-topup/web/project/vendor/livewire/livewire/src/Features/SupportPageComponents/HandlesPageComponents.php(17): Livewire/LivewireManager->mount('Filament//Auth//P...', Array)
#13 D:/Backend-game-topup/web/project/vendor/livewire/livewire/src/Features/SupportPageComponents/SupportPageComponents.php(117): Livewire/Component->{closure:Livewire/Features/SupportPageComponents/HandlesPageComponents::__invoke():14}()
#14 D:/Backend-game-topup/web/project/vendor/livewire/livewire/src/Features/SupportPageComponents/HandlesPageComponents.php(14): Livewire/Features/SupportPageComponents/SupportPageComponents::interceptTheRenderOfTheComponentAndRetreiveTheLayoutConfiguration(Object(Closure))
#15 D:/Backend-game-topup/web/project/vendor/laravel/framework/src/Illuminate/Routing/ControllerDispatcher.php(46): Livewire/Component->__invoke()
#16 D:/Backend-game-topup/web/project/vendor/laravel/framework/src/Illuminate/Routing/Route.php(265): Illuminate/Routing/ControllerDispatcher->dispatch(Object(Illuminate/Routing/Route), Object(Filament/Auth/Pages/EditProfile), '__invoke')
#17 D:/Backend-game-topup/web/project/vendor/laravel/framework/src/Illuminate/Routing/Route.php(211): Illuminate/Routing/Route->runController()
#18 D:/Backend-game-topup/web/project/vendor/laravel/framework/src/Illuminate/Routing/Router.php(822): Illuminate/Routing/Route->run()
#19 D:/Backend-game-topup/web/project/vendor/laravel/framework/src/Illuminate/Pipeline/Pipeline.php(180): Illuminate/Routing/Router->{closure:Illuminate/Routing/Router::runRouteWithinStack():821}(Object(Illuminate/Http/Request))
#20 D:/Backend-game-topup/web/project/app/Http/Middleware/CheckRole.php(22): Illuminate/Pipeline/Pipeline->{closure:Illuminate/Pipeline/Pipeline::prepareDestination():178}(Object(Illuminate/Http/Request))
#21 D:/Backend-game-topup/web/project/vendor/laravel/framework/src/Illuminate/Pipeline/Pipeline.php(219): App/Http/Middleware/CheckRole->handle(Object(Illuminate/Http/Request), Object(Closure))
#22 D:/Backend-game-topup/web/project/vendor/filament/filament/src/Http/Middleware/DispatchServingFilamentEvent.php(15): Illuminate/Pipeline/Pipeline->{closure:{closure:Illuminate/Pipeline/Pipeline::carry():194}:195}(Object(Illuminate/Http/Request))
#23 D:/Backend-game-topup/web/project/vendor/laravel/framework/src/Illuminate/Pipeline/Pipeline.php(219): Filament/Http/Middleware/DispatchServingFilamentEvent->handle(Object(Illuminate/Http/Request), Object(Closure))
#24 D:/Backend-game-topup/web/project/vendor/filament/filament/src/Http/Middleware/DisableBladeIconComponents.php(14): Illuminate/Pipeline/Pipeline->{closure:{closure:Illuminate/Pipeline/Pipeline::carry():194}:195}(Object(Illuminate/Http/Request))
#25 D:/Backend-game-topup/web/project/vendor/laravel/framework/src/Illuminate/Pipeline/Pipeline.php(219): Filament/Http/Middleware/DisableBladeIconComponents->handle(Object(Illuminate/Http/Request), Object(Closure))
#26 D:/Backend-game-topup/web/project/vendor/laravel/framework/src/Illuminate/Routing/Middleware/SubstituteBindings.php(50): Illuminate/Pipeline/Pipeline->{closure:{closure:Illuminate/Pipeline/Pipeline::carry():194}:195}(Object(Illuminate/Http/Request))
#27 D:/Backend-game-topup/web/project/vendor/laravel/framework/src/Illuminate/Pipeline/Pipeline.php(219): Illuminate/Routing/Middleware/SubstituteBindings->handle(Object(Illuminate/Http/Request), Object(Closure))
#28 D:/Backend-game-topup/web/project/vendor/laravel/framework/src/Illuminate/Foundation/Http/Middleware/VerifyCsrfToken.php(87): Illuminate/Pipeline/Pipeline->{closure:{closure:Illuminate/Pipeline/Pipeline::carry():194}:195}(Object(Illuminate/Http/Request))
#29 D:/Backend-game-topup/web/project/vendor/laravel/framework/src/Illuminate/Pipeline/Pipeline.php(219): Illuminate/Foundation/Http/Middleware/VerifyCsrfToken->handle(Object(Illuminate/Http/Request), Object(Closure))
#30 D:/Backend-game-topup/web/project/vendor/laravel/framework/src/Illuminate/Session/Middleware/AuthenticateSession.php(70): Illuminate/Pipeline/Pipeline->{closure:{closure:Illuminate/Pipeline/Pipeline::carry():194}:195}(Object(Illuminate/Http/Request))
#31 D:/Backend-game-topup/web/project/vendor/laravel/framework/src/Illuminate/Pipeline/Pipeline.php(219): Illuminate/Session/Middleware/AuthenticateSession->handle(Object(Illuminate/Http/Request), Object(Closure))
#32 D:/Backend-game-topup/web/project/vendor/laravel/framework/src/Illuminate/Auth/Middleware/Authenticate.php(63): Illuminate/Pipeline/Pipeline->{closure:{closure:Illuminate/Pipeline/Pipeline::carry():194}:195}(Object(Illuminate/Http/Request))
#33 D:/Backend-game-topup/web/project/vendor/laravel/framework/src/Illuminate/Pipeline/Pipeline.php(219): Illuminate/Auth/Middleware/Authenticate->handle(Object(Illuminate/Http/Request), Object(Closure))
#34 D:/Backend-game-topup/web/project/vendor/laravel/framework/src/Illuminate/View/Middleware/ShareErrorsFromSession.php(48): Illuminate/Pipeline/Pipeline->{closure:{closure:Illuminate/Pipeline/Pipeline::carry():194}:195}(Object(Illuminate/Http/Request))
#35 D:/Backend-game-topup/web/project/vendor/laravel/framework/src/Illuminate/Pipeline/Pipeline.php(219): Illuminate/View/Middleware/ShareErrorsFromSession->handle(Object(Illuminate/Http/Request), Object(Closure))
#36 D:/Backend-game-topup/web/project/vendor/laravel/framework/src/Illuminate/Session/Middleware/StartSession.php(120): Illuminate/Pipeline/Pipeline->{closure:{closure:Illuminate/Pipeline/Pipeline::carry():194}:195}(Object(Illuminate/Http/Request))
#37 D:/Backend-game-topup/web/project/vendor/laravel/framework/src/Illuminate/Session/Middleware/StartSession.php(63): Illuminate/Session/Middleware/StartSession->handleStatefulRequest(Object(Illuminate/Http/Request), Object(Illuminate/Session/EncryptedStore), Object(Closure))
#38 D:/Backend-game-topup/web/project/vendor/laravel/framework/src/Illuminate/Pipeline/Pipeline.php(219): Illuminate/Session/Middleware/StartSession->handle(Object(Illuminate/Http/Request), Object(Closure))
#39 D:/Backend-game-topup/web/project/vendor/laravel/framework/src/Illuminate/Cookie/Middleware/AddQueuedCookiesToResponse.php(36): Illuminate/Pipeline/Pipeline->{closure:{closure:Illuminate/Pipeline/Pipeline::carry():194}:195}(Object(Illuminate/Http/Request))
#40 D:/Backend-game-topup/web/project/vendor/laravel/framework/src/Illuminate/Pipeline/Pipeline.php(219): Illuminate/Cookie/Middleware/AddQueuedCookiesToResponse->handle(Object(Illuminate/Http/Request), Object(Closure))
#41 D:/Backend-game-topup/web/project/vendor/laravel/framework/src/Illuminate/Cookie/Middleware/EncryptCookies.php(74): Illuminate/Pipeline/Pipeline->{closure:{closure:Illuminate/Pipeline/Pipeline::carry():194}:195}(Object(Illuminate/Http/Request))
#42 D:/Backend-game-topup/web/project/vendor/laravel/framework/src/Illuminate/Pipeline/Pipeline.php(219): Illuminate/Cookie/Middleware/EncryptCookies->handle(Object(Illuminate/Http/Request), Object(Closure))
#43 D:/Backend-game-topup/web/project/vendor/filament/filament/src/Http/Middleware/SetUpPanel.php(19): Illuminate/Pipeline/Pipeline->{closure:{closure:Illuminate/Pipeline/Pipeline::carry():194}:195}(Object(Illuminate/Http/Request))
#44 D:/Backend-game-topup/web/project/vendor/laravel/framework/src/Illuminate/Pipeline/Pipeline.php(219): Filament/Http/Middleware/SetUpPanel->handle(Object(Illuminate/Http/Request), Object(Closure), Object(Filament/Panel))
#45 D:/Backend-game-topup/web/project/vendor/laravel/framework/src/Illuminate/Pipeline/Pipeline.php(137): Illuminate/Pipeline/Pipeline->{closure:{closure:Illuminate/Pipeline/Pipeline::carry():194}:195}(Object(Illuminate/Http/Request))
#46 D:/Backend-game-topup/web/project/vendor/laravel/framework/src/Illuminate/Routing/Router.php(821): Illuminate/Pipeline/Pipeline->then(Object(Closure))
#47 D:/Backend-game-topup/web/project/vendor/laravel/framework/src/Illuminate/Routing/Router.php(800): Illuminate/Routing/Router->runRouteWithinStack(Object(Illuminate/Routing/Route), Object(Illuminate/Http/Request))
#48 D:/Backend-game-topup/web/project/vendor/laravel/framework/src/Illuminate/Routing/Router.php(764): Illuminate/Routing/Router->runRoute(Object(Illuminate/Http/Request), Object(Illuminate/Routing/Route))
#49 D:/Backend-game-topup/web/project/vendor/laravel/framework/src/Illuminate/Routing/Router.php(753): Illuminate/Routing/Router->dispatchToRoute(Object(Illuminate/Http/Request))
#50 D:/Backend-game-topup/web/project/vendor/laravel/framework/src/Illuminate/Foundation/Http/Kernel.php(200): Illuminate/Routing/Router->dispatch(Object(Illuminate/Http/Request))
#51 D:/Backend-game-topup/web/project/vendor/laravel/framework/src/Illuminate/Pipeline/Pipeline.php(180): Illuminate/Foundation/Http/Kernel->{closure:Illuminate/Foundation/Http/Kernel::dispatchToRouter():197}(Object(Illuminate/Http/Request))
#52 D:/Backend-game-topup/web/project/vendor/livewire/livewire/src/Features/SupportDisablingBackButtonCache/DisableBackButtonCacheMiddleware.php(19): Illuminate/Pipeline/Pipeline->{closure:Illuminate/Pipeline/Pipeline::prepareDestination():178}(Object(Illuminate/Http/Request))
#53 D:/Backend-game-topup/web/project/vendor/laravel/framework/src/Illuminate/Pipeline/Pipeline.php(219): Livewire/Features/SupportDisablingBackButtonCache/DisableBackButtonCacheMiddleware->handle(Object(Illuminate/Http/Request), Object(Closure))
#54 D:/Backend-game-topup/web/project/vendor/laravel/framework/src/Illuminate/Foundation/Http/Middleware/TransformsRequest.php(21): Illuminate/Pipeline/Pipeline->{closure:{closure:Illuminate/Pipeline/Pipeline::carry():194}:195}(Object(Illuminate/Http/Request))
#55 D:/Backend-game-topup/web/project/vendor/laravel/framework/src/Illuminate/Foundation/Http/Middleware/ConvertEmptyStringsToNull.php(31): Illuminate/Foundation/Http/Middleware/TransformsRequest->handle(Object(Illuminate/Http/Request), Object(Closure))
#56 D:/Backend-game-topup/web/project/vendor/laravel/framework/src/Illuminate/Pipeline/Pipeline.php(219): Illuminate/Foundation/Http/Middleware/ConvertEmptyStringsToNull->handle(Object(Illuminate/Http/Request), Object(Closure))
#57 D:/Backend-game-topup/web/project/vendor/laravel/framework/src/Illuminate/Foundation/Http/Middleware/TransformsRequest.php(21): Illuminate/Pipeline/Pipeline->{closure:{closure:Illuminate/Pipeline/Pipeline::carry():194}:195}(Object(Illuminate/Http/Request))
#58 D:/Backend-game-topup/web/project/vendor/laravel/framework/src/Illuminate/Foundation/Http/Middleware/TrimStrings.php(51): Illuminate/Foundation/Http/Middleware/TransformsRequest->handle(Object(Illuminate/Http/Request), Object(Closure))
#59 D:/Backend-game-topup/web/project/vendor/laravel/framework/src/Illuminate/Pipeline/Pipeline.php(219): Illuminate/Foundation/Http/Middleware/TrimStrings->handle(Object(Illuminate/Http/Request), Object(Closure))
#60 D:/Backend-game-topup/web/project/vendor/laravel/framework/src/Illuminate/Http/Middleware/ValidatePostSize.php(27): Illuminate/Pipeline/Pipeline->{closure:{closure:Illuminate/Pipeline/Pipeline::carry():194}:195}(Object(Illuminate/Http/Request))
#61 D:/Backend-game-topup/web/project/vendor/laravel/framework/src/Illuminate/Pipeline/Pipeline.php(219): Illuminate/Http/Middleware/ValidatePostSize->handle(Object(Illuminate/Http/Request), Object(Closure))
#62 D:/Backend-game-topup/web/project/vendor/laravel/framework/src/Illuminate/Foundation/Http/Middleware/PreventRequestsDuringMaintenance.php(109): Illuminate/Pipeline/Pipeline->{closure:{closure:Illuminate/Pipeline/Pipeline::carry():194}:195}(Object(Illuminate/Http/Request))
#63 D:/Backend-game-topup/web/project/vendor/laravel/framework/src/Illuminate/Pipeline/Pipeline.php(219): Illuminate/Foundation/Http/Middleware/PreventRequestsDuringMaintenance->handle(Object(Illuminate/Http/Request), Object(Closure))
#64 D:/Backend-game-topup/web/project/vendor/laravel/framework/src/Illuminate/Http/Middleware/HandleCors.php(61): Illuminate/Pipeline/Pipeline->{closure:{closure:Illuminate/Pipeline/Pipeline::carry():194}:195}(Object(Illuminate/Http/Request))
#65 D:/Backend-game-topup/web/project/vendor/laravel/framework/src/Illuminate/Pipeline/Pipeline.php(219): Illuminate/Http/Middleware/HandleCors->handle(Object(Illuminate/Http/Request), Object(Closure))
#66 D:/Backend-game-topup/web/project/vendor/laravel/framework/src/Illuminate/Http/Middleware/TrustProxies.php(58): Illuminate/Pipeline/Pipeline->{closure:{closure:Illuminate/Pipeline/Pipeline::carry():194}:195}(Object(Illuminate/Http/Request))
#67 D:/Backend-game-topup/web/project/vendor/laravel/framework/src/Illuminate/Pipeline/Pipeline.php(219): Illuminate/Http/Middleware/TrustProxies->handle(Object(Illuminate/Http/Request), Object(Closure))
#68 D:/Backend-game-topup/web/project/vendor/laravel/framework/src/Illuminate/Http/Middleware/TrustHosts.php(78): Illuminate/Pipeline/Pipeline->{closure:{closure:Illuminate/Pipeline/Pipeline::carry():194}:195}(Object(Illuminate/Http/Request))
#69 D:/Backend-game-topup/web/project/vendor/laravel/framework/src/Illuminate/Pipeline/Pipeline.php(219): Illuminate/Http/Middleware/TrustHosts->handle(Object(Illuminate/Http/Request), Object(Closure))
#70 D:/Backend-game-topup/web/project/vendor/laravel/framework/src/Illuminate/Pipeline/Pipeline.php(137): Illuminate/Pipeline/Pipeline->{closure:{closure:Illuminate/Pipeline/Pipeline::carry():194}:195}(Object(Illuminate/Http/Request))
#71 D:/Backend-game-topup/web/project/vendor/laravel/framework/src/Illuminate/Foundation/Http/Kernel.php(175): Illuminate/Pipeline/Pipeline->then(Object(Closure))
#72 D:/Backend-game-topup/web/project/vendor/laravel/framework/src/Illuminate/Foundation/Http/Kernel.php(144): Illuminate/Foundation/Http/Kernel->sendRequestThroughRouter(Object(Illuminate/Http/Request))
#73 D:/Backend-game-topup/web/project/public/index.php(51): Illuminate/Foundation/Http/Kernel->handle(Object(Illuminate/Http/Request))
#74 D:/Backend-game-topup/web/project/server.php(21): require_once('D://Backend-game...')
#75 {main}

[previous exception] [object] (Illuminate\\View\\ViewException(code: 0): The user model must implement the [Filament\\Auth\\MultiFactor\\App\\Contracts\\HasAppAuthentication] interface to use app authentication. (View: D:\\Backend-game-topup\\web\\project\\vendor\\filament\\schemas\\resources\\views\\components\\grid.blade.php) (View: D:\\Backend-game-topup\\web\\project\\vendor\\filament\\schemas\\resources\\views\\components\\grid.blade.php) at D:/Backend-game-topup/web/project/vendor/filament/filament/src/Auth/MultiFactor/App/AppAuthentication.php:66)
[stacktrace]
#0 D:/Backend-game-topup/web/project/vendor/livewire/livewire/src/Mechanisms/ExtendBlade/ExtendedCompilerEngine.php(58): Illuminate/View/Engines/CompilerEngine->handleViewException(Object(Illuminate/View/ViewException), 4)
#1 D:/Backend-game-topup/web/project/vendor/livewire/livewire/src/Mechanisms/ExtendBlade/ExtendedCompilerEngine.php(40): Livewire/Mechanisms/ExtendBlade/ExtendedCompilerEngine->handleViewException(Object(Illuminate/View/ViewException), 4)
#2 D:/Backend-game-topup/web/project/vendor/laravel/framework/src/Illuminate/View/Engines/CompilerEngine.php(76): Livewire/Mechanisms/ExtendBlade/ExtendedCompilerEngine->evaluatePath('D://Backend-game...', Array)
#3 D:/Backend-game-topup/web/project/vendor/livewire/livewire/src/Mechanisms/ExtendBlade/ExtendedCompilerEngine.php(16): Illuminate/View/Engines/CompilerEngine->get('D://Backend-game...', Array)
#4 D:/Backend-game-topup/web/project/vendor/laravel/framework/src/Illuminate/View/View.php(208): Livewire/Mechanisms/ExtendBlade/ExtendedCompilerEngine->get('D://Backend-game...', Array)
#5 D:/Backend-game-topup/web/project/vendor/laravel/framework/src/Illuminate/View/View.php(191): Illuminate/View/View->getContents()
#6 D:/Backend-game-topup/web/project/vendor/laravel/framework/src/Illuminate/View/View.php(160): Illuminate/View/View->renderContents()
#7 D:/Backend-game-topup/web/project/vendor/filament/support/src/Components/ViewComponent.php(125): Illuminate/View/View->render()
#8 D:/Backend-game-topup/web/project/vendor/filament/schemas/src/Components/Component.php(127): Filament/Support/Components/ViewComponent->toHtml()
#9 D:/Backend-game-topup/web/project/vendor/filament/schemas/src/Schema.php(281): Filament/Schemas/Components/Component->toHtml()
#10 D:/Backend-game-topup/web/project/vendor/filament/support/src/Components/ViewComponent.php(122): Filament/Schemas/Schema->toEmbeddedHtml()
#11 D:/Backend-game-topup/web/project/vendor/laravel/framework/src/Illuminate/Support/helpers.php(130): Filament/Support/Components/ViewComponent->toHtml()
#12 D:/Backend-game-topup/web/project/storage/framework/views/f217e03e7733d3960f7efd8298794c71.php(15): e(Object(Filament/Schemas/Schema))
#13 D:/Backend-game-topup/web/project/vendor/livewire/livewire/src/Mechanisms/ExtendBlade/ExtendedCompilerEngine.php(37): include('D://Backend-game...')
#14 D:/Backend-game-topup/web/project/vendor/livewire/livewire/src/Mechanisms/ExtendBlade/ExtendedCompilerEngine.php(38): Filament/Auth/Pages/EditProfile->{closure:Livewire/Mechanisms/ExtendBlade/ExtendedCompilerEngine::evaluatePath():35}()
#15 D:/Backend-game-topup/web/project/vendor/laravel/framework/src/Illuminate/View/Engines/CompilerEngine.php(76): Livewire/Mechanisms/ExtendBlade/ExtendedCompilerEngine->evaluatePath('D://Backend-game...', Array)
#16 D:/Backend-game-topup/web/project/vendor/livewire/livewire/src/Mechanisms/ExtendBlade/ExtendedCompilerEngine.php(16): Illuminate/View/Engines/CompilerEngine->get('D://Backend-game...', Array)
#17 D:/Backend-game-topup/web/project/vendor/laravel/framework/src/Illuminate/View/View.php(208): Livewire/Mechanisms/ExtendBlade/ExtendedCompilerEngine->get('D://Backend-game...', Array)
#18 D:/Backend-game-topup/web/project/vendor/laravel/framework/src/Illuminate/View/View.php(191): Illuminate/View/View->getContents()
#19 D:/Backend-game-topup/web/project/vendor/laravel/framework/src/Illuminate/View/View.php(160): Illuminate/View/View->renderContents()
#20 D:/Backend-game-topup/web/project/vendor/livewire/livewire/src/Mechanisms/HandleComponents/HandleComponents.php(259): Illuminate/View/View->render(Object(Closure))
#21 D:/Backend-game-topup/web/project/vendor/livewire/livewire/src/Mechanisms/HandleComponents/HandleComponents.php(303): Livewire/Mechanisms/HandleComponents/HandleComponents->{closure:Livewire/Mechanisms/HandleComponents/HandleComponents::render():251}()
#22 D:/Backend-game-topup/web/project/vendor/livewire/livewire/src/Mechanisms/HandleComponents/HandleComponents.php(251): Livewire/Mechanisms/HandleComponents/HandleComponents->trackInRenderStack(Object(Filament/Auth/Pages/EditProfile), Object(Closure))
#23 D:/Backend-game-topup/web/project/vendor/livewire/livewire/src/Mechanisms/HandleComponents/HandleComponents.php(54): Livewire/Mechanisms/HandleComponents/HandleComponents->render(Object(Filament/Auth/Pages/EditProfile), '<div></div>')
#24 D:/Backend-game-topup/web/project/vendor/livewire/livewire/src/LivewireManager.php(73): Livewire/Mechanisms/HandleComponents/HandleComponents->mount('Filament//Auth//P...', Array, NULL)
#25 D:/Backend-game-topup/web/project/vendor/livewire/livewire/src/Features/SupportPageComponents/HandlesPageComponents.php(17): Livewire/LivewireManager->mount('Filament//Auth//P...', Array)
#26 D:/Backend-game-topup/web/project/vendor/livewire/livewire/src/Features/SupportPageComponents/SupportPageComponents.php(117): Livewire/Component->{closure:Livewire/Features/SupportPageComponents/HandlesPageComponents::__invoke():14}()
#27 D:/Backend-game-topup/web/project/vendor/livewire/livewire/src/Features/SupportPageComponents/HandlesPageComponents.php(14): Livewire/Features/SupportPageComponents/SupportPageComponents::interceptTheRenderOfTheComponentAndRetreiveTheLayoutConfiguration(Object(Closure))
#28 D:/Backend-game-topup/web/project/vendor/laravel/framework/src/Illuminate/Routing/ControllerDispatcher.php(46): Livewire/Component->__invoke()
#29 D:/Backend-game-topup/web/project/vendor/laravel/framework/src/Illuminate/Routing/Route.php(265): Illuminate/Routing/ControllerDispatcher->dispatch(Object(Illuminate/Routing/Route), Object(Filament/Auth/Pages/EditProfile), '__invoke')
#30 D:/Backend-game-topup/web/project/vendor/laravel/framework/src/Illuminate/Routing/Route.php(211): Illuminate/Routing/Route->runController()
#31 D:/Backend-game-topup/web/project/vendor/laravel/framework/src/Illuminate/Routing/Router.php(822): Illuminate/Routing/Route->run()
#32 D:/Backend-game-topup/web/project/vendor/laravel/framework/src/Illuminate/Pipeline/Pipeline.php(180): Illuminate/Routing/Router->{closure:Illuminate/Routing/Router::runRouteWithinStack():821}(Object(Illuminate/Http/Request))
#33 D:/Backend-game-topup/web/project/app/Http/Middleware/CheckRole.php(22): Illuminate/Pipeline/Pipeline->{closure:Illuminate/Pipeline/Pipeline::prepareDestination():178}(Object(Illuminate/Http/Request))
#34 D:/Backend-game-topup/web/project/vendor/laravel/framework/src/Illuminate/Pipeline/Pipeline.php(219): App/Http/Middleware/CheckRole->handle(Object(Illuminate/Http/Request), Object(Closure))
#35 D:/Backend-game-topup/web/project/vendor/filament/filament/src/Http/Middleware/DispatchServingFilamentEvent.php(15): Illuminate/Pipeline/Pipeline->{closure:{closure:Illuminate/Pipeline/Pipeline::carry():194}:195}(Object(Illuminate/Http/Request))
#36 D:/Backend-game-topup/web/project/vendor/laravel/framework/src/Illuminate/Pipeline/Pipeline.php(219): Filament/Http/Middleware/DispatchServingFilamentEvent->handle(Object(Illuminate/Http/Request), Object(Closure))
#37 D:/Backend-game-topup/web/project/vendor/filament/filament/src/Http/Middleware/DisableBladeIconComponents.php(14): Illuminate/Pipeline/Pipeline->{closure:{closure:Illuminate/Pipeline/Pipeline::carry():194}:195}(Object(Illuminate/Http/Request))
#38 D:/Backend-game-topup/web/project/vendor/laravel/framework/src/Illuminate/Pipeline/Pipeline.php(219): Filament/Http/Middleware/DisableBladeIconComponents->handle(Object(Illuminate/Http/Request), Object(Closure))
#39 D:/Backend-game-topup/web/project/vendor/laravel/framework/src/Illuminate/Routing/Middleware/SubstituteBindings.php(50): Illuminate/Pipeline/Pipeline->{closure:{closure:Illuminate/Pipeline/Pipeline::carry():194}:195}(Object(Illuminate/Http/Request))
#40 D:/Backend-game-topup/web/project/vendor/laravel/framework/src/Illuminate/Pipeline/Pipeline.php(219): Illuminate/Routing/Middleware/SubstituteBindings->handle(Object(Illuminate/Http/Request), Object(Closure))
#41 D:/Backend-game-topup/web/project/vendor/laravel/framework/src/Illuminate/Foundation/Http/Middleware/VerifyCsrfToken.php(87): Illuminate/Pipeline/Pipeline->{closure:{closure:Illuminate/Pipeline/Pipeline::carry():194}:195}(Object(Illuminate/Http/Request))
#42 D:/Backend-game-topup/web/project/vendor/laravel/framework/src/Illuminate/Pipeline/Pipeline.php(219): Illuminate/Foundation/Http/Middleware/VerifyCsrfToken->handle(Object(Illuminate/Http/Request), Object(Closure))
#43 D:/Backend-game-topup/web/project/vendor/laravel/framework/src/Illuminate/Session/Middleware/AuthenticateSession.php(70): Illuminate/Pipeline/Pipeline->{closure:{closure:Illuminate/Pipeline/Pipeline::carry():194}:195}(Object(Illuminate/Http/Request))
#44 D:/Backend-game-topup/web/project/vendor/laravel/framework/src/Illuminate/Pipeline/Pipeline.php(219): Illuminate/Session/Middleware/AuthenticateSession->handle(Object(Illuminate/Http/Request), Object(Closure))
#45 D:/Backend-game-topup/web/project/vendor/laravel/framework/src/Illuminate/Auth/Middleware/Authenticate.php(63): Illuminate/Pipeline/Pipeline->{closure:{closure:Illuminate/Pipeline/Pipeline::carry():194}:195}(Object(Illuminate/Http/Request))
#46 D:/Backend-game-topup/web/project/vendor/laravel/framework/src/Illuminate/Pipeline/Pipeline.php(219): Illuminate/Auth/Middleware/Authenticate->handle(Object(Illuminate/Http/Request), Object(Closure))
#47 D:/Backend-game-topup/web/project/vendor/laravel/framework/src/Illuminate/View/Middleware/ShareErrorsFromSession.php(48): Illuminate/Pipeline/Pipeline->{closure:{closure:Illuminate/Pipeline/Pipeline::carry():194}:195}(Object(Illuminate/Http/Request))
#48 D:/Backend-game-topup/web/project/vendor/laravel/framework/src/Illuminate/Pipeline/Pipeline.php(219): Illuminate/View/Middleware/ShareErrorsFromSession->handle(Object(Illuminate/Http/Request), Object(Closure))
#49 D:/Backend-game-topup/web/project/vendor/laravel/framework/src/Illuminate/Session/Middleware/StartSession.php(120): Illuminate/Pipeline/Pipeline->{closure:{closure:Illuminate/Pipeline/Pipeline::carry():194}:195}(Object(Illuminate/Http/Request))
#50 D:/Backend-game-topup/web/project/vendor/laravel/framework/src/Illuminate/Session/Middleware/StartSession.php(63): Illuminate/Session/Middleware/StartSession->handleStatefulRequest(Object(Illuminate/Http/Request), Object(Illuminate/Session/EncryptedStore), Object(Closure))
#51 D:/Backend-game-topup/web/project/vendor/laravel/framework/src/Illuminate/Pipeline/Pipeline.php(219): Illuminate/Session/Middleware/StartSession->handle(Object(Illuminate/Http/Request), Object(Closure))
#52 D:/Backend-game-topup/web/project/vendor/laravel/framework/src/Illuminate/Cookie/Middleware/AddQueuedCookiesToResponse.php(36): Illuminate/Pipeline/Pipeline->{closure:{closure:Illuminate/Pipeline/Pipeline::carry():194}:195}(Object(Illuminate/Http/Request))
#53 D:/Backend-game-topup/web/project/vendor/laravel/framework/src/Illuminate/Pipeline/Pipeline.php(219): Illuminate/Cookie/Middleware/AddQueuedCookiesToResponse->handle(Object(Illuminate/Http/Request), Object(Closure))
#54 D:/Backend-game-topup/web/project/vendor/laravel/framework/src/Illuminate/Cookie/Middleware/EncryptCookies.php(74): Illuminate/Pipeline/Pipeline->{closure:{closure:Illuminate/Pipeline/Pipeline::carry():194}:195}(Object(Illuminate/Http/Request))
#55 D:/Backend-game-topup/web/project/vendor/laravel/framework/src/Illuminate/Pipeline/Pipeline.php(219): Illuminate/Cookie/Middleware/EncryptCookies->handle(Object(Illuminate/Http/Request), Object(Closure))
#56 D:/Backend-game-topup/web/project/vendor/filament/filament/src/Http/Middleware/SetUpPanel.php(19): Illuminate/Pipeline/Pipeline->{closure:{closure:Illuminate/Pipeline/Pipeline::carry():194}:195}(Object(Illuminate/Http/Request))
#57 D:/Backend-game-topup/web/project/vendor/laravel/framework/src/Illuminate/Pipeline/Pipeline.php(219): Filament/Http/Middleware/SetUpPanel->handle(Object(Illuminate/Http/Request), Object(Closure), Object(Filament/Panel))
#58 D:/Backend-game-topup/web/project/vendor/laravel/framework/src/Illuminate/Pipeline/Pipeline.php(137): Illuminate/Pipeline/Pipeline->{closure:{closure:Illuminate/Pipeline/Pipeline::carry():194}:195}(Object(Illuminate/Http/Request))
#59 D:/Backend-game-topup/web/project/vendor/laravel/framework/src/Illuminate/Routing/Router.php(821): Illuminate/Pipeline/Pipeline->then(Object(Closure))
#60 D:/Backend-game-topup/web/project/vendor/laravel/framework/src/Illuminate/Routing/Router.php(800): Illuminate/Routing/Router->runRouteWithinStack(Object(Illuminate/Routing/Route), Object(Illuminate/Http/Request))
#61 D:/Backend-game-topup/web/project/vendor/laravel/framework/src/Illuminate/Routing/Router.php(764): Illuminate/Routing/Router->runRoute(Object(Illuminate/Http/Request), Object(Illuminate/Routing/Route))
#62 D:/Backend-game-topup/web/project/vendor/laravel/framework/src/Illuminate/Routing/Router.php(753): Illuminate/Routing/Router->dispatchToRoute(Object(Illuminate/Http/Request))
#63 D:/Backend-game-topup/web/project/vendor/laravel/framework/src/Illuminate/Foundation/Http/Kernel.php(200): Illuminate/Routing/Router->dispatch(Object(Illuminate/Http/Request))
#64 D:/Backend-game-topup/web/project/vendor/laravel/framework/src/Illuminate/Pipeline/Pipeline.php(180): Illuminate/Foundation/Http/Kernel->{closure:Illuminate/Foundation/Http/Kernel::dispatchToRouter():197}(Object(Illuminate/Http/Request))
#65 D:/Backend-game-topup/web/project/vendor/livewire/livewire/src/Features/SupportDisablingBackButtonCache/DisableBackButtonCacheMiddleware.php(19): Illuminate/Pipeline/Pipeline->{closure:Illuminate/Pipeline/Pipeline::prepareDestination():178}(Object(Illuminate/Http/Request))
#66 D:/Backend-game-topup/web/project/vendor/laravel/framework/src/Illuminate/Pipeline/Pipeline.php(219): Livewire/Features/SupportDisablingBackButtonCache/DisableBackButtonCacheMiddleware->handle(Object(Illuminate/Http/Request), Object(Closure))
#67 D:/Backend-game-topup/web/project/vendor/laravel/framework/src/Illuminate/Foundation/Http/Middleware/TransformsRequest.php(21): Illuminate/Pipeline/Pipeline->{closure:{closure:Illuminate/Pipeline/Pipeline::carry():194}:195}(Object(Illuminate/Http/Request))
#68 D:/Backend-game-topup/web/project/vendor/laravel/framework/src/Illuminate/Foundation/Http/Middleware/ConvertEmptyStringsToNull.php(31): Illuminate/Foundation/Http/Middleware/TransformsRequest->handle(Object(Illuminate/Http/Request), Object(Closure))
#69 D:/Backend-game-topup/web/project/vendor/laravel/framework/src/Illuminate/Pipeline/Pipeline.php(219): Illuminate/Foundation/Http/Middleware/ConvertEmptyStringsToNull->handle(Object(Illuminate/Http/Request), Object(Closure))
#70 D:/Backend-game-topup/web/project/vendor/laravel/framework/src/Illuminate/Foundation/Http/Middleware/TransformsRequest.php(21): Illuminate/Pipeline/Pipeline->{closure:{closure:Illuminate/Pipeline/Pipeline::carry():194}:195}(Object(Illuminate/Http/Request))
#71 D:/Backend-game-topup/web/project/vendor/laravel/framework/src/Illuminate/Foundation/Http/Middleware/TrimStrings.php(51): Illuminate/Foundation/Http/Middleware/TransformsRequest->handle(Object(Illuminate/Http/Request), Object(Closure))
#72 D:/Backend-game-topup/web/project/vendor/laravel/framework/src/Illuminate/Pipeline/Pipeline.php(219): Illuminate/Foundation/Http/Middleware/TrimStrings->handle(Object(Illuminate/Http/Request), Object(Closure))
#73 D:/Backend-game-topup/web/project/vendor/laravel/framework/src/Illuminate/Http/Middleware/ValidatePostSize.php(27): Illuminate/Pipeline/Pipeline->{closure:{closure:Illuminate/Pipeline/Pipeline::carry():194}:195}(Object(Illuminate/Http/Request))
#74 D:/Backend-game-topup/web/project/vendor/laravel/framework/src/Illuminate/Pipeline/Pipeline.php(219): Illuminate/Http/Middleware/ValidatePostSize->handle(Object(Illuminate/Http/Request), Object(Closure))
#75 D:/Backend-game-topup/web/project/vendor/laravel/framework/src/Illuminate/Foundation/Http/Middleware/PreventRequestsDuringMaintenance.php(109): Illuminate/Pipeline/Pipeline->{closure:{closure:Illuminate/Pipeline/Pipeline::carry():194}:195}(Object(Illuminate/Http/Request))
#76 D:/Backend-game-topup/web/project/vendor/laravel/framework/src/Illuminate/Pipeline/Pipeline.php(219): Illuminate/Foundation/Http/Middleware/PreventRequestsDuringMaintenance->handle(Object(Illuminate/Http/Request), Object(Closure))
#77 D:/Backend-game-topup/web/project/vendor/laravel/framework/src/Illuminate/Http/Middleware/HandleCors.php(61): Illuminate/Pipeline/Pipeline->{closure:{closure:Illuminate/Pipeline/Pipeline::carry():194}:195}(Object(Illuminate/Http/Request))
#78 D:/Backend-game-topup/web/project/vendor/laravel/framework/src/Illuminate/Pipeline/Pipeline.php(219): Illuminate/Http/Middleware/HandleCors->handle(Object(Illuminate/Http/Request), Object(Closure))
#79 D:/Backend-game-topup/web/project/vendor/laravel/framework/src/Illuminate/Http/Middleware/TrustProxies.php(58): Illuminate/Pipeline/Pipeline->{closure:{closure:Illuminate/Pipeline/Pipeline::carry():194}:195}(Object(Illuminate/Http/Request))
#80 D:/Backend-game-topup/web/project/vendor/laravel/framework/src/Illuminate/Pipeline/Pipeline.php(219): Illuminate/Http/Middleware/TrustProxies->handle(Object(Illuminate/Http/Request), Object(Closure))
#81 D:/Backend-game-topup/web/project/vendor/laravel/framework/src/Illuminate/Http/Middleware/TrustHosts.php(78): Illuminate/Pipeline/Pipeline->{closure:{closure:Illuminate/Pipeline/Pipeline::carry():194}:195}(Object(Illuminate/Http/Request))
#82 D:/Backend-game-topup/web/project/vendor/laravel/framework/src/Illuminate/Pipeline/Pipeline.php(219): Illuminate/Http/Middleware/TrustHosts->handle(Object(Illuminate/Http/Request), Object(Closure))
#83 D:/Backend-game-topup/web/project/vendor/laravel/framework/src/Illuminate/Pipeline/Pipeline.php(137): Illuminate/Pipeline/Pipeline->{closure:{closure:Illuminate/Pipeline/Pipeline::carry():194}:195}(Object(Illuminate/Http/Request))
#84 D:/Backend-game-topup/web/project/vendor/laravel/framework/src/Illuminate/Foundation/Http/Kernel.php(175): Illuminate/Pipeline/Pipeline->then(Object(Closure))
#85 D:/Backend-game-topup/web/project/vendor/laravel/framework/src/Illuminate/Foundation/Http/Kernel.php(144): Illuminate/Foundation/Http/Kernel->sendRequestThroughRouter(Object(Illuminate/Http/Request))
#86 D:/Backend-game-topup/web/project/public/index.php(51): Illuminate/Foundation/Http/Kernel->handle(Object(Illuminate/Http/Request))
#87 D:/Backend-game-topup/web/project/server.php(21): require_once('D://Backend-game...')
#88 {main}

[previous exception] [object] (Illuminate\\View\\ViewException(code: 0): The user model must implement the [Filament\\Auth\\MultiFactor\\App\\Contracts\\HasAppAuthentication] interface to use app authentication. (View: D:\\Backend-game-topup\\web\\project\\vendor\\filament\\schemas\\resources\\views\\components\\grid.blade.php) at D:/Backend-game-topup/web/project/vendor/filament/filament/src/Auth/MultiFactor/App/AppAuthentication.php:66)
[stacktrace]
#0 D:/Backend-game-topup/web/project/vendor/livewire/livewire/src/Mechanisms/ExtendBlade/ExtendedCompilerEngine.php(58): Illuminate/View/Engines/CompilerEngine->handleViewException(Object(Exception), 7)
#1 D:/Backend-game-topup/web/project/vendor/livewire/livewire/src/Mechanisms/ExtendBlade/ExtendedCompilerEngine.php(40): Livewire/Mechanisms/ExtendBlade/ExtendedCompilerEngine->handleViewException(Object(Exception), 7)
#2 D:/Backend-game-topup/web/project/vendor/laravel/framework/src/Illuminate/View/Engines/CompilerEngine.php(76): Livewire/Mechanisms/ExtendBlade/ExtendedCompilerEngine->evaluatePath('D://Backend-game...', Array)
#3 D:/Backend-game-topup/web/project/vendor/livewire/livewire/src/Mechanisms/ExtendBlade/ExtendedCompilerEngine.php(16): Illuminate/View/Engines/CompilerEngine->get('D://Backend-game...', Array)
#4 D:/Backend-game-topup/web/project/vendor/laravel/framework/src/Illuminate/View/View.php(208): Livewire/Mechanisms/ExtendBlade/ExtendedCompilerEngine->get('D://Backend-game...', Array)
#5 D:/Backend-game-topup/web/project/vendor/laravel/framework/src/Illuminate/View/View.php(191): Illuminate/View/View->getContents()
#6 D:/Backend-game-topup/web/project/vendor/laravel/framework/src/Illuminate/View/View.php(160): Illuminate/View/View->renderContents()
#7 D:/Backend-game-topup/web/project/vendor/filament/support/src/Components/ViewComponent.php(125): Illuminate/View/View->render()
#8 D:/Backend-game-topup/web/project/vendor/filament/schemas/src/Components/Component.php(130): Filament/Support/Components/ViewComponent->toHtml()
#9 D:/Backend-game-topup/web/project/vendor/filament/schemas/src/Schema.php(281): Filament/Schemas/Components/Component->toHtml()
#10 D:/Backend-game-topup/web/project/vendor/filament/support/src/Components/ViewComponent.php(122): Filament/Schemas/Schema->toEmbeddedHtml()
#11 D:/Backend-game-topup/web/project/vendor/laravel/framework/src/Illuminate/Support/helpers.php(130): Filament/Support/Components/ViewComponent->toHtml()
#12 D:/Backend-game-topup/web/project/storage/framework/views/182824ba6c64b545fb9146f4f6fd4fc8.php(61): e(Object(Filament/Schemas/Schema))
#13 D:/Backend-game-topup/web/project/vendor/livewire/livewire/src/Mechanisms/ExtendBlade/ExtendedCompilerEngine.php(37): include('D://Backend-game...')
#14 D:/Backend-game-topup/web/project/vendor/livewire/livewire/src/Mechanisms/ExtendBlade/ExtendedCompilerEngine.php(38): Filament/Auth/Pages/EditProfile->{closure:Livewire/Mechanisms/ExtendBlade/ExtendedCompilerEngine::evaluatePath():35}()
#15 D:/Backend-game-topup/web/project/vendor/laravel/framework/src/Illuminate/View/Engines/CompilerEngine.php(76): Livewire/Mechanisms/ExtendBlade/ExtendedCompilerEngine->evaluatePath('D://Backend-game...', Array)
#16 D:/Backend-game-topup/web/project/vendor/livewire/livewire/src/Mechanisms/ExtendBlade/ExtendedCompilerEngine.php(16): Illuminate/View/Engines/CompilerEngine->get('D://Backend-game...', Array)
#17 D:/Backend-game-topup/web/project/vendor/laravel/framework/src/Illuminate/View/View.php(208): Livewire/Mechanisms/ExtendBlade/ExtendedCompilerEngine->get('D://Backend-game...', Array)
#18 D:/Backend-game-topup/web/project/vendor/laravel/framework/src/Illuminate/View/View.php(191): Illuminate/View/View->getContents()
#19 D:/Backend-game-topup/web/project/vendor/laravel/framework/src/Illuminate/View/View.php(160): Illuminate/View/View->renderContents()
#20 D:/Backend-game-topup/web/project/vendor/filament/support/src/Components/ViewComponent.php(125): Illuminate/View/View->render()
#21 D:/Backend-game-topup/web/project/vendor/filament/schemas/src/Components/Component.php(127): Filament/Support/Components/ViewComponent->toHtml()
#22 D:/Backend-game-topup/web/project/vendor/filament/schemas/src/Schema.php(281): Filament/Schemas/Components/Component->toHtml()
#23 D:/Backend-game-topup/web/project/vendor/filament/support/src/Components/ViewComponent.php(122): Filament/Schemas/Schema->toEmbeddedHtml()
#24 D:/Backend-game-topup/web/project/vendor/laravel/framework/src/Illuminate/Support/helpers.php(130): Filament/Support/Components/ViewComponent->toHtml()
#25 D:/Backend-game-topup/web/project/storage/framework/views/f217e03e7733d3960f7efd8298794c71.php(15): e(Object(Filament/Schemas/Schema))
#26 D:/Backend-game-topup/web/project/vendor/livewire/livewire/src/Mechanisms/ExtendBlade/ExtendedCompilerEngine.php(37): include('D://Backend-game...')
#27 D:/Backend-game-topup/web/project/vendor/livewire/livewire/src/Mechanisms/ExtendBlade/ExtendedCompilerEngine.php(38): Filament/Auth/Pages/EditProfile->{closure:Livewire/Mechanisms/ExtendBlade/ExtendedCompilerEngine::evaluatePath():35}()
#28 D:/Backend-game-topup/web/project/vendor/laravel/framework/src/Illuminate/View/Engines/CompilerEngine.php(76): Livewire/Mechanisms/ExtendBlade/ExtendedCompilerEngine->evaluatePath('D://Backend-game...', Array)
#29 D:/Backend-game-topup/web/project/vendor/livewire/livewire/src/Mechanisms/ExtendBlade/ExtendedCompilerEngine.php(16): Illuminate/View/Engines/CompilerEngine->get('D://Backend-game...', Array)
#30 D:/Backend-game-topup/web/project/vendor/laravel/framework/src/Illuminate/View/View.php(208): Livewire/Mechanisms/ExtendBlade/ExtendedCompilerEngine->get('D://Backend-game...', Array)
#31 D:/Backend-game-topup/web/project/vendor/laravel/framework/src/Illuminate/View/View.php(191): Illuminate/View/View->getContents()
#32 D:/Backend-game-topup/web/project/vendor/laravel/framework/src/Illuminate/View/View.php(160): Illuminate/View/View->renderContents()
#33 D:/Backend-game-topup/web/project/vendor/livewire/livewire/src/Mechanisms/HandleComponents/HandleComponents.php(259): Illuminate/View/View->render(Object(Closure))
#34 D:/Backend-game-topup/web/project/vendor/livewire/livewire/src/Mechanisms/HandleComponents/HandleComponents.php(303): Livewire/Mechanisms/HandleComponents/HandleComponents->{closure:Livewire/Mechanisms/HandleComponents/HandleComponents::render():251}()
#35 D:/Backend-game-topup/web/project/vendor/livewire/livewire/src/Mechanisms/HandleComponents/HandleComponents.php(251): Livewire/Mechanisms/HandleComponents/HandleComponents->trackInRenderStack(Object(Filament/Auth/Pages/EditProfile), Object(Closure))
#36 D:/Backend-game-topup/web/project/vendor/livewire/livewire/src/Mechanisms/HandleComponents/HandleComponents.php(54): Livewire/Mechanisms/HandleComponents/HandleComponents->render(Object(Filament/Auth/Pages/EditProfile), '<div></div>')
#37 D:/Backend-game-topup/web/project/vendor/livewire/livewire/src/LivewireManager.php(73): Livewire/Mechanisms/HandleComponents/HandleComponents->mount('Filament//Auth//P...', Array, NULL)
#38 D:/Backend-game-topup/web/project/vendor/livewire/livewire/src/Features/SupportPageComponents/HandlesPageComponents.php(17): Livewire/LivewireManager->mount('Filament//Auth//P...', Array)
#39 D:/Backend-game-topup/web/project/vendor/livewire/livewire/src/Features/SupportPageComponents/SupportPageComponents.php(117): Livewire/Component->{closure:Livewire/Features/SupportPageComponents/HandlesPageComponents::__invoke():14}()
#40 D:/Backend-game-topup/web/project/vendor/livewire/livewire/src/Features/SupportPageComponents/HandlesPageComponents.php(14): Livewire/Features/SupportPageComponents/SupportPageComponents::interceptTheRenderOfTheComponentAndRetreiveTheLayoutConfiguration(Object(Closure))
#41 D:/Backend-game-topup/web/project/vendor/laravel/framework/src/Illuminate/Routing/ControllerDispatcher.php(46): Livewire/Component->__invoke()
#42 D:/Backend-game-topup/web/project/vendor/laravel/framework/src/Illuminate/Routing/Route.php(265): Illuminate/Routing/ControllerDispatcher->dispatch(Object(Illuminate/Routing/Route), Object(Filament/Auth/Pages/EditProfile), '__invoke')
#43 D:/Backend-game-topup/web/project/vendor/laravel/framework/src/Illuminate/Routing/Route.php(211): Illuminate/Routing/Route->runController()
#44 D:/Backend-game-topup/web/project/vendor/laravel/framework/src/Illuminate/Routing/Router.php(822): Illuminate/Routing/Route->run()
#45 D:/Backend-game-topup/web/project/vendor/laravel/framework/src/Illuminate/Pipeline/Pipeline.php(180): Illuminate/Routing/Router->{closure:Illuminate/Routing/Router::runRouteWithinStack():821}(Object(Illuminate/Http/Request))
#46 D:/Backend-game-topup/web/project/app/Http/Middleware/CheckRole.php(22): Illuminate/Pipeline/Pipeline->{closure:Illuminate/Pipeline/Pipeline::prepareDestination():178}(Object(Illuminate/Http/Request))
#47 D:/Backend-game-topup/web/project/vendor/laravel/framework/src/Illuminate/Pipeline/Pipeline.php(219): App/Http/Middleware/CheckRole->handle(Object(Illuminate/Http/Request), Object(Closure))
#48 D:/Backend-game-topup/web/project/vendor/filament/filament/src/Http/Middleware/DispatchServingFilamentEvent.php(15): Illuminate/Pipeline/Pipeline->{closure:{closure:Illuminate/Pipeline/Pipeline::carry():194}:195}(Object(Illuminate/Http/Request))
#49 D:/Backend-game-topup/web/project/vendor/laravel/framework/src/Illuminate/Pipeline/Pipeline.php(219): Filament/Http/Middleware/DispatchServingFilamentEvent->handle(Object(Illuminate/Http/Request), Object(Closure))
#50 D:/Backend-game-topup/web/project/vendor/filament/filament/src/Http/Middleware/DisableBladeIconComponents.php(14): Illuminate/Pipeline/Pipeline->{closure:{closure:Illuminate/Pipeline/Pipeline::carry():194}:195}(Object(Illuminate/Http/Request))
#51 D:/Backend-game-topup/web/project/vendor/laravel/framework/src/Illuminate/Pipeline/Pipeline.php(219): Filament/Http/Middleware/DisableBladeIconComponents->handle(Object(Illuminate/Http/Request), Object(Closure))
#52 D:/Backend-game-topup/web/project/vendor/laravel/framework/src/Illuminate/Routing/Middleware/SubstituteBindings.php(50): Illuminate/Pipeline/Pipeline->{closure:{closure:Illuminate/Pipeline/Pipeline::carry():194}:195}(Object(Illuminate/Http/Request))
#53 D:/Backend-game-topup/web/project/vendor/laravel/framework/src/Illuminate/Pipeline/Pipeline.php(219): Illuminate/Routing/Middleware/SubstituteBindings->handle(Object(Illuminate/Http/Request), Object(Closure))
#54 D:/Backend-game-topup/web/project/vendor/laravel/framework/src/Illuminate/Foundation/Http/Middleware/VerifyCsrfToken.php(87): Illuminate/Pipeline/Pipeline->{closure:{closure:Illuminate/Pipeline/Pipeline::carry():194}:195}(Object(Illuminate/Http/Request))
#55 D:/Backend-game-topup/web/project/vendor/laravel/framework/src/Illuminate/Pipeline/Pipeline.php(219): Illuminate/Foundation/Http/Middleware/VerifyCsrfToken->handle(Object(Illuminate/Http/Request), Object(Closure))
#56 D:/Backend-game-topup/web/project/vendor/laravel/framework/src/Illuminate/Session/Middleware/AuthenticateSession.php(70): Illuminate/Pipeline/Pipeline->{closure:{closure:Illuminate/Pipeline/Pipeline::carry():194}:195}(Object(Illuminate/Http/Request))
#57 D:/Backend-game-topup/web/project/vendor/laravel/framework/src/Illuminate/Pipeline/Pipeline.php(219): Illuminate/Session/Middleware/AuthenticateSession->handle(Object(Illuminate/Http/Request), Object(Closure))
#58 D:/Backend-game-topup/web/project/vendor/laravel/framework/src/Illuminate/Auth/Middleware/Authenticate.php(63): Illuminate/Pipeline/Pipeline->{closure:{closure:Illuminate/Pipeline/Pipeline::carry():194}:195}(Object(Illuminate/Http/Request))
#59 D:/Backend-game-topup/web/project/vendor/laravel/framework/src/Illuminate/Pipeline/Pipeline.php(219): Illuminate/Auth/Middleware/Authenticate->handle(Object(Illuminate/Http/Request), Object(Closure))
#60 D:/Backend-game-topup/web/project/vendor/laravel/framework/src/Illuminate/View/Middleware/ShareErrorsFromSession.php(48): Illuminate/Pipeline/Pipeline->{closure:{closure:Illuminate/Pipeline/Pipeline::carry():194}:195}(Object(Illuminate/Http/Request))
#61 D:/Backend-game-topup/web/project/vendor/laravel/framework/src/Illuminate/Pipeline/Pipeline.php(219): Illuminate/View/Middleware/ShareErrorsFromSession->handle(Object(Illuminate/Http/Request), Object(Closure))
#62 D:/Backend-game-topup/web/project/vendor/laravel/framework/src/Illuminate/Session/Middleware/StartSession.php(120): Illuminate/Pipeline/Pipeline->{closure:{closure:Illuminate/Pipeline/Pipeline::carry():194}:195}(Object(Illuminate/Http/Request))
#63 D:/Backend-game-topup/web/project/vendor/laravel/framework/src/Illuminate/Session/Middleware/StartSession.php(63): Illuminate/Session/Middleware/StartSession->handleStatefulRequest(Object(Illuminate/Http/Request), Object(Illuminate/Session/EncryptedStore), Object(Closure))
#64 D:/Backend-game-topup/web/project/vendor/laravel/framework/src/Illuminate/Pipeline/Pipeline.php(219): Illuminate/Session/Middleware/StartSession->handle(Object(Illuminate/Http/Request), Object(Closure))
#65 D:/Backend-game-topup/web/project/vendor/laravel/framework/src/Illuminate/Cookie/Middleware/AddQueuedCookiesToResponse.php(36): Illuminate/Pipeline/Pipeline->{closure:{closure:Illuminate/Pipeline/Pipeline::carry():194}:195}(Object(Illuminate/Http/Request))
#66 D:/Backend-game-topup/web/project/vendor/laravel/framework/src/Illuminate/Pipeline/Pipeline.php(219): Illuminate/Cookie/Middleware/AddQueuedCookiesToResponse->handle(Object(Illuminate/Http/Request), Object(Closure))
#67 D:/Backend-game-topup/web/project/vendor/laravel/framework/src/Illuminate/Cookie/Middleware/EncryptCookies.php(74): Illuminate/Pipeline/Pipeline->{closure:{closure:Illuminate/Pipeline/Pipeline::carry():194}:195}(Object(Illuminate/Http/Request))
#68 D:/Backend-game-topup/web/project/vendor/laravel/framework/src/Illuminate/Pipeline/Pipeline.php(219): Illuminate/Cookie/Middleware/EncryptCookies->handle(Object(Illuminate/Http/Request), Object(Closure))
#69 D:/Backend-game-topup/web/project/vendor/filament/filament/src/Http/Middleware/SetUpPanel.php(19): Illuminate/Pipeline/Pipeline->{closure:{closure:Illuminate/Pipeline/Pipeline::carry():194}:195}(Object(Illuminate/Http/Request))
#70 D:/Backend-game-topup/web/project/vendor/laravel/framework/src/Illuminate/Pipeline/Pipeline.php(219): Filament/Http/Middleware/SetUpPanel->handle(Object(Illuminate/Http/Request), Object(Closure), Object(Filament/Panel))
#71 D:/Backend-game-topup/web/project/vendor/laravel/framework/src/Illuminate/Pipeline/Pipeline.php(137): Illuminate/Pipeline/Pipeline->{closure:{closure:Illuminate/Pipeline/Pipeline::carry():194}:195}(Object(Illuminate/Http/Request))
#72 D:/Backend-game-topup/web/project/vendor/laravel/framework/src/Illuminate/Routing/Router.php(821): Illuminate/Pipeline/Pipeline->then(Object(Closure))
#73 D:/Backend-game-topup/web/project/vendor/laravel/framework/src/Illuminate/Routing/Router.php(800): Illuminate/Routing/Router->runRouteWithinStack(Object(Illuminate/Routing/Route), Object(Illuminate/Http/Request))
#74 D:/Backend-game-topup/web/project/vendor/laravel/framework/src/Illuminate/Routing/Router.php(764): Illuminate/Routing/Router->runRoute(Object(Illuminate/Http/Request), Object(Illuminate/Routing/Route))
#75 D:/Backend-game-topup/web/project/vendor/laravel/framework/src/Illuminate/Routing/Router.php(753): Illuminate/Routing/Router->dispatchToRoute(Object(Illuminate/Http/Request))
#76 D:/Backend-game-topup/web/project/vendor/laravel/framework/src/Illuminate/Foundation/Http/Kernel.php(200): Illuminate/Routing/Router->dispatch(Object(Illuminate/Http/Request))
#77 D:/Backend-game-topup/web/project/vendor/laravel/framework/src/Illuminate/Pipeline/Pipeline.php(180): Illuminate/Foundation/Http/Kernel->{closure:Illuminate/Foundation/Http/Kernel::dispatchToRouter():197}(Object(Illuminate/Http/Request))
#78 D:/Backend-game-topup/web/project/vendor/livewire/livewire/src/Features/SupportDisablingBackButtonCache/DisableBackButtonCacheMiddleware.php(19): Illuminate/Pipeline/Pipeline->{closure:Illuminate/Pipeline/Pipeline::prepareDestination():178}(Object(Illuminate/Http/Request))
#79 D:/Backend-game-topup/web/project/vendor/laravel/framework/src/Illuminate/Pipeline/Pipeline.php(219): Livewire/Features/SupportDisablingBackButtonCache/DisableBackButtonCacheMiddleware->handle(Object(Illuminate/Http/Request), Object(Closure))
#80 D:/Backend-game-topup/web/project/vendor/laravel/framework/src/Illuminate/Foundation/Http/Middleware/TransformsRequest.php(21): Illuminate/Pipeline/Pipeline->{closure:{closure:Illuminate/Pipeline/Pipeline::carry():194}:195}(Object(Illuminate/Http/Request))
#81 D:/Backend-game-topup/web/project/vendor/laravel/framework/src/Illuminate/Foundation/Http/Middleware/ConvertEmptyStringsToNull.php(31): Illuminate/Foundation/Http/Middleware/TransformsRequest->handle(Object(Illuminate/Http/Request), Object(Closure))
#82 D:/Backend-game-topup/web/project/vendor/laravel/framework/src/Illuminate/Pipeline/Pipeline.php(219): Illuminate/Foundation/Http/Middleware/ConvertEmptyStringsToNull->handle(Object(Illuminate/Http/Request), Object(Closure))
#83 D:/Backend-game-topup/web/project/vendor/laravel/framework/src/Illuminate/Foundation/Http/Middleware/TransformsRequest.php(21): Illuminate/Pipeline/Pipeline->{closure:{closure:Illuminate/Pipeline/Pipeline::carry():194}:195}(Object(Illuminate/Http/Request))
#84 D:/Backend-game-topup/web/project/vendor/laravel/framework/src/Illuminate/Foundation/Http/Middleware/TrimStrings.php(51): Illuminate/Foundation/Http/Middleware/TransformsRequest->handle(Object(Illuminate/Http/Request), Object(Closure))
#85 D:/Backend-game-topup/web/project/vendor/laravel/framework/src/Illuminate/Pipeline/Pipeline.php(219): Illuminate/Foundation/Http/Middleware/TrimStrings->handle(Object(Illuminate/Http/Request), Object(Closure))
#86 D:/Backend-game-topup/web/project/vendor/laravel/framework/src/Illuminate/Http/Middleware/ValidatePostSize.php(27): Illuminate/Pipeline/Pipeline->{closure:{closure:Illuminate/Pipeline/Pipeline::carry():194}:195}(Object(Illuminate/Http/Request))
#87 D:/Backend-game-topup/web/project/vendor/laravel/framework/src/Illuminate/Pipeline/Pipeline.php(219): Illuminate/Http/Middleware/ValidatePostSize->handle(Object(Illuminate/Http/Request), Object(Closure))
#88 D:/Backend-game-topup/web/project/vendor/laravel/framework/src/Illuminate/Foundation/Http/Middleware/PreventRequestsDuringMaintenance.php(109): Illuminate/Pipeline/Pipeline->{closure:{closure:Illuminate/Pipeline/Pipeline::carry():194}:195}(Object(Illuminate/Http/Request))
#89 D:/Backend-game-topup/web/project/vendor/laravel/framework/src/Illuminate/Pipeline/Pipeline.php(219): Illuminate/Foundation/Http/Middleware/PreventRequestsDuringMaintenance->handle(Object(Illuminate/Http/Request), Object(Closure))
#90 D:/Backend-game-topup/web/project/vendor/laravel/framework/src/Illuminate/Http/Middleware/HandleCors.php(61): Illuminate/Pipeline/Pipeline->{closure:{closure:Illuminate/Pipeline/Pipeline::carry():194}:195}(Object(Illuminate/Http/Request))
#91 D:/Backend-game-topup/web/project/vendor/laravel/framework/src/Illuminate/Pipeline/Pipeline.php(219): Illuminate/Http/Middleware/HandleCors->handle(Object(Illuminate/Http/Request), Object(Closure))
#92 D:/Backend-game-topup/web/project/vendor/laravel/framework/src/Illuminate/Http/Middleware/TrustProxies.php(58): Illuminate/Pipeline/Pipeline->{closure:{closure:Illuminate/Pipeline/Pipeline::carry():194}:195}(Object(Illuminate/Http/Request))
#93 D:/Backend-game-topup/web/project/vendor/laravel/framework/src/Illuminate/Pipeline/Pipeline.php(219): Illuminate/Http/Middleware/TrustProxies->handle(Object(Illuminate/Http/Request), Object(Closure))
#94 D:/Backend-game-topup/web/project/vendor/laravel/framework/src/Illuminate/Http/Middleware/TrustHosts.php(78): Illuminate/Pipeline/Pipeline->{closure:{closure:Illuminate/Pipeline/Pipeline::carry():194}:195}(Object(Illuminate/Http/Request))
#95 D:/Backend-game-topup/web/project/vendor/laravel/framework/src/Illuminate/Pipeline/Pipeline.php(219): Illuminate/Http/Middleware/TrustHosts->handle(Object(Illuminate/Http/Request), Object(Closure))
#96 D:/Backend-game-topup/web/project/vendor/laravel/framework/src/Illuminate/Pipeline/Pipeline.php(137): Illuminate/Pipeline/Pipeline->{closure:{closure:Illuminate/Pipeline/Pipeline::carry():194}:195}(Object(Illuminate/Http/Request))
#97 D:/Backend-game-topup/web/project/vendor/laravel/framework/src/Illuminate/Foundation/Http/Kernel.php(175): Illuminate/Pipeline/Pipeline->then(Object(Closure))
#98 D:/Backend-game-topup/web/project/vendor/laravel/framework/src/Illuminate/Foundation/Http/Kernel.php(144): Illuminate/Foundation/Http/Kernel->sendRequestThroughRouter(Object(Illuminate/Http/Request))
#99 D:/Backend-game-topup/web/project/public/index.php(51): Illuminate/Foundation/Http/Kernel->handle(Object(Illuminate/Http/Request))
#100 D:/Backend-game-topup/web/project/server.php(21): require_once('D://Backend-game...')
#101 {main}

[previous exception] [object] (Exception(code: 0): The user model must implement the [Filament\\Auth\\MultiFactor\\App\\Contracts\\HasAppAuthentication] interface to use app authentication. at D:/Backend-game-topup/web/project/vendor/filament/filament/src/Auth/MultiFactor/App/AppAuthentication.php:66)
[stacktrace]
#0 D:/Backend-game-topup/web/project/vendor/filament/filament/src/Auth/MultiFactor/App/AppAuthentication.php(204): Filament/Auth/MultiFactor/App/AppAuthentication->isEnabled(Object(App/Models/User))
#1 D:/Backend-game-topup/web/project/vendor/filament/support/src/Concerns/EvaluatesClosures.php(36): Filament/Auth/MultiFactor/App/AppAuthentication->{closure:Filament/Auth/MultiFactor/App/AppAuthentication::getActions():204}()
#2 D:/Backend-game-topup/web/project/vendor/filament/actions/src/Concerns/CanBeHidden.php(39): Filament/Support/Components/Component->evaluate(Object(Closure))
#3 D:/Backend-game-topup/web/project/vendor/filament/actions/src/Concerns/CanBeHidden.php(34): Filament/Actions/Action->isHiddenInGroup()
#4 D:/Backend-game-topup/web/project/vendor/filament/actions/src/Concerns/CanBeHidden.php(56): Filament/Actions/Action->isHidden()
#5 D:/Backend-game-topup/web/project/vendor/filament/schemas/src/Components/Actions.php(71): Filament/Actions/Action->isVisible()
#6 D:/Backend-game-topup/web/project/vendor/filament/schemas/src/Components/Concerns/CanBeHidden.php(190): Filament/Schemas/Components/Actions->isHidden()
#7 D:/Backend-game-topup/web/project/vendor/filament/schemas/src/Schema.php(159): Filament/Schemas/Components/Component->isVisible()
#8 [internal function]: Filament/Schemas/Schema->{closure:Filament/Schemas/Schema::toEmbeddedHtml():158}(Object(Filament/Schemas/Components/Actions))
#9 D:/Backend-game-topup/web/project/vendor/filament/schemas/src/Schema.php(157): array_map(Object(Closure), Array)
#10 D:/Backend-game-topup/web/project/vendor/filament/support/src/Components/ViewComponent.php(122): Filament/Schemas/Schema->toEmbeddedHtml()
#11 D:/Backend-game-topup/web/project/vendor/laravel/framework/src/Illuminate/Support/helpers.php(130): Filament/Support/Components/ViewComponent->toHtml()
#12 D:/Backend-game-topup/web/project/storage/framework/views/a7ed0702f4bd36b229830c7afbac0e0a.php(9): e(Object(Filament/Schemas/Schema))
#13 D:/Backend-game-topup/web/project/vendor/livewire/livewire/src/Mechanisms/ExtendBlade/ExtendedCompilerEngine.php(37): include('D://Backend-game...')
#14 D:/Backend-game-topup/web/project/vendor/livewire/livewire/src/Mechanisms/ExtendBlade/ExtendedCompilerEngine.php(38): Filament/Auth/Pages/EditProfile->{closure:Livewire/Mechanisms/ExtendBlade/ExtendedCompilerEngine::evaluatePath():35}()
#15 D:/Backend-game-topup/web/project/vendor/laravel/framework/src/Illuminate/View/Engines/CompilerEngine.php(76): Livewire/Mechanisms/ExtendBlade/ExtendedCompilerEngine->evaluatePath('D://Backend-game...', Array)
#16 D:/Backend-game-topup/web/project/vendor/livewire/livewire/src/Mechanisms/ExtendBlade/ExtendedCompilerEngine.php(16): Illuminate/View/Engines/CompilerEngine->get('D://Backend-game...', Array)
#17 D:/Backend-game-topup/web/project/vendor/laravel/framework/src/Illuminate/View/View.php(208): Livewire/Mechanisms/ExtendBlade/ExtendedCompilerEngine->get('D://Backend-game...', Array)
#18 D:/Backend-game-topup/web/project/vendor/laravel/framework/src/Illuminate/View/View.php(191): Illuminate/View/View->getContents()
#19 D:/Backend-game-topup/web/project/vendor/laravel/framework/src/Illuminate/View/View.php(160): Illuminate/View/View->renderContents()
#20 D:/Backend-game-topup/web/project/vendor/filament/support/src/Components/ViewComponent.php(125): Illuminate/View/View->render()
#21 D:/Backend-game-topup/web/project/vendor/filament/schemas/src/Components/Component.php(130): Filament/Support/Components/ViewComponent->toHtml()
#22 D:/Backend-game-topup/web/project/vendor/filament/schemas/src/Schema.php(281): Filament/Schemas/Components/Component->toHtml()
#23 D:/Backend-game-topup/web/project/vendor/filament/support/src/Components/ViewComponent.php(122): Filament/Schemas/Schema->toEmbeddedHtml()
#24 D:/Backend-game-topup/web/project/vendor/laravel/framework/src/Illuminate/Support/helpers.php(130): Filament/Support/Components/ViewComponent->toHtml()
#25 D:/Backend-game-topup/web/project/storage/framework/views/182824ba6c64b545fb9146f4f6fd4fc8.php(61): e(Object(Filament/Schemas/Schema))
#26 D:/Backend-game-topup/web/project/vendor/livewire/livewire/src/Mechanisms/ExtendBlade/ExtendedCompilerEngine.php(37): include('D://Backend-game...')
#27 D:/Backend-game-topup/web/project/vendor/livewire/livewire/src/Mechanisms/ExtendBlade/ExtendedCompilerEngine.php(38): Filament/Auth/Pages/EditProfile->{closure:Livewire/Mechanisms/ExtendBlade/ExtendedCompilerEngine::evaluatePath():35}()
#28 D:/Backend-game-topup/web/project/vendor/laravel/framework/src/Illuminate/View/Engines/CompilerEngine.php(76): Livewire/Mechanisms/ExtendBlade/ExtendedCompilerEngine->evaluatePath('D://Backend-game...', Array)
#29 D:/Backend-game-topup/web/project/vendor/livewire/livewire/src/Mechanisms/ExtendBlade/ExtendedCompilerEngine.php(16): Illuminate/View/Engines/CompilerEngine->get('D://Backend-game...', Array)
#30 D:/Backend-game-topup/web/project/vendor/laravel/framework/src/Illuminate/View/View.php(208): Livewire/Mechanisms/ExtendBlade/ExtendedCompilerEngine->get('D://Backend-game...', Array)
#31 D:/Backend-game-topup/web/project/vendor/laravel/framework/src/Illuminate/View/View.php(191): Illuminate/View/View->getContents()
#32 D:/Backend-game-topup/web/project/vendor/laravel/framework/src/Illuminate/View/View.php(160): Illuminate/View/View->renderContents()
#33 D:/Backend-game-topup/web/project/vendor/filament/support/src/Components/ViewComponent.php(125): Illuminate/View/View->render()
#34 D:/Backend-game-topup/web/project/vendor/filament/schemas/src/Components/Component.php(127): Filament/Support/Components/ViewComponent->toHtml()
#35 D:/Backend-game-topup/web/project/vendor/filament/schemas/src/Schema.php(281): Filament/Schemas/Components/Component->toHtml()
#36 D:/Backend-game-topup/web/project/vendor/filament/support/src/Components/ViewComponent.php(122): Filament/Schemas/Schema->toEmbeddedHtml()
#37 D:/Backend-game-topup/web/project/vendor/laravel/framework/src/Illuminate/Support/helpers.php(130): Filament/Support/Components/ViewComponent->toHtml()
#38 D:/Backend-game-topup/web/project/storage/framework/views/f217e03e7733d3960f7efd8298794c71.php(15): e(Object(Filament/Schemas/Schema))
#39 D:/Backend-game-topup/web/project/vendor/livewire/livewire/src/Mechanisms/ExtendBlade/ExtendedCompilerEngine.php(37): include('D://Backend-game...')
#40 D:/Backend-game-topup/web/project/vendor/livewire/livewire/src/Mechanisms/ExtendBlade/ExtendedCompilerEngine.php(38): Filament/Auth/Pages/EditProfile->{closure:Livewire/Mechanisms/ExtendBlade/ExtendedCompilerEngine::evaluatePath():35}()
#41 D:/Backend-game-topup/web/project/vendor/laravel/framework/src/Illuminate/View/Engines/CompilerEngine.php(76): Livewire/Mechanisms/ExtendBlade/ExtendedCompilerEngine->evaluatePath('D://Backend-game...', Array)
#42 D:/Backend-game-topup/web/project/vendor/livewire/livewire/src/Mechanisms/ExtendBlade/ExtendedCompilerEngine.php(16): Illuminate/View/Engines/CompilerEngine->get('D://Backend-game...', Array)
#43 D:/Backend-game-topup/web/project/vendor/laravel/framework/src/Illuminate/View/View.php(208): Livewire/Mechanisms/ExtendBlade/ExtendedCompilerEngine->get('D://Backend-game...', Array)
#44 D:/Backend-game-topup/web/project/vendor/laravel/framework/src/Illuminate/View/View.php(191): Illuminate/View/View->getContents()
#45 D:/Backend-game-topup/web/project/vendor/laravel/framework/src/Illuminate/View/View.php(160): Illuminate/View/View->renderContents()
#46 D:/Backend-game-topup/web/project/vendor/livewire/livewire/src/Mechanisms/HandleComponents/HandleComponents.php(259): Illuminate/View/View->render(Object(Closure))
#47 D:/Backend-game-topup/web/project/vendor/livewire/livewire/src/Mechanisms/HandleComponents/HandleComponents.php(303): Livewire/Mechanisms/HandleComponents/HandleComponents->{closure:Livewire/Mechanisms/HandleComponents/HandleComponents::render():251}()
#48 D:/Backend-game-topup/web/project/vendor/livewire/livewire/src/Mechanisms/HandleComponents/HandleComponents.php(251): Livewire/Mechanisms/HandleComponents/HandleComponents->trackInRenderStack(Object(Filament/Auth/Pages/EditProfile), Object(Closure))
#49 D:/Backend-game-topup/web/project/vendor/livewire/livewire/src/Mechanisms/HandleComponents/HandleComponents.php(54): Livewire/Mechanisms/HandleComponents/HandleComponents->render(Object(Filament/Auth/Pages/EditProfile), '<div></div>')
#50 D:/Backend-game-topup/web/project/vendor/livewire/livewire/src/LivewireManager.php(73): Livewire/Mechanisms/HandleComponents/HandleComponents->mount('Filament//Auth//P...', Array, NULL)
#51 D:/Backend-game-topup/web/project/vendor/livewire/livewire/src/Features/SupportPageComponents/HandlesPageComponents.php(17): Livewire/LivewireManager->mount('Filament//Auth//P...', Array)
#52 D:/Backend-game-topup/web/project/vendor/livewire/livewire/src/Features/SupportPageComponents/SupportPageComponents.php(117): Livewire/Component->{closure:Livewire/Features/SupportPageComponents/HandlesPageComponents::__invoke():14}()
#53 D:/Backend-game-topup/web/project/vendor/livewire/livewire/src/Features/SupportPageComponents/HandlesPageComponents.php(14): Livewire/Features/SupportPageComponents/SupportPageComponents::interceptTheRenderOfTheComponentAndRetreiveTheLayoutConfiguration(Object(Closure))
#54 D:/Backend-game-topup/web/project/vendor/laravel/framework/src/Illuminate/Routing/ControllerDispatcher.php(46): Livewire/Component->__invoke()
#55 D:/Backend-game-topup/web/project/vendor/laravel/framework/src/Illuminate/Routing/Route.php(265): Illuminate/Routing/ControllerDispatcher->dispatch(Object(Illuminate/Routing/Route), Object(Filament/Auth/Pages/EditProfile), '__invoke')
#56 D:/Backend-game-topup/web/project/vendor/laravel/framework/src/Illuminate/Routing/Route.php(211): Illuminate/Routing/Route->runController()
#57 D:/Backend-game-topup/web/project/vendor/laravel/framework/src/Illuminate/Routing/Router.php(822): Illuminate/Routing/Route->run()
#58 D:/Backend-game-topup/web/project/vendor/laravel/framework/src/Illuminate/Pipeline/Pipeline.php(180): Illuminate/Routing/Router->{closure:Illuminate/Routing/Router::runRouteWithinStack():821}(Object(Illuminate/Http/Request))
#59 D:/Backend-game-topup/web/project/app/Http/Middleware/CheckRole.php(22): Illuminate/Pipeline/Pipeline->{closure:Illuminate/Pipeline/Pipeline::prepareDestination():178}(Object(Illuminate/Http/Request))
#60 D:/Backend-game-topup/web/project/vendor/laravel/framework/src/Illuminate/Pipeline/Pipeline.php(219): App/Http/Middleware/CheckRole->handle(Object(Illuminate/Http/Request), Object(Closure))
#61 D:/Backend-game-topup/web/project/vendor/filament/filament/src/Http/Middleware/DispatchServingFilamentEvent.php(15): Illuminate/Pipeline/Pipeline->{closure:{closure:Illuminate/Pipeline/Pipeline::carry():194}:195}(Object(Illuminate/Http/Request))
#62 D:/Backend-game-topup/web/project/vendor/laravel/framework/src/Illuminate/Pipeline/Pipeline.php(219): Filament/Http/Middleware/DispatchServingFilamentEvent->handle(Object(Illuminate/Http/Request), Object(Closure))
#63 D:/Backend-game-topup/web/project/vendor/filament/filament/src/Http/Middleware/DisableBladeIconComponents.php(14): Illuminate/Pipeline/Pipeline->{closure:{closure:Illuminate/Pipeline/Pipeline::carry():194}:195}(Object(Illuminate/Http/Request))
#64 D:/Backend-game-topup/web/project/vendor/laravel/framework/src/Illuminate/Pipeline/Pipeline.php(219): Filament/Http/Middleware/DisableBladeIconComponents->handle(Object(Illuminate/Http/Request), Object(Closure))
#65 D:/Backend-game-topup/web/project/vendor/laravel/framework/src/Illuminate/Routing/Middleware/SubstituteBindings.php(50): Illuminate/Pipeline/Pipeline->{closure:{closure:Illuminate/Pipeline/Pipeline::carry():194}:195}(Object(Illuminate/Http/Request))
#66 D:/Backend-game-topup/web/project/vendor/laravel/framework/src/Illuminate/Pipeline/Pipeline.php(219): Illuminate/Routing/Middleware/SubstituteBindings->handle(Object(Illuminate/Http/Request), Object(Closure))
#67 D:/Backend-game-topup/web/project/vendor/laravel/framework/src/Illuminate/Foundation/Http/Middleware/VerifyCsrfToken.php(87): Illuminate/Pipeline/Pipeline->{closure:{closure:Illuminate/Pipeline/Pipeline::carry():194}:195}(Object(Illuminate/Http/Request))
#68 D:/Backend-game-topup/web/project/vendor/laravel/framework/src/Illuminate/Pipeline/Pipeline.php(219): Illuminate/Foundation/Http/Middleware/VerifyCsrfToken->handle(Object(Illuminate/Http/Request), Object(Closure))
#69 D:/Backend-game-topup/web/project/vendor/laravel/framework/src/Illuminate/Session/Middleware/AuthenticateSession.php(70): Illuminate/Pipeline/Pipeline->{closure:{closure:Illuminate/Pipeline/Pipeline::carry():194}:195}(Object(Illuminate/Http/Request))
#70 D:/Backend-game-topup/web/project/vendor/laravel/framework/src/Illuminate/Pipeline/Pipeline.php(219): Illuminate/Session/Middleware/AuthenticateSession->handle(Object(Illuminate/Http/Request), Object(Closure))
#71 D:/Backend-game-topup/web/project/vendor/laravel/framework/src/Illuminate/Auth/Middleware/Authenticate.php(63): Illuminate/Pipeline/Pipeline->{closure:{closure:Illuminate/Pipeline/Pipeline::carry():194}:195}(Object(Illuminate/Http/Request))
#72 D:/Backend-game-topup/web/project/vendor/laravel/framework/src/Illuminate/Pipeline/Pipeline.php(219): Illuminate/Auth/Middleware/Authenticate->handle(Object(Illuminate/Http/Request), Object(Closure))
#73 D:/Backend-game-topup/web/project/vendor/laravel/framework/src/Illuminate/View/Middleware/ShareErrorsFromSession.php(48): Illuminate/Pipeline/Pipeline->{closure:{closure:Illuminate/Pipeline/Pipeline::carry():194}:195}(Object(Illuminate/Http/Request))
#74 D:/Backend-game-topup/web/project/vendor/laravel/framework/src/Illuminate/Pipeline/Pipeline.php(219): Illuminate/View/Middleware/ShareErrorsFromSession->handle(Object(Illuminate/Http/Request), Object(Closure))
#75 D:/Backend-game-topup/web/project/vendor/laravel/framework/src/Illuminate/Session/Middleware/StartSession.php(120): Illuminate/Pipeline/Pipeline->{closure:{closure:Illuminate/Pipeline/Pipeline::carry():194}:195}(Object(Illuminate/Http/Request))
#76 D:/Backend-game-topup/web/project/vendor/laravel/framework/src/Illuminate/Session/Middleware/StartSession.php(63): Illuminate/Session/Middleware/StartSession->handleStatefulRequest(Object(Illuminate/Http/Request), Object(Illuminate/Session/EncryptedStore), Object(Closure))
#77 D:/Backend-game-topup/web/project/vendor/laravel/framework/src/Illuminate/Pipeline/Pipeline.php(219): Illuminate/Session/Middleware/StartSession->handle(Object(Illuminate/Http/Request), Object(Closure))
#78 D:/Backend-game-topup/web/project/vendor/laravel/framework/src/Illuminate/Cookie/Middleware/AddQueuedCookiesToResponse.php(36): Illuminate/Pipeline/Pipeline->{closure:{closure:Illuminate/Pipeline/Pipeline::carry():194}:195}(Object(Illuminate/Http/Request))
#79 D:/Backend-game-topup/web/project/vendor/laravel/framework/src/Illuminate/Pipeline/Pipeline.php(219): Illuminate/Cookie/Middleware/AddQueuedCookiesToResponse->handle(Object(Illuminate/Http/Request), Object(Closure))
#80 D:/Backend-game-topup/web/project/vendor/laravel/framework/src/Illuminate/Cookie/Middleware/EncryptCookies.php(74): Illuminate/Pipeline/Pipeline->{closure:{closure:Illuminate/Pipeline/Pipeline::carry():194}:195}(Object(Illuminate/Http/Request))
#81 D:/Backend-game-topup/web/project/vendor/laravel/framework/src/Illuminate/Pipeline/Pipeline.php(219): Illuminate/Cookie/Middleware/EncryptCookies->handle(Object(Illuminate/Http/Request), Object(Closure))
#82 D:/Backend-game-topup/web/project/vendor/filament/filament/src/Http/Middleware/SetUpPanel.php(19): Illuminate/Pipeline/Pipeline->{closure:{closure:Illuminate/Pipeline/Pipeline::carry():194}:195}(Object(Illuminate/Http/Request))
#83 D:/Backend-game-topup/web/project/vendor/laravel/framework/src/Illuminate/Pipeline/Pipeline.php(219): Filament/Http/Middleware/SetUpPanel->handle(Object(Illuminate/Http/Request), Object(Closure), Object(Filament/Panel))
#84 D:/Backend-game-topup/web/project/vendor/laravel/framework/src/Illuminate/Pipeline/Pipeline.php(137): Illuminate/Pipeline/Pipeline->{closure:{closure:Illuminate/Pipeline/Pipeline::carry():194}:195}(Object(Illuminate/Http/Request))
#85 D:/Backend-game-topup/web/project/vendor/laravel/framework/src/Illuminate/Routing/Router.php(821): Illuminate/Pipeline/Pipeline->then(Object(Closure))
#86 D:/Backend-game-topup/web/project/vendor/laravel/framework/src/Illuminate/Routing/Router.php(800): Illuminate/Routing/Router->runRouteWithinStack(Object(Illuminate/Routing/Route), Object(Illuminate/Http/Request))
#87 D:/Backend-game-topup/web/project/vendor/laravel/framework/src/Illuminate/Routing/Router.php(764): Illuminate/Routing/Router->runRoute(Object(Illuminate/Http/Request), Object(Illuminate/Routing/Route))
#88 D:/Backend-game-topup/web/project/vendor/laravel/framework/src/Illuminate/Routing/Router.php(753): Illuminate/Routing/Router->dispatchToRoute(Object(Illuminate/Http/Request))
#89 D:/Backend-game-topup/web/project/vendor/laravel/framework/src/Illuminate/Foundation/Http/Kernel.php(200): Illuminate/Routing/Router->dispatch(Object(Illuminate/Http/Request))
#90 D:/Backend-game-topup/web/project/vendor/laravel/framework/src/Illuminate/Pipeline/Pipeline.php(180): Illuminate/Foundation/Http/Kernel->{closure:Illuminate/Foundation/Http/Kernel::dispatchToRouter():197}(Object(Illuminate/Http/Request))
#91 D:/Backend-game-topup/web/project/vendor/livewire/livewire/src/Features/SupportDisablingBackButtonCache/DisableBackButtonCacheMiddleware.php(19): Illuminate/Pipeline/Pipeline->{closure:Illuminate/Pipeline/Pipeline::prepareDestination():178}(Object(Illuminate/Http/Request))
#92 D:/Backend-game-topup/web/project/vendor/laravel/framework/src/Illuminate/Pipeline/Pipeline.php(219): Livewire/Features/SupportDisablingBackButtonCache/DisableBackButtonCacheMiddleware->handle(Object(Illuminate/Http/Request), Object(Closure))
#93 D:/Backend-game-topup/web/project/vendor/laravel/framework/src/Illuminate/Foundation/Http/Middleware/TransformsRequest.php(21): Illuminate/Pipeline/Pipeline->{closure:{closure:Illuminate/Pipeline/Pipeline::carry():194}:195}(Object(Illuminate/Http/Request))
#94 D:/Backend-game-topup/web/project/vendor/laravel/framework/src/Illuminate/Foundation/Http/Middleware/ConvertEmptyStringsToNull.php(31): Illuminate/Foundation/Http/Middleware/TransformsRequest->handle(Object(Illuminate/Http/Request), Object(Closure))
#95 D:/Backend-game-topup/web/project/vendor/laravel/framework/src/Illuminate/Pipeline/Pipeline.php(219): Illuminate/Foundation/Http/Middleware/ConvertEmptyStringsToNull->handle(Object(Illuminate/Http/Request), Object(Closure))
#96 D:/Backend-game-topup/web/project/vendor/laravel/framework/src/Illuminate/Foundation/Http/Middleware/TransformsRequest.php(21): Illuminate/Pipeline/Pipeline->{closure:{closure:Illuminate/Pipeline/Pipeline::carry():194}:195}(Object(Illuminate/Http/Request))
#97 D:/Backend-game-topup/web/project/vendor/laravel/framework/src/Illuminate/Foundation/Http/Middleware/TrimStrings.php(51): Illuminate/Foundation/Http/Middleware/TransformsRequest->handle(Object(Illuminate/Http/Request), Object(Closure))
#98 D:/Backend-game-topup/web/project/vendor/laravel/framework/src/Illuminate/Pipeline/Pipeline.php(219): Illuminate/Foundation/Http/Middleware/TrimStrings->handle(Object(Illuminate/Http/Request), Object(Closure))
#99 D:/Backend-game-topup/web/project/vendor/laravel/framework/src/Illuminate/Http/Middleware/ValidatePostSize.php(27): Illuminate/Pipeline/Pipeline->{closure:{closure:Illuminate/Pipeline/Pipeline::carry():194}:195}(Object(Illuminate/Http/Request))
#100 D:/Backend-game-topup/web/project/vendor/laravel/framework/src/Illuminate/Pipeline/Pipeline.php(219): Illuminate/Http/Middleware/ValidatePostSize->handle(Object(Illuminate/Http/Request), Object(Closure))
#101 D:/Backend-game-topup/web/project/vendor/laravel/framework/src/Illuminate/Foundation/Http/Middleware/PreventRequestsDuringMaintenance.php(109): Illuminate/Pipeline/Pipeline->{closure:{closure:Illuminate/Pipeline/Pipeline::carry():194}:195}(Object(Illuminate/Http/Request))
#102 D:/Backend-game-topup/web/project/vendor/laravel/framework/src/Illuminate/Pipeline/Pipeline.php(219): Illuminate/Foundation/Http/Middleware/PreventRequestsDuringMaintenance->handle(Object(Illuminate/Http/Request), Object(Closure))
#103 D:/Backend-game-topup/web/project/vendor/laravel/framework/src/Illuminate/Http/Middleware/HandleCors.php(61): Illuminate/Pipeline/Pipeline->{closure:{closure:Illuminate/Pipeline/Pipeline::carry():194}:195}(Object(Illuminate/Http/Request))
#104 D:/Backend-game-topup/web/project/vendor/laravel/framework/src/Illuminate/Pipeline/Pipeline.php(219): Illuminate/Http/Middleware/HandleCors->handle(Object(Illuminate/Http/Request), Object(Closure))
#105 D:/Backend-game-topup/web/project/vendor/laravel/framework/src/Illuminate/Http/Middleware/TrustProxies.php(58): Illuminate/Pipeline/Pipeline->{closure:{closure:Illuminate/Pipeline/Pipeline::carry():194}:195}(Object(Illuminate/Http/Request))
#106 D:/Backend-game-topup/web/project/vendor/laravel/framework/src/Illuminate/Pipeline/Pipeline.php(219): Illuminate/Http/Middleware/TrustProxies->handle(Object(Illuminate/Http/Request), Object(Closure))
#107 D:/Backend-game-topup/web/project/vendor/laravel/framework/src/Illuminate/Http/Middleware/TrustHosts.php(78): Illuminate/Pipeline/Pipeline->{closure:{closure:Illuminate/Pipeline/Pipeline::carry():194}:195}(Object(Illuminate/Http/Request))
#108 D:/Backend-game-topup/web/project/vendor/laravel/framework/src/Illuminate/Pipeline/Pipeline.php(219): Illuminate/Http/Middleware/TrustHosts->handle(Object(Illuminate/Http/Request), Object(Closure))
#109 D:/Backend-game-topup/web/project/vendor/laravel/framework/src/Illuminate/Pipeline/Pipeline.php(137): Illuminate/Pipeline/Pipeline->{closure:{closure:Illuminate/Pipeline/Pipeline::carry():194}:195}(Object(Illuminate/Http/Request))
#110 D:/Backend-game-topup/web/project/vendor/laravel/framework/src/Illuminate/Foundation/Http/Kernel.php(175): Illuminate/Pipeline/Pipeline->then(Object(Closure))
#111 D:/Backend-game-topup/web/project/vendor/laravel/framework/src/Illuminate/Foundation/Http/Kernel.php(144): Illuminate/Foundation/Http/Kernel->sendRequestThroughRouter(Object(Illuminate/Http/Request))
#112 D:/Backend-game-topup/web/project/public/index.php(51): Illuminate/Foundation/Http/Kernel->handle(Object(Illuminate/Http/Request))
#113 D:/Backend-game-topup/web/project/server.php(21): require_once('D://Backend-game...')
#114 {main}
"} 
[2026-02-02 23:24:11] local.ERROR: The user model must implement the [Filament\Auth\MultiFactor\App\Contracts\HasAppAuthentication] interface to use app authentication. (View: D:\Backend-game-topup\web\project\vendor\filament\schemas\resources\views\components\grid.blade.php) (View: D:\Backend-game-topup\web\project\vendor\filament\schemas\resources\views\components\grid.blade.php) (View: D:\Backend-game-topup\web\project\vendor\filament\schemas\resources\views\components\grid.blade.php) {"userId":350,"exception":"[object] (Illuminate\\View\\ViewException(code: 0): The user model must implement the [Filament\\Auth\\MultiFactor\\App\\Contracts\\HasAppAuthentication] interface to use app authentication. (View: D:\\Backend-game-topup\\web\\project\\vendor\\filament\\schemas\\resources\\views\\components\\grid.blade.php) (View: D:\\Backend-game-topup\\web\\project\\vendor\\filament\\schemas\\resources\\views\\components\\grid.blade.php) (View: D:\\Backend-game-topup\\web\\project\\vendor\\filament\\schemas\\resources\\views\\components\\grid.blade.php) at D:/Backend-game-topup/web/project/vendor/filament/filament/src/Auth/MultiFactor/App/AppAuthentication.php:66)
[stacktrace]
#0 D:/Backend-game-topup/web/project/vendor/livewire/livewire/src/Mechanisms/ExtendBlade/ExtendedCompilerEngine.php(58): Illuminate/View/Engines/CompilerEngine->handleViewException(Object(Illuminate/View/ViewException), 1)
#1 D:/Backend-game-topup/web/project/vendor/livewire/livewire/src/Mechanisms/ExtendBlade/ExtendedCompilerEngine.php(40): Livewire/Mechanisms/ExtendBlade/ExtendedCompilerEngine->handleViewException(Object(Illuminate/View/ViewException), 1)
#2 D:/Backend-game-topup/web/project/vendor/laravel/framework/src/Illuminate/View/Engines/CompilerEngine.php(76): Livewire/Mechanisms/ExtendBlade/ExtendedCompilerEngine->evaluatePath('D://Backend-game...', Array)
#3 D:/Backend-game-topup/web/project/vendor/livewire/livewire/src/Mechanisms/ExtendBlade/ExtendedCompilerEngine.php(16): Illuminate/View/Engines/CompilerEngine->get('D://Backend-game...', Array)
#4 D:/Backend-game-topup/web/project/vendor/laravel/framework/src/Illuminate/View/View.php(208): Livewire/Mechanisms/ExtendBlade/ExtendedCompilerEngine->get('D://Backend-game...', Array)
#5 D:/Backend-game-topup/web/project/vendor/laravel/framework/src/Illuminate/View/View.php(191): Illuminate/View/View->getContents()
#6 D:/Backend-game-topup/web/project/vendor/laravel/framework/src/Illuminate/View/View.php(160): Illuminate/View/View->renderContents()
#7 D:/Backend-game-topup/web/project/vendor/livewire/livewire/src/Mechanisms/HandleComponents/HandleComponents.php(259): Illuminate/View/View->render(Object(Closure))
#8 D:/Backend-game-topup/web/project/vendor/livewire/livewire/src/Mechanisms/HandleComponents/HandleComponents.php(303): Livewire/Mechanisms/HandleComponents/HandleComponents->{closure:Livewire/Mechanisms/HandleComponents/HandleComponents::render():251}()
#9 D:/Backend-game-topup/web/project/vendor/livewire/livewire/src/Mechanisms/HandleComponents/HandleComponents.php(251): Livewire/Mechanisms/HandleComponents/HandleComponents->trackInRenderStack(Object(Filament/Auth/Pages/EditProfile), Object(Closure))
#10 D:/Backend-game-topup/web/project/vendor/livewire/livewire/src/Mechanisms/HandleComponents/HandleComponents.php(54): Livewire/Mechanisms/HandleComponents/HandleComponents->render(Object(Filament/Auth/Pages/EditProfile), '<div></div>')
#11 D:/Backend-game-topup/web/project/vendor/livewire/livewire/src/LivewireManager.php(73): Livewire/Mechanisms/HandleComponents/HandleComponents->mount('Filament//Auth//P...', Array, NULL)
#12 D:/Backend-game-topup/web/project/vendor/livewire/livewire/src/Features/SupportPageComponents/HandlesPageComponents.php(17): Livewire/LivewireManager->mount('Filament//Auth//P...', Array)
#13 D:/Backend-game-topup/web/project/vendor/livewire/livewire/src/Features/SupportPageComponents/SupportPageComponents.php(117): Livewire/Component->{closure:Livewire/Features/SupportPageComponents/HandlesPageComponents::__invoke():14}()
#14 D:/Backend-game-topup/web/project/vendor/livewire/livewire/src/Features/SupportPageComponents/HandlesPageComponents.php(14): Livewire/Features/SupportPageComponents/SupportPageComponents::interceptTheRenderOfTheComponentAndRetreiveTheLayoutConfiguration(Object(Closure))
#15 D:/Backend-game-topup/web/project/vendor/laravel/framework/src/Illuminate/Routing/ControllerDispatcher.php(46): Livewire/Component->__invoke()
#16 D:/Backend-game-topup/web/project/vendor/laravel/framework/src/Illuminate/Routing/Route.php(265): Illuminate/Routing/ControllerDispatcher->dispatch(Object(Illuminate/Routing/Route), Object(Filament/Auth/Pages/EditProfile), '__invoke')
#17 D:/Backend-game-topup/web/project/vendor/laravel/framework/src/Illuminate/Routing/Route.php(211): Illuminate/Routing/Route->runController()
#18 D:/Backend-game-topup/web/project/vendor/laravel/framework/src/Illuminate/Routing/Router.php(822): Illuminate/Routing/Route->run()
#19 D:/Backend-game-topup/web/project/vendor/laravel/framework/src/Illuminate/Pipeline/Pipeline.php(180): Illuminate/Routing/Router->{closure:Illuminate/Routing/Router::runRouteWithinStack():821}(Object(Illuminate/Http/Request))
#20 D:/Backend-game-topup/web/project/app/Http/Middleware/CheckRole.php(22): Illuminate/Pipeline/Pipeline->{closure:Illuminate/Pipeline/Pipeline::prepareDestination():178}(Object(Illuminate/Http/Request))
#21 D:/Backend-game-topup/web/project/vendor/laravel/framework/src/Illuminate/Pipeline/Pipeline.php(219): App/Http/Middleware/CheckRole->handle(Object(Illuminate/Http/Request), Object(Closure))
#22 D:/Backend-game-topup/web/project/vendor/filament/filament/src/Http/Middleware/DispatchServingFilamentEvent.php(15): Illuminate/Pipeline/Pipeline->{closure:{closure:Illuminate/Pipeline/Pipeline::carry():194}:195}(Object(Illuminate/Http/Request))
#23 D:/Backend-game-topup/web/project/vendor/laravel/framework/src/Illuminate/Pipeline/Pipeline.php(219): Filament/Http/Middleware/DispatchServingFilamentEvent->handle(Object(Illuminate/Http/Request), Object(Closure))
#24 D:/Backend-game-topup/web/project/vendor/filament/filament/src/Http/Middleware/DisableBladeIconComponents.php(14): Illuminate/Pipeline/Pipeline->{closure:{closure:Illuminate/Pipeline/Pipeline::carry():194}:195}(Object(Illuminate/Http/Request))
#25 D:/Backend-game-topup/web/project/vendor/laravel/framework/src/Illuminate/Pipeline/Pipeline.php(219): Filament/Http/Middleware/DisableBladeIconComponents->handle(Object(Illuminate/Http/Request), Object(Closure))
#26 D:/Backend-game-topup/web/project/vendor/laravel/framework/src/Illuminate/Routing/Middleware/SubstituteBindings.php(50): Illuminate/Pipeline/Pipeline->{closure:{closure:Illuminate/Pipeline/Pipeline::carry():194}:195}(Object(Illuminate/Http/Request))
#27 D:/Backend-game-topup/web/project/vendor/laravel/framework/src/Illuminate/Pipeline/Pipeline.php(219): Illuminate/Routing/Middleware/SubstituteBindings->handle(Object(Illuminate/Http/Request), Object(Closure))
#28 D:/Backend-game-topup/web/project/vendor/laravel/framework/src/Illuminate/Foundation/Http/Middleware/VerifyCsrfToken.php(87): Illuminate/Pipeline/Pipeline->{closure:{closure:Illuminate/Pipeline/Pipeline::carry():194}:195}(Object(Illuminate/Http/Request))
#29 D:/Backend-game-topup/web/project/vendor/laravel/framework/src/Illuminate/Pipeline/Pipeline.php(219): Illuminate/Foundation/Http/Middleware/VerifyCsrfToken->handle(Object(Illuminate/Http/Request), Object(Closure))
#30 D:/Backend-game-topup/web/project/vendor/laravel/framework/src/Illuminate/Session/Middleware/AuthenticateSession.php(70): Illuminate/Pipeline/Pipeline->{closure:{closure:Illuminate/Pipeline/Pipeline::carry():194}:195}(Object(Illuminate/Http/Request))
#31 D:/Backend-game-topup/web/project/vendor/laravel/framework/src/Illuminate/Pipeline/Pipeline.php(219): Illuminate/Session/Middleware/AuthenticateSession->handle(Object(Illuminate/Http/Request), Object(Closure))
#32 D:/Backend-game-topup/web/project/vendor/laravel/framework/src/Illuminate/Auth/Middleware/Authenticate.php(63): Illuminate/Pipeline/Pipeline->{closure:{closure:Illuminate/Pipeline/Pipeline::carry():194}:195}(Object(Illuminate/Http/Request))
#33 D:/Backend-game-topup/web/project/vendor/laravel/framework/src/Illuminate/Pipeline/Pipeline.php(219): Illuminate/Auth/Middleware/Authenticate->handle(Object(Illuminate/Http/Request), Object(Closure))
#34 D:/Backend-game-topup/web/project/vendor/laravel/framework/src/Illuminate/View/Middleware/ShareErrorsFromSession.php(48): Illuminate/Pipeline/Pipeline->{closure:{closure:Illuminate/Pipeline/Pipeline::carry():194}:195}(Object(Illuminate/Http/Request))
#35 D:/Backend-game-topup/web/project/vendor/laravel/framework/src/Illuminate/Pipeline/Pipeline.php(219): Illuminate/View/Middleware/ShareErrorsFromSession->handle(Object(Illuminate/Http/Request), Object(Closure))
#36 D:/Backend-game-topup/web/project/vendor/laravel/framework/src/Illuminate/Session/Middleware/StartSession.php(120): Illuminate/Pipeline/Pipeline->{closure:{closure:Illuminate/Pipeline/Pipeline::carry():194}:195}(Object(Illuminate/Http/Request))
#37 D:/Backend-game-topup/web/project/vendor/laravel/framework/src/Illuminate/Session/Middleware/StartSession.php(63): Illuminate/Session/Middleware/StartSession->handleStatefulRequest(Object(Illuminate/Http/Request), Object(Illuminate/Session/EncryptedStore), Object(Closure))
#38 D:/Backend-game-topup/web/project/vendor/laravel/framework/src/Illuminate/Pipeline/Pipeline.php(219): Illuminate/Session/Middleware/StartSession->handle(Object(Illuminate/Http/Request), Object(Closure))
#39 D:/Backend-game-topup/web/project/vendor/laravel/framework/src/Illuminate/Cookie/Middleware/AddQueuedCookiesToResponse.php(36): Illuminate/Pipeline/Pipeline->{closure:{closure:Illuminate/Pipeline/Pipeline::carry():194}:195}(Object(Illuminate/Http/Request))
#40 D:/Backend-game-topup/web/project/vendor/laravel/framework/src/Illuminate/Pipeline/Pipeline.php(219): Illuminate/Cookie/Middleware/AddQueuedCookiesToResponse->handle(Object(Illuminate/Http/Request), Object(Closure))
#41 D:/Backend-game-topup/web/project/vendor/laravel/framework/src/Illuminate/Cookie/Middleware/EncryptCookies.php(74): Illuminate/Pipeline/Pipeline->{closure:{closure:Illuminate/Pipeline/Pipeline::carry():194}:195}(Object(Illuminate/Http/Request))
#42 D:/Backend-game-topup/web/project/vendor/laravel/framework/src/Illuminate/Pipeline/Pipeline.php(219): Illuminate/Cookie/Middleware/EncryptCookies->handle(Object(Illuminate/Http/Request), Object(Closure))
#43 D:/Backend-game-topup/web/project/vendor/filament/filament/src/Http/Middleware/SetUpPanel.php(19): Illuminate/Pipeline/Pipeline->{closure:{closure:Illuminate/Pipeline/Pipeline::carry():194}:195}(Object(Illuminate/Http/Request))
#44 D:/Backend-game-topup/web/project/vendor/laravel/framework/src/Illuminate/Pipeline/Pipeline.php(219): Filament/Http/Middleware/SetUpPanel->handle(Object(Illuminate/Http/Request), Object(Closure), Object(Filament/Panel))
#45 D:/Backend-game-topup/web/project/vendor/laravel/framework/src/Illuminate/Pipeline/Pipeline.php(137): Illuminate/Pipeline/Pipeline->{closure:{closure:Illuminate/Pipeline/Pipeline::carry():194}:195}(Object(Illuminate/Http/Request))
#46 D:/Backend-game-topup/web/project/vendor/laravel/framework/src/Illuminate/Routing/Router.php(821): Illuminate/Pipeline/Pipeline->then(Object(Closure))
#47 D:/Backend-game-topup/web/project/vendor/laravel/framework/src/Illuminate/Routing/Router.php(800): Illuminate/Routing/Router->runRouteWithinStack(Object(Illuminate/Routing/Route), Object(Illuminate/Http/Request))
#48 D:/Backend-game-topup/web/project/vendor/laravel/framework/src/Illuminate/Routing/Router.php(764): Illuminate/Routing/Router->runRoute(Object(Illuminate/Http/Request), Object(Illuminate/Routing/Route))
#49 D:/Backend-game-topup/web/project/vendor/laravel/framework/src/Illuminate/Routing/Router.php(753): Illuminate/Routing/Router->dispatchToRoute(Object(Illuminate/Http/Request))
#50 D:/Backend-game-topup/web/project/vendor/laravel/framework/src/Illuminate/Foundation/Http/Kernel.php(200): Illuminate/Routing/Router->dispatch(Object(Illuminate/Http/Request))
#51 D:/Backend-game-topup/web/project/vendor/laravel/framework/src/Illuminate/Pipeline/Pipeline.php(180): Illuminate/Foundation/Http/Kernel->{closure:Illuminate/Foundation/Http/Kernel::dispatchToRouter():197}(Object(Illuminate/Http/Request))
#52 D:/Backend-game-topup/web/project/vendor/livewire/livewire/src/Features/SupportDisablingBackButtonCache/DisableBackButtonCacheMiddleware.php(19): Illuminate/Pipeline/Pipeline->{closure:Illuminate/Pipeline/Pipeline::prepareDestination():178}(Object(Illuminate/Http/Request))
#53 D:/Backend-game-topup/web/project/vendor/laravel/framework/src/Illuminate/Pipeline/Pipeline.php(219): Livewire/Features/SupportDisablingBackButtonCache/DisableBackButtonCacheMiddleware->handle(Object(Illuminate/Http/Request), Object(Closure))
#54 D:/Backend-game-topup/web/project/vendor/laravel/framework/src/Illuminate/Foundation/Http/Middleware/TransformsRequest.php(21): Illuminate/Pipeline/Pipeline->{closure:{closure:Illuminate/Pipeline/Pipeline::carry():194}:195}(Object(Illuminate/Http/Request))
#55 D:/Backend-game-topup/web/project/vendor/laravel/framework/src/Illuminate/Foundation/Http/Middleware/ConvertEmptyStringsToNull.php(31): Illuminate/Foundation/Http/Middleware/TransformsRequest->handle(Object(Illuminate/Http/Request), Object(Closure))
#56 D:/Backend-game-topup/web/project/vendor/laravel/framework/src/Illuminate/Pipeline/Pipeline.php(219): Illuminate/Foundation/Http/Middleware/ConvertEmptyStringsToNull->handle(Object(Illuminate/Http/Request), Object(Closure))
#57 D:/Backend-game-topup/web/project/vendor/laravel/framework/src/Illuminate/Foundation/Http/Middleware/TransformsRequest.php(21): Illuminate/Pipeline/Pipeline->{closure:{closure:Illuminate/Pipeline/Pipeline::carry():194}:195}(Object(Illuminate/Http/Request))
#58 D:/Backend-game-topup/web/project/vendor/laravel/framework/src/Illuminate/Foundation/Http/Middleware/TrimStrings.php(51): Illuminate/Foundation/Http/Middleware/TransformsRequest->handle(Object(Illuminate/Http/Request), Object(Closure))
#59 D:/Backend-game-topup/web/project/vendor/laravel/framework/src/Illuminate/Pipeline/Pipeline.php(219): Illuminate/Foundation/Http/Middleware/TrimStrings->handle(Object(Illuminate/Http/Request), Object(Closure))
#60 D:/Backend-game-topup/web/project/vendor/laravel/framework/src/Illuminate/Http/Middleware/ValidatePostSize.php(27): Illuminate/Pipeline/Pipeline->{closure:{closure:Illuminate/Pipeline/Pipeline::carry():194}:195}(Object(Illuminate/Http/Request))
#61 D:/Backend-game-topup/web/project/vendor/laravel/framework/src/Illuminate/Pipeline/Pipeline.php(219): Illuminate/Http/Middleware/ValidatePostSize->handle(Object(Illuminate/Http/Request), Object(Closure))
#62 D:/Backend-game-topup/web/project/vendor/laravel/framework/src/Illuminate/Foundation/Http/Middleware/PreventRequestsDuringMaintenance.php(109): Illuminate/Pipeline/Pipeline->{closure:{closure:Illuminate/Pipeline/Pipeline::carry():194}:195}(Object(Illuminate/Http/Request))
#63 D:/Backend-game-topup/web/project/vendor/laravel/framework/src/Illuminate/Pipeline/Pipeline.php(219): Illuminate/Foundation/Http/Middleware/PreventRequestsDuringMaintenance->handle(Object(Illuminate/Http/Request), Object(Closure))
#64 D:/Backend-game-topup/web/project/vendor/laravel/framework/src/Illuminate/Http/Middleware/HandleCors.php(61): Illuminate/Pipeline/Pipeline->{closure:{closure:Illuminate/Pipeline/Pipeline::carry():194}:195}(Object(Illuminate/Http/Request))
#65 D:/Backend-game-topup/web/project/vendor/laravel/framework/src/Illuminate/Pipeline/Pipeline.php(219): Illuminate/Http/Middleware/HandleCors->handle(Object(Illuminate/Http/Request), Object(Closure))
#66 D:/Backend-game-topup/web/project/vendor/laravel/framework/src/Illuminate/Http/Middleware/TrustProxies.php(58): Illuminate/Pipeline/Pipeline->{closure:{closure:Illuminate/Pipeline/Pipeline::carry():194}:195}(Object(Illuminate/Http/Request))
#67 D:/Backend-game-topup/web/project/vendor/laravel/framework/src/Illuminate/Pipeline/Pipeline.php(219): Illuminate/Http/Middleware/TrustProxies->handle(Object(Illuminate/Http/Request), Object(Closure))
#68 D:/Backend-game-topup/web/project/vendor/laravel/framework/src/Illuminate/Http/Middleware/TrustHosts.php(78): Illuminate/Pipeline/Pipeline->{closure:{closure:Illuminate/Pipeline/Pipeline::carry():194}:195}(Object(Illuminate/Http/Request))
#69 D:/Backend-game-topup/web/project/vendor/laravel/framework/src/Illuminate/Pipeline/Pipeline.php(219): Illuminate/Http/Middleware/TrustHosts->handle(Object(Illuminate/Http/Request), Object(Closure))
#70 D:/Backend-game-topup/web/project/vendor/laravel/framework/src/Illuminate/Pipeline/Pipeline.php(137): Illuminate/Pipeline/Pipeline->{closure:{closure:Illuminate/Pipeline/Pipeline::carry():194}:195}(Object(Illuminate/Http/Request))
#71 D:/Backend-game-topup/web/project/vendor/laravel/framework/src/Illuminate/Foundation/Http/Kernel.php(175): Illuminate/Pipeline/Pipeline->then(Object(Closure))
#72 D:/Backend-game-topup/web/project/vendor/laravel/framework/src/Illuminate/Foundation/Http/Kernel.php(144): Illuminate/Foundation/Http/Kernel->sendRequestThroughRouter(Object(Illuminate/Http/Request))
#73 D:/Backend-game-topup/web/project/public/index.php(51): Illuminate/Foundation/Http/Kernel->handle(Object(Illuminate/Http/Request))
#74 D:/Backend-game-topup/web/project/server.php(21): require_once('D://Backend-game...')
#75 {main}

[previous exception] [object] (Illuminate\\View\\ViewException(code: 0): The user model must implement the [Filament\\Auth\\MultiFactor\\App\\Contracts\\HasAppAuthentication] interface to use app authentication. (View: D:\\Backend-game-topup\\web\\project\\vendor\\filament\\schemas\\resources\\views\\components\\grid.blade.php) (View: D:\\Backend-game-topup\\web\\project\\vendor\\filament\\schemas\\resources\\views\\components\\grid.blade.php) at D:/Backend-game-topup/web/project/vendor/filament/filament/src/Auth/MultiFactor/App/AppAuthentication.php:66)
[stacktrace]
#0 D:/Backend-game-topup/web/project/vendor/livewire/livewire/src/Mechanisms/ExtendBlade/ExtendedCompilerEngine.php(58): Illuminate/View/Engines/CompilerEngine->handleViewException(Object(Illuminate/View/ViewException), 4)
#1 D:/Backend-game-topup/web/project/vendor/livewire/livewire/src/Mechanisms/ExtendBlade/ExtendedCompilerEngine.php(40): Livewire/Mechanisms/ExtendBlade/ExtendedCompilerEngine->handleViewException(Object(Illuminate/View/ViewException), 4)
#2 D:/Backend-game-topup/web/project/vendor/laravel/framework/src/Illuminate/View/Engines/CompilerEngine.php(76): Livewire/Mechanisms/ExtendBlade/ExtendedCompilerEngine->evaluatePath('D://Backend-game...', Array)
#3 D:/Backend-game-topup/web/project/vendor/livewire/livewire/src/Mechanisms/ExtendBlade/ExtendedCompilerEngine.php(16): Illuminate/View/Engines/CompilerEngine->get('D://Backend-game...', Array)
#4 D:/Backend-game-topup/web/project/vendor/laravel/framework/src/Illuminate/View/View.php(208): Livewire/Mechanisms/ExtendBlade/ExtendedCompilerEngine->get('D://Backend-game...', Array)
#5 D:/Backend-game-topup/web/project/vendor/laravel/framework/src/Illuminate/View/View.php(191): Illuminate/View/View->getContents()
#6 D:/Backend-game-topup/web/project/vendor/laravel/framework/src/Illuminate/View/View.php(160): Illuminate/View/View->renderContents()
#7 D:/Backend-game-topup/web/project/vendor/filament/support/src/Components/ViewComponent.php(125): Illuminate/View/View->render()
#8 D:/Backend-game-topup/web/project/vendor/filament/schemas/src/Components/Component.php(127): Filament/Support/Components/ViewComponent->toHtml()
#9 D:/Backend-game-topup/web/project/vendor/filament/schemas/src/Schema.php(281): Filament/Schemas/Components/Component->toHtml()
#10 D:/Backend-game-topup/web/project/vendor/filament/support/src/Components/ViewComponent.php(122): Filament/Schemas/Schema->toEmbeddedHtml()
#11 D:/Backend-game-topup/web/project/vendor/laravel/framework/src/Illuminate/Support/helpers.php(130): Filament/Support/Components/ViewComponent->toHtml()
#12 D:/Backend-game-topup/web/project/storage/framework/views/f217e03e7733d3960f7efd8298794c71.php(15): e(Object(Filament/Schemas/Schema))
#13 D:/Backend-game-topup/web/project/vendor/livewire/livewire/src/Mechanisms/ExtendBlade/ExtendedCompilerEngine.php(37): include('D://Backend-game...')
#14 D:/Backend-game-topup/web/project/vendor/livewire/livewire/src/Mechanisms/ExtendBlade/ExtendedCompilerEngine.php(38): Filament/Auth/Pages/EditProfile->{closure:Livewire/Mechanisms/ExtendBlade/ExtendedCompilerEngine::evaluatePath():35}()
#15 D:/Backend-game-topup/web/project/vendor/laravel/framework/src/Illuminate/View/Engines/CompilerEngine.php(76): Livewire/Mechanisms/ExtendBlade/ExtendedCompilerEngine->evaluatePath('D://Backend-game...', Array)
#16 D:/Backend-game-topup/web/project/vendor/livewire/livewire/src/Mechanisms/ExtendBlade/ExtendedCompilerEngine.php(16): Illuminate/View/Engines/CompilerEngine->get('D://Backend-game...', Array)
#17 D:/Backend-game-topup/web/project/vendor/laravel/framework/src/Illuminate/View/View.php(208): Livewire/Mechanisms/ExtendBlade/ExtendedCompilerEngine->get('D://Backend-game...', Array)
#18 D:/Backend-game-topup/web/project/vendor/laravel/framework/src/Illuminate/View/View.php(191): Illuminate/View/View->getContents()
#19 D:/Backend-game-topup/web/project/vendor/laravel/framework/src/Illuminate/View/View.php(160): Illuminate/View/View->renderContents()
#20 D:/Backend-game-topup/web/project/vendor/livewire/livewire/src/Mechanisms/HandleComponents/HandleComponents.php(259): Illuminate/View/View->render(Object(Closure))
#21 D:/Backend-game-topup/web/project/vendor/livewire/livewire/src/Mechanisms/HandleComponents/HandleComponents.php(303): Livewire/Mechanisms/HandleComponents/HandleComponents->{closure:Livewire/Mechanisms/HandleComponents/HandleComponents::render():251}()
#22 D:/Backend-game-topup/web/project/vendor/livewire/livewire/src/Mechanisms/HandleComponents/HandleComponents.php(251): Livewire/Mechanisms/HandleComponents/HandleComponents->trackInRenderStack(Object(Filament/Auth/Pages/EditProfile), Object(Closure))
#23 D:/Backend-game-topup/web/project/vendor/livewire/livewire/src/Mechanisms/HandleComponents/HandleComponents.php(54): Livewire/Mechanisms/HandleComponents/HandleComponents->render(Object(Filament/Auth/Pages/EditProfile), '<div></div>')
#24 D:/Backend-game-topup/web/project/vendor/livewire/livewire/src/LivewireManager.php(73): Livewire/Mechanisms/HandleComponents/HandleComponents->mount('Filament//Auth//P...', Array, NULL)
#25 D:/Backend-game-topup/web/project/vendor/livewire/livewire/src/Features/SupportPageComponents/HandlesPageComponents.php(17): Livewire/LivewireManager->mount('Filament//Auth//P...', Array)
#26 D:/Backend-game-topup/web/project/vendor/livewire/livewire/src/Features/SupportPageComponents/SupportPageComponents.php(117): Livewire/Component->{closure:Livewire/Features/SupportPageComponents/HandlesPageComponents::__invoke():14}()
#27 D:/Backend-game-topup/web/project/vendor/livewire/livewire/src/Features/SupportPageComponents/HandlesPageComponents.php(14): Livewire/Features/SupportPageComponents/SupportPageComponents::interceptTheRenderOfTheComponentAndRetreiveTheLayoutConfiguration(Object(Closure))
#28 D:/Backend-game-topup/web/project/vendor/laravel/framework/src/Illuminate/Routing/ControllerDispatcher.php(46): Livewire/Component->__invoke()
#29 D:/Backend-game-topup/web/project/vendor/laravel/framework/src/Illuminate/Routing/Route.php(265): Illuminate/Routing/ControllerDispatcher->dispatch(Object(Illuminate/Routing/Route), Object(Filament/Auth/Pages/EditProfile), '__invoke')
#30 D:/Backend-game-topup/web/project/vendor/laravel/framework/src/Illuminate/Routing/Route.php(211): Illuminate/Routing/Route->runController()
#31 D:/Backend-game-topup/web/project/vendor/laravel/framework/src/Illuminate/Routing/Router.php(822): Illuminate/Routing/Route->run()
#32 D:/Backend-game-topup/web/project/vendor/laravel/framework/src/Illuminate/Pipeline/Pipeline.php(180): Illuminate/Routing/Router->{closure:Illuminate/Routing/Router::runRouteWithinStack():821}(Object(Illuminate/Http/Request))
#33 D:/Backend-game-topup/web/project/app/Http/Middleware/CheckRole.php(22): Illuminate/Pipeline/Pipeline->{closure:Illuminate/Pipeline/Pipeline::prepareDestination():178}(Object(Illuminate/Http/Request))
#34 D:/Backend-game-topup/web/project/vendor/laravel/framework/src/Illuminate/Pipeline/Pipeline.php(219): App/Http/Middleware/CheckRole->handle(Object(Illuminate/Http/Request), Object(Closure))
#35 D:/Backend-game-topup/web/project/vendor/filament/filament/src/Http/Middleware/DispatchServingFilamentEvent.php(15): Illuminate/Pipeline/Pipeline->{closure:{closure:Illuminate/Pipeline/Pipeline::carry():194}:195}(Object(Illuminate/Http/Request))
#36 D:/Backend-game-topup/web/project/vendor/laravel/framework/src/Illuminate/Pipeline/Pipeline.php(219): Filament/Http/Middleware/DispatchServingFilamentEvent->handle(Object(Illuminate/Http/Request), Object(Closure))
#37 D:/Backend-game-topup/web/project/vendor/filament/filament/src/Http/Middleware/DisableBladeIconComponents.php(14): Illuminate/Pipeline/Pipeline->{closure:{closure:Illuminate/Pipeline/Pipeline::carry():194}:195}(Object(Illuminate/Http/Request))
#38 D:/Backend-game-topup/web/project/vendor/laravel/framework/src/Illuminate/Pipeline/Pipeline.php(219): Filament/Http/Middleware/DisableBladeIconComponents->handle(Object(Illuminate/Http/Request), Object(Closure))
#39 D:/Backend-game-topup/web/project/vendor/laravel/framework/src/Illuminate/Routing/Middleware/SubstituteBindings.php(50): Illuminate/Pipeline/Pipeline->{closure:{closure:Illuminate/Pipeline/Pipeline::carry():194}:195}(Object(Illuminate/Http/Request))
#40 D:/Backend-game-topup/web/project/vendor/laravel/framework/src/Illuminate/Pipeline/Pipeline.php(219): Illuminate/Routing/Middleware/SubstituteBindings->handle(Object(Illuminate/Http/Request), Object(Closure))
#41 D:/Backend-game-topup/web/project/vendor/laravel/framework/src/Illuminate/Foundation/Http/Middleware/VerifyCsrfToken.php(87): Illuminate/Pipeline/Pipeline->{closure:{closure:Illuminate/Pipeline/Pipeline::carry():194}:195}(Object(Illuminate/Http/Request))
#42 D:/Backend-game-topup/web/project/vendor/laravel/framework/src/Illuminate/Pipeline/Pipeline.php(219): Illuminate/Foundation/Http/Middleware/VerifyCsrfToken->handle(Object(Illuminate/Http/Request), Object(Closure))
#43 D:/Backend-game-topup/web/project/vendor/laravel/framework/src/Illuminate/Session/Middleware/AuthenticateSession.php(70): Illuminate/Pipeline/Pipeline->{closure:{closure:Illuminate/Pipeline/Pipeline::carry():194}:195}(Object(Illuminate/Http/Request))
#44 D:/Backend-game-topup/web/project/vendor/laravel/framework/src/Illuminate/Pipeline/Pipeline.php(219): Illuminate/Session/Middleware/AuthenticateSession->handle(Object(Illuminate/Http/Request), Object(Closure))
#45 D:/Backend-game-topup/web/project/vendor/laravel/framework/src/Illuminate/Auth/Middleware/Authenticate.php(63): Illuminate/Pipeline/Pipeline->{closure:{closure:Illuminate/Pipeline/Pipeline::carry():194}:195}(Object(Illuminate/Http/Request))
#46 D:/Backend-game-topup/web/project/vendor/laravel/framework/src/Illuminate/Pipeline/Pipeline.php(219): Illuminate/Auth/Middleware/Authenticate->handle(Object(Illuminate/Http/Request), Object(Closure))
#47 D:/Backend-game-topup/web/project/vendor/laravel/framework/src/Illuminate/View/Middleware/ShareErrorsFromSession.php(48): Illuminate/Pipeline/Pipeline->{closure:{closure:Illuminate/Pipeline/Pipeline::carry():194}:195}(Object(Illuminate/Http/Request))
#48 D:/Backend-game-topup/web/project/vendor/laravel/framework/src/Illuminate/Pipeline/Pipeline.php(219): Illuminate/View/Middleware/ShareErrorsFromSession->handle(Object(Illuminate/Http/Request), Object(Closure))
#49 D:/Backend-game-topup/web/project/vendor/laravel/framework/src/Illuminate/Session/Middleware/StartSession.php(120): Illuminate/Pipeline/Pipeline->{closure:{closure:Illuminate/Pipeline/Pipeline::carry():194}:195}(Object(Illuminate/Http/Request))
#50 D:/Backend-game-topup/web/project/vendor/laravel/framework/src/Illuminate/Session/Middleware/StartSession.php(63): Illuminate/Session/Middleware/StartSession->handleStatefulRequest(Object(Illuminate/Http/Request), Object(Illuminate/Session/EncryptedStore), Object(Closure))
#51 D:/Backend-game-topup/web/project/vendor/laravel/framework/src/Illuminate/Pipeline/Pipeline.php(219): Illuminate/Session/Middleware/StartSession->handle(Object(Illuminate/Http/Request), Object(Closure))
#52 D:/Backend-game-topup/web/project/vendor/laravel/framework/src/Illuminate/Cookie/Middleware/AddQueuedCookiesToResponse.php(36): Illuminate/Pipeline/Pipeline->{closure:{closure:Illuminate/Pipeline/Pipeline::carry():194}:195}(Object(Illuminate/Http/Request))
#53 D:/Backend-game-topup/web/project/vendor/laravel/framework/src/Illuminate/Pipeline/Pipeline.php(219): Illuminate/Cookie/Middleware/AddQueuedCookiesToResponse->handle(Object(Illuminate/Http/Request), Object(Closure))
#54 D:/Backend-game-topup/web/project/vendor/laravel/framework/src/Illuminate/Cookie/Middleware/EncryptCookies.php(74): Illuminate/Pipeline/Pipeline->{closure:{closure:Illuminate/Pipeline/Pipeline::carry():194}:195}(Object(Illuminate/Http/Request))
#55 D:/Backend-game-topup/web/project/vendor/laravel/framework/src/Illuminate/Pipeline/Pipeline.php(219): Illuminate/Cookie/Middleware/EncryptCookies->handle(Object(Illuminate/Http/Request), Object(Closure))
#56 D:/Backend-game-topup/web/project/vendor/filament/filament/src/Http/Middleware/SetUpPanel.php(19): Illuminate/Pipeline/Pipeline->{closure:{closure:Illuminate/Pipeline/Pipeline::carry():194}:195}(Object(Illuminate/Http/Request))
#57 D:/Backend-game-topup/web/project/vendor/laravel/framework/src/Illuminate/Pipeline/Pipeline.php(219): Filament/Http/Middleware/SetUpPanel->handle(Object(Illuminate/Http/Request), Object(Closure), Object(Filament/Panel))
#58 D:/Backend-game-topup/web/project/vendor/laravel/framework/src/Illuminate/Pipeline/Pipeline.php(137): Illuminate/Pipeline/Pipeline->{closure:{closure:Illuminate/Pipeline/Pipeline::carry():194}:195}(Object(Illuminate/Http/Request))
#59 D:/Backend-game-topup/web/project/vendor/laravel/framework/src/Illuminate/Routing/Router.php(821): Illuminate/Pipeline/Pipeline->then(Object(Closure))
#60 D:/Backend-game-topup/web/project/vendor/laravel/framework/src/Illuminate/Routing/Router.php(800): Illuminate/Routing/Router->runRouteWithinStack(Object(Illuminate/Routing/Route), Object(Illuminate/Http/Request))
#61 D:/Backend-game-topup/web/project/vendor/laravel/framework/src/Illuminate/Routing/Router.php(764): Illuminate/Routing/Router->runRoute(Object(Illuminate/Http/Request), Object(Illuminate/Routing/Route))
#62 D:/Backend-game-topup/web/project/vendor/laravel/framework/src/Illuminate/Routing/Router.php(753): Illuminate/Routing/Router->dispatchToRoute(Object(Illuminate/Http/Request))
#63 D:/Backend-game-topup/web/project/vendor/laravel/framework/src/Illuminate/Foundation/Http/Kernel.php(200): Illuminate/Routing/Router->dispatch(Object(Illuminate/Http/Request))
#64 D:/Backend-game-topup/web/project/vendor/laravel/framework/src/Illuminate/Pipeline/Pipeline.php(180): Illuminate/Foundation/Http/Kernel->{closure:Illuminate/Foundation/Http/Kernel::dispatchToRouter():197}(Object(Illuminate/Http/Request))
#65 D:/Backend-game-topup/web/project/vendor/livewire/livewire/src/Features/SupportDisablingBackButtonCache/DisableBackButtonCacheMiddleware.php(19): Illuminate/Pipeline/Pipeline->{closure:Illuminate/Pipeline/Pipeline::prepareDestination():178}(Object(Illuminate/Http/Request))
#66 D:/Backend-game-topup/web/project/vendor/laravel/framework/src/Illuminate/Pipeline/Pipeline.php(219): Livewire/Features/SupportDisablingBackButtonCache/DisableBackButtonCacheMiddleware->handle(Object(Illuminate/Http/Request), Object(Closure))
#67 D:/Backend-game-topup/web/project/vendor/laravel/framework/src/Illuminate/Foundation/Http/Middleware/TransformsRequest.php(21): Illuminate/Pipeline/Pipeline->{closure:{closure:Illuminate/Pipeline/Pipeline::carry():194}:195}(Object(Illuminate/Http/Request))
#68 D:/Backend-game-topup/web/project/vendor/laravel/framework/src/Illuminate/Foundation/Http/Middleware/ConvertEmptyStringsToNull.php(31): Illuminate/Foundation/Http/Middleware/TransformsRequest->handle(Object(Illuminate/Http/Request), Object(Closure))
#69 D:/Backend-game-topup/web/project/vendor/laravel/framework/src/Illuminate/Pipeline/Pipeline.php(219): Illuminate/Foundation/Http/Middleware/ConvertEmptyStringsToNull->handle(Object(Illuminate/Http/Request), Object(Closure))
#70 D:/Backend-game-topup/web/project/vendor/laravel/framework/src/Illuminate/Foundation/Http/Middleware/TransformsRequest.php(21): Illuminate/Pipeline/Pipeline->{closure:{closure:Illuminate/Pipeline/Pipeline::carry():194}:195}(Object(Illuminate/Http/Request))
#71 D:/Backend-game-topup/web/project/vendor/laravel/framework/src/Illuminate/Foundation/Http/Middleware/TrimStrings.php(51): Illuminate/Foundation/Http/Middleware/TransformsRequest->handle(Object(Illuminate/Http/Request), Object(Closure))
#72 D:/Backend-game-topup/web/project/vendor/laravel/framework/src/Illuminate/Pipeline/Pipeline.php(219): Illuminate/Foundation/Http/Middleware/TrimStrings->handle(Object(Illuminate/Http/Request), Object(Closure))
#73 D:/Backend-game-topup/web/project/vendor/laravel/framework/src/Illuminate/Http/Middleware/ValidatePostSize.php(27): Illuminate/Pipeline/Pipeline->{closure:{closure:Illuminate/Pipeline/Pipeline::carry():194}:195}(Object(Illuminate/Http/Request))
#74 D:/Backend-game-topup/web/project/vendor/laravel/framework/src/Illuminate/Pipeline/Pipeline.php(219): Illuminate/Http/Middleware/ValidatePostSize->handle(Object(Illuminate/Http/Request), Object(Closure))
#75 D:/Backend-game-topup/web/project/vendor/laravel/framework/src/Illuminate/Foundation/Http/Middleware/PreventRequestsDuringMaintenance.php(109): Illuminate/Pipeline/Pipeline->{closure:{closure:Illuminate/Pipeline/Pipeline::carry():194}:195}(Object(Illuminate/Http/Request))
#76 D:/Backend-game-topup/web/project/vendor/laravel/framework/src/Illuminate/Pipeline/Pipeline.php(219): Illuminate/Foundation/Http/Middleware/PreventRequestsDuringMaintenance->handle(Object(Illuminate/Http/Request), Object(Closure))
#77 D:/Backend-game-topup/web/project/vendor/laravel/framework/src/Illuminate/Http/Middleware/HandleCors.php(61): Illuminate/Pipeline/Pipeline->{closure:{closure:Illuminate/Pipeline/Pipeline::carry():194}:195}(Object(Illuminate/Http/Request))
#78 D:/Backend-game-topup/web/project/vendor/laravel/framework/src/Illuminate/Pipeline/Pipeline.php(219): Illuminate/Http/Middleware/HandleCors->handle(Object(Illuminate/Http/Request), Object(Closure))
#79 D:/Backend-game-topup/web/project/vendor/laravel/framework/src/Illuminate/Http/Middleware/TrustProxies.php(58): Illuminate/Pipeline/Pipeline->{closure:{closure:Illuminate/Pipeline/Pipeline::carry():194}:195}(Object(Illuminate/Http/Request))
#80 D:/Backend-game-topup/web/project/vendor/laravel/framework/src/Illuminate/Pipeline/Pipeline.php(219): Illuminate/Http/Middleware/TrustProxies->handle(Object(Illuminate/Http/Request), Object(Closure))
#81 D:/Backend-game-topup/web/project/vendor/laravel/framework/src/Illuminate/Http/Middleware/TrustHosts.php(78): Illuminate/Pipeline/Pipeline->{closure:{closure:Illuminate/Pipeline/Pipeline::carry():194}:195}(Object(Illuminate/Http/Request))
#82 D:/Backend-game-topup/web/project/vendor/laravel/framework/src/Illuminate/Pipeline/Pipeline.php(219): Illuminate/Http/Middleware/TrustHosts->handle(Object(Illuminate/Http/Request), Object(Closure))
#83 D:/Backend-game-topup/web/project/vendor/laravel/framework/src/Illuminate/Pipeline/Pipeline.php(137): Illuminate/Pipeline/Pipeline->{closure:{closure:Illuminate/Pipeline/Pipeline::carry():194}:195}(Object(Illuminate/Http/Request))
#84 D:/Backend-game-topup/web/project/vendor/laravel/framework/src/Illuminate/Foundation/Http/Kernel.php(175): Illuminate/Pipeline/Pipeline->then(Object(Closure))
#85 D:/Backend-game-topup/web/project/vendor/laravel/framework/src/Illuminate/Foundation/Http/Kernel.php(144): Illuminate/Foundation/Http/Kernel->sendRequestThroughRouter(Object(Illuminate/Http/Request))
#86 D:/Backend-game-topup/web/project/public/index.php(51): Illuminate/Foundation/Http/Kernel->handle(Object(Illuminate/Http/Request))
#87 D:/Backend-game-topup/web/project/server.php(21): require_once('D://Backend-game...')
#88 {main}

[previous exception] [object] (Illuminate\\View\\ViewException(code: 0): The user model must implement the [Filament\\Auth\\MultiFactor\\App\\Contracts\\HasAppAuthentication] interface to use app authentication. (View: D:\\Backend-game-topup\\web\\project\\vendor\\filament\\schemas\\resources\\views\\components\\grid.blade.php) at D:/Backend-game-topup/web/project/vendor/filament/filament/src/Auth/MultiFactor/App/AppAuthentication.php:66)
[stacktrace]
#0 D:/Backend-game-topup/web/project/vendor/livewire/livewire/src/Mechanisms/ExtendBlade/ExtendedCompilerEngine.php(58): Illuminate/View/Engines/CompilerEngine->handleViewException(Object(Exception), 7)
#1 D:/Backend-game-topup/web/project/vendor/livewire/livewire/src/Mechanisms/ExtendBlade/ExtendedCompilerEngine.php(40): Livewire/Mechanisms/ExtendBlade/ExtendedCompilerEngine->handleViewException(Object(Exception), 7)
#2 D:/Backend-game-topup/web/project/vendor/laravel/framework/src/Illuminate/View/Engines/CompilerEngine.php(76): Livewire/Mechanisms/ExtendBlade/ExtendedCompilerEngine->evaluatePath('D://Backend-game...', Array)
#3 D:/Backend-game-topup/web/project/vendor/livewire/livewire/src/Mechanisms/ExtendBlade/ExtendedCompilerEngine.php(16): Illuminate/View/Engines/CompilerEngine->get('D://Backend-game...', Array)
#4 D:/Backend-game-topup/web/project/vendor/laravel/framework/src/Illuminate/View/View.php(208): Livewire/Mechanisms/ExtendBlade/ExtendedCompilerEngine->get('D://Backend-game...', Array)
#5 D:/Backend-game-topup/web/project/vendor/laravel/framework/src/Illuminate/View/View.php(191): Illuminate/View/View->getContents()
#6 D:/Backend-game-topup/web/project/vendor/laravel/framework/src/Illuminate/View/View.php(160): Illuminate/View/View->renderContents()
#7 D:/Backend-game-topup/web/project/vendor/filament/support/src/Components/ViewComponent.php(125): Illuminate/View/View->render()
#8 D:/Backend-game-topup/web/project/vendor/filament/schemas/src/Components/Component.php(130): Filament/Support/Components/ViewComponent->toHtml()
#9 D:/Backend-game-topup/web/project/vendor/filament/schemas/src/Schema.php(281): Filament/Schemas/Components/Component->toHtml()
#10 D:/Backend-game-topup/web/project/vendor/filament/support/src/Components/ViewComponent.php(122): Filament/Schemas/Schema->toEmbeddedHtml()
#11 D:/Backend-game-topup/web/project/vendor/laravel/framework/src/Illuminate/Support/helpers.php(130): Filament/Support/Components/ViewComponent->toHtml()
#12 D:/Backend-game-topup/web/project/storage/framework/views/182824ba6c64b545fb9146f4f6fd4fc8.php(61): e(Object(Filament/Schemas/Schema))
#13 D:/Backend-game-topup/web/project/vendor/livewire/livewire/src/Mechanisms/ExtendBlade/ExtendedCompilerEngine.php(37): include('D://Backend-game...')
#14 D:/Backend-game-topup/web/project/vendor/livewire/livewire/src/Mechanisms/ExtendBlade/ExtendedCompilerEngine.php(38): Filament/Auth/Pages/EditProfile->{closure:Livewire/Mechanisms/ExtendBlade/ExtendedCompilerEngine::evaluatePath():35}()
#15 D:/Backend-game-topup/web/project/vendor/laravel/framework/src/Illuminate/View/Engines/CompilerEngine.php(76): Livewire/Mechanisms/ExtendBlade/ExtendedCompilerEngine->evaluatePath('D://Backend-game...', Array)
#16 D:/Backend-game-topup/web/project/vendor/livewire/livewire/src/Mechanisms/ExtendBlade/ExtendedCompilerEngine.php(16): Illuminate/View/Engines/CompilerEngine->get('D://Backend-game...', Array)
#17 D:/Backend-game-topup/web/project/vendor/laravel/framework/src/Illuminate/View/View.php(208): Livewire/Mechanisms/ExtendBlade/ExtendedCompilerEngine->get('D://Backend-game...', Array)
#18 D:/Backend-game-topup/web/project/vendor/laravel/framework/src/Illuminate/View/View.php(191): Illuminate/View/View->getContents()
#19 D:/Backend-game-topup/web/project/vendor/laravel/framework/src/Illuminate/View/View.php(160): Illuminate/View/View->renderContents()
#20 D:/Backend-game-topup/web/project/vendor/filament/support/src/Components/ViewComponent.php(125): Illuminate/View/View->render()
#21 D:/Backend-game-topup/web/project/vendor/filament/schemas/src/Components/Component.php(127): Filament/Support/Components/ViewComponent->toHtml()
#22 D:/Backend-game-topup/web/project/vendor/filament/schemas/src/Schema.php(281): Filament/Schemas/Components/Component->toHtml()
#23 D:/Backend-game-topup/web/project/vendor/filament/support/src/Components/ViewComponent.php(122): Filament/Schemas/Schema->toEmbeddedHtml()
#24 D:/Backend-game-topup/web/project/vendor/laravel/framework/src/Illuminate/Support/helpers.php(130): Filament/Support/Components/ViewComponent->toHtml()
#25 D:/Backend-game-topup/web/project/storage/framework/views/f217e03e7733d3960f7efd8298794c71.php(15): e(Object(Filament/Schemas/Schema))
#26 D:/Backend-game-topup/web/project/vendor/livewire/livewire/src/Mechanisms/ExtendBlade/ExtendedCompilerEngine.php(37): include('D://Backend-game...')
#27 D:/Backend-game-topup/web/project/vendor/livewire/livewire/src/Mechanisms/ExtendBlade/ExtendedCompilerEngine.php(38): Filament/Auth/Pages/EditProfile->{closure:Livewire/Mechanisms/ExtendBlade/ExtendedCompilerEngine::evaluatePath():35}()
#28 D:/Backend-game-topup/web/project/vendor/laravel/framework/src/Illuminate/View/Engines/CompilerEngine.php(76): Livewire/Mechanisms/ExtendBlade/ExtendedCompilerEngine->evaluatePath('D://Backend-game...', Array)
#29 D:/Backend-game-topup/web/project/vendor/livewire/livewire/src/Mechanisms/ExtendBlade/ExtendedCompilerEngine.php(16): Illuminate/View/Engines/CompilerEngine->get('D://Backend-game...', Array)
#30 D:/Backend-game-topup/web/project/vendor/laravel/framework/src/Illuminate/View/View.php(208): Livewire/Mechanisms/ExtendBlade/ExtendedCompilerEngine->get('D://Backend-game...', Array)
#31 D:/Backend-game-topup/web/project/vendor/laravel/framework/src/Illuminate/View/View.php(191): Illuminate/View/View->getContents()
#32 D:/Backend-game-topup/web/project/vendor/laravel/framework/src/Illuminate/View/View.php(160): Illuminate/View/View->renderContents()
#33 D:/Backend-game-topup/web/project/vendor/livewire/livewire/src/Mechanisms/HandleComponents/HandleComponents.php(259): Illuminate/View/View->render(Object(Closure))
#34 D:/Backend-game-topup/web/project/vendor/livewire/livewire/src/Mechanisms/HandleComponents/HandleComponents.php(303): Livewire/Mechanisms/HandleComponents/HandleComponents->{closure:Livewire/Mechanisms/HandleComponents/HandleComponents::render():251}()
#35 D:/Backend-game-topup/web/project/vendor/livewire/livewire/src/Mechanisms/HandleComponents/HandleComponents.php(251): Livewire/Mechanisms/HandleComponents/HandleComponents->trackInRenderStack(Object(Filament/Auth/Pages/EditProfile), Object(Closure))
#36 D:/Backend-game-topup/web/project/vendor/livewire/livewire/src/Mechanisms/HandleComponents/HandleComponents.php(54): Livewire/Mechanisms/HandleComponents/HandleComponents->render(Object(Filament/Auth/Pages/EditProfile), '<div></div>')
#37 D:/Backend-game-topup/web/project/vendor/livewire/livewire/src/LivewireManager.php(73): Livewire/Mechanisms/HandleComponents/HandleComponents->mount('Filament//Auth//P...', Array, NULL)
#38 D:/Backend-game-topup/web/project/vendor/livewire/livewire/src/Features/SupportPageComponents/HandlesPageComponents.php(17): Livewire/LivewireManager->mount('Filament//Auth//P...', Array)
#39 D:/Backend-game-topup/web/project/vendor/livewire/livewire/src/Features/SupportPageComponents/SupportPageComponents.php(117): Livewire/Component->{closure:Livewire/Features/SupportPageComponents/HandlesPageComponents::__invoke():14}()
#40 D:/Backend-game-topup/web/project/vendor/livewire/livewire/src/Features/SupportPageComponents/HandlesPageComponents.php(14): Livewire/Features/SupportPageComponents/SupportPageComponents::interceptTheRenderOfTheComponentAndRetreiveTheLayoutConfiguration(Object(Closure))
#41 D:/Backend-game-topup/web/project/vendor/laravel/framework/src/Illuminate/Routing/ControllerDispatcher.php(46): Livewire/Component->__invoke()
#42 D:/Backend-game-topup/web/project/vendor/laravel/framework/src/Illuminate/Routing/Route.php(265): Illuminate/Routing/ControllerDispatcher->dispatch(Object(Illuminate/Routing/Route), Object(Filament/Auth/Pages/EditProfile), '__invoke')
#43 D:/Backend-game-topup/web/project/vendor/laravel/framework/src/Illuminate/Routing/Route.php(211): Illuminate/Routing/Route->runController()
#44 D:/Backend-game-topup/web/project/vendor/laravel/framework/src/Illuminate/Routing/Router.php(822): Illuminate/Routing/Route->run()
#45 D:/Backend-game-topup/web/project/vendor/laravel/framework/src/Illuminate/Pipeline/Pipeline.php(180): Illuminate/Routing/Router->{closure:Illuminate/Routing/Router::runRouteWithinStack():821}(Object(Illuminate/Http/Request))
#46 D:/Backend-game-topup/web/project/app/Http/Middleware/CheckRole.php(22): Illuminate/Pipeline/Pipeline->{closure:Illuminate/Pipeline/Pipeline::prepareDestination():178}(Object(Illuminate/Http/Request))
#47 D:/Backend-game-topup/web/project/vendor/laravel/framework/src/Illuminate/Pipeline/Pipeline.php(219): App/Http/Middleware/CheckRole->handle(Object(Illuminate/Http/Request), Object(Closure))
#48 D:/Backend-game-topup/web/project/vendor/filament/filament/src/Http/Middleware/DispatchServingFilamentEvent.php(15): Illuminate/Pipeline/Pipeline->{closure:{closure:Illuminate/Pipeline/Pipeline::carry():194}:195}(Object(Illuminate/Http/Request))
#49 D:/Backend-game-topup/web/project/vendor/laravel/framework/src/Illuminate/Pipeline/Pipeline.php(219): Filament/Http/Middleware/DispatchServingFilamentEvent->handle(Object(Illuminate/Http/Request), Object(Closure))
#50 D:/Backend-game-topup/web/project/vendor/filament/filament/src/Http/Middleware/DisableBladeIconComponents.php(14): Illuminate/Pipeline/Pipeline->{closure:{closure:Illuminate/Pipeline/Pipeline::carry():194}:195}(Object(Illuminate/Http/Request))
#51 D:/Backend-game-topup/web/project/vendor/laravel/framework/src/Illuminate/Pipeline/Pipeline.php(219): Filament/Http/Middleware/DisableBladeIconComponents->handle(Object(Illuminate/Http/Request), Object(Closure))
#52 D:/Backend-game-topup/web/project/vendor/laravel/framework/src/Illuminate/Routing/Middleware/SubstituteBindings.php(50): Illuminate/Pipeline/Pipeline->{closure:{closure:Illuminate/Pipeline/Pipeline::carry():194}:195}(Object(Illuminate/Http/Request))
#53 D:/Backend-game-topup/web/project/vendor/laravel/framework/src/Illuminate/Pipeline/Pipeline.php(219): Illuminate/Routing/Middleware/SubstituteBindings->handle(Object(Illuminate/Http/Request), Object(Closure))
#54 D:/Backend-game-topup/web/project/vendor/laravel/framework/src/Illuminate/Foundation/Http/Middleware/VerifyCsrfToken.php(87): Illuminate/Pipeline/Pipeline->{closure:{closure:Illuminate/Pipeline/Pipeline::carry():194}:195}(Object(Illuminate/Http/Request))
#55 D:/Backend-game-topup/web/project/vendor/laravel/framework/src/Illuminate/Pipeline/Pipeline.php(219): Illuminate/Foundation/Http/Middleware/VerifyCsrfToken->handle(Object(Illuminate/Http/Request), Object(Closure))
#56 D:/Backend-game-topup/web/project/vendor/laravel/framework/src/Illuminate/Session/Middleware/AuthenticateSession.php(70): Illuminate/Pipeline/Pipeline->{closure:{closure:Illuminate/Pipeline/Pipeline::carry():194}:195}(Object(Illuminate/Http/Request))
#57 D:/Backend-game-topup/web/project/vendor/laravel/framework/src/Illuminate/Pipeline/Pipeline.php(219): Illuminate/Session/Middleware/AuthenticateSession->handle(Object(Illuminate/Http/Request), Object(Closure))
#58 D:/Backend-game-topup/web/project/vendor/laravel/framework/src/Illuminate/Auth/Middleware/Authenticate.php(63): Illuminate/Pipeline/Pipeline->{closure:{closure:Illuminate/Pipeline/Pipeline::carry():194}:195}(Object(Illuminate/Http/Request))
#59 D:/Backend-game-topup/web/project/vendor/laravel/framework/src/Illuminate/Pipeline/Pipeline.php(219): Illuminate/Auth/Middleware/Authenticate->handle(Object(Illuminate/Http/Request), Object(Closure))
#60 D:/Backend-game-topup/web/project/vendor/laravel/framework/src/Illuminate/View/Middleware/ShareErrorsFromSession.php(48): Illuminate/Pipeline/Pipeline->{closure:{closure:Illuminate/Pipeline/Pipeline::carry():194}:195}(Object(Illuminate/Http/Request))
#61 D:/Backend-game-topup/web/project/vendor/laravel/framework/src/Illuminate/Pipeline/Pipeline.php(219): Illuminate/View/Middleware/ShareErrorsFromSession->handle(Object(Illuminate/Http/Request), Object(Closure))
#62 D:/Backend-game-topup/web/project/vendor/laravel/framework/src/Illuminate/Session/Middleware/StartSession.php(120): Illuminate/Pipeline/Pipeline->{closure:{closure:Illuminate/Pipeline/Pipeline::carry():194}:195}(Object(Illuminate/Http/Request))
#63 D:/Backend-game-topup/web/project/vendor/laravel/framework/src/Illuminate/Session/Middleware/StartSession.php(63): Illuminate/Session/Middleware/StartSession->handleStatefulRequest(Object(Illuminate/Http/Request), Object(Illuminate/Session/EncryptedStore), Object(Closure))
#64 D:/Backend-game-topup/web/project/vendor/laravel/framework/src/Illuminate/Pipeline/Pipeline.php(219): Illuminate/Session/Middleware/StartSession->handle(Object(Illuminate/Http/Request), Object(Closure))
#65 D:/Backend-game-topup/web/project/vendor/laravel/framework/src/Illuminate/Cookie/Middleware/AddQueuedCookiesToResponse.php(36): Illuminate/Pipeline/Pipeline->{closure:{closure:Illuminate/Pipeline/Pipeline::carry():194}:195}(Object(Illuminate/Http/Request))
#66 D:/Backend-game-topup/web/project/vendor/laravel/framework/src/Illuminate/Pipeline/Pipeline.php(219): Illuminate/Cookie/Middleware/AddQueuedCookiesToResponse->handle(Object(Illuminate/Http/Request), Object(Closure))
#67 D:/Backend-game-topup/web/project/vendor/laravel/framework/src/Illuminate/Cookie/Middleware/EncryptCookies.php(74): Illuminate/Pipeline/Pipeline->{closure:{closure:Illuminate/Pipeline/Pipeline::carry():194}:195}(Object(Illuminate/Http/Request))
#68 D:/Backend-game-topup/web/project/vendor/laravel/framework/src/Illuminate/Pipeline/Pipeline.php(219): Illuminate/Cookie/Middleware/EncryptCookies->handle(Object(Illuminate/Http/Request), Object(Closure))
#69 D:/Backend-game-topup/web/project/vendor/filament/filament/src/Http/Middleware/SetUpPanel.php(19): Illuminate/Pipeline/Pipeline->{closure:{closure:Illuminate/Pipeline/Pipeline::carry():194}:195}(Object(Illuminate/Http/Request))
#70 D:/Backend-game-topup/web/project/vendor/laravel/framework/src/Illuminate/Pipeline/Pipeline.php(219): Filament/Http/Middleware/SetUpPanel->handle(Object(Illuminate/Http/Request), Object(Closure), Object(Filament/Panel))
#71 D:/Backend-game-topup/web/project/vendor/laravel/framework/src/Illuminate/Pipeline/Pipeline.php(137): Illuminate/Pipeline/Pipeline->{closure:{closure:Illuminate/Pipeline/Pipeline::carry():194}:195}(Object(Illuminate/Http/Request))
#72 D:/Backend-game-topup/web/project/vendor/laravel/framework/src/Illuminate/Routing/Router.php(821): Illuminate/Pipeline/Pipeline->then(Object(Closure))
#73 D:/Backend-game-topup/web/project/vendor/laravel/framework/src/Illuminate/Routing/Router.php(800): Illuminate/Routing/Router->runRouteWithinStack(Object(Illuminate/Routing/Route), Object(Illuminate/Http/Request))
#74 D:/Backend-game-topup/web/project/vendor/laravel/framework/src/Illuminate/Routing/Router.php(764): Illuminate/Routing/Router->runRoute(Object(Illuminate/Http/Request), Object(Illuminate/Routing/Route))
#75 D:/Backend-game-topup/web/project/vendor/laravel/framework/src/Illuminate/Routing/Router.php(753): Illuminate/Routing/Router->dispatchToRoute(Object(Illuminate/Http/Request))
#76 D:/Backend-game-topup/web/project/vendor/laravel/framework/src/Illuminate/Foundation/Http/Kernel.php(200): Illuminate/Routing/Router->dispatch(Object(Illuminate/Http/Request))
#77 D:/Backend-game-topup/web/project/vendor/laravel/framework/src/Illuminate/Pipeline/Pipeline.php(180): Illuminate/Foundation/Http/Kernel->{closure:Illuminate/Foundation/Http/Kernel::dispatchToRouter():197}(Object(Illuminate/Http/Request))
#78 D:/Backend-game-topup/web/project/vendor/livewire/livewire/src/Features/SupportDisablingBackButtonCache/DisableBackButtonCacheMiddleware.php(19): Illuminate/Pipeline/Pipeline->{closure:Illuminate/Pipeline/Pipeline::prepareDestination():178}(Object(Illuminate/Http/Request))
#79 D:/Backend-game-topup/web/project/vendor/laravel/framework/src/Illuminate/Pipeline/Pipeline.php(219): Livewire/Features/SupportDisablingBackButtonCache/DisableBackButtonCacheMiddleware->handle(Object(Illuminate/Http/Request), Object(Closure))
#80 D:/Backend-game-topup/web/project/vendor/laravel/framework/src/Illuminate/Foundation/Http/Middleware/TransformsRequest.php(21): Illuminate/Pipeline/Pipeline->{closure:{closure:Illuminate/Pipeline/Pipeline::carry():194}:195}(Object(Illuminate/Http/Request))
#81 D:/Backend-game-topup/web/project/vendor/laravel/framework/src/Illuminate/Foundation/Http/Middleware/ConvertEmptyStringsToNull.php(31): Illuminate/Foundation/Http/Middleware/TransformsRequest->handle(Object(Illuminate/Http/Request), Object(Closure))
#82 D:/Backend-game-topup/web/project/vendor/laravel/framework/src/Illuminate/Pipeline/Pipeline.php(219): Illuminate/Foundation/Http/Middleware/ConvertEmptyStringsToNull->handle(Object(Illuminate/Http/Request), Object(Closure))
#83 D:/Backend-game-topup/web/project/vendor/laravel/framework/src/Illuminate/Foundation/Http/Middleware/TransformsRequest.php(21): Illuminate/Pipeline/Pipeline->{closure:{closure:Illuminate/Pipeline/Pipeline::carry():194}:195}(Object(Illuminate/Http/Request))
#84 D:/Backend-game-topup/web/project/vendor/laravel/framework/src/Illuminate/Foundation/Http/Middleware/TrimStrings.php(51): Illuminate/Foundation/Http/Middleware/TransformsRequest->handle(Object(Illuminate/Http/Request), Object(Closure))
#85 D:/Backend-game-topup/web/project/vendor/laravel/framework/src/Illuminate/Pipeline/Pipeline.php(219): Illuminate/Foundation/Http/Middleware/TrimStrings->handle(Object(Illuminate/Http/Request), Object(Closure))
#86 D:/Backend-game-topup/web/project/vendor/laravel/framework/src/Illuminate/Http/Middleware/ValidatePostSize.php(27): Illuminate/Pipeline/Pipeline->{closure:{closure:Illuminate/Pipeline/Pipeline::carry():194}:195}(Object(Illuminate/Http/Request))
#87 D:/Backend-game-topup/web/project/vendor/laravel/framework/src/Illuminate/Pipeline/Pipeline.php(219): Illuminate/Http/Middleware/ValidatePostSize->handle(Object(Illuminate/Http/Request), Object(Closure))
#88 D:/Backend-game-topup/web/project/vendor/laravel/framework/src/Illuminate/Foundation/Http/Middleware/PreventRequestsDuringMaintenance.php(109): Illuminate/Pipeline/Pipeline->{closure:{closure:Illuminate/Pipeline/Pipeline::carry():194}:195}(Object(Illuminate/Http/Request))
#89 D:/Backend-game-topup/web/project/vendor/laravel/framework/src/Illuminate/Pipeline/Pipeline.php(219): Illuminate/Foundation/Http/Middleware/PreventRequestsDuringMaintenance->handle(Object(Illuminate/Http/Request), Object(Closure))
#90 D:/Backend-game-topup/web/project/vendor/laravel/framework/src/Illuminate/Http/Middleware/HandleCors.php(61): Illuminate/Pipeline/Pipeline->{closure:{closure:Illuminate/Pipeline/Pipeline::carry():194}:195}(Object(Illuminate/Http/Request))
#91 D:/Backend-game-topup/web/project/vendor/laravel/framework/src/Illuminate/Pipeline/Pipeline.php(219): Illuminate/Http/Middleware/HandleCors->handle(Object(Illuminate/Http/Request), Object(Closure))
#92 D:/Backend-game-topup/web/project/vendor/laravel/framework/src/Illuminate/Http/Middleware/TrustProxies.php(58): Illuminate/Pipeline/Pipeline->{closure:{closure:Illuminate/Pipeline/Pipeline::carry():194}:195}(Object(Illuminate/Http/Request))
#93 D:/Backend-game-topup/web/project/vendor/laravel/framework/src/Illuminate/Pipeline/Pipeline.php(219): Illuminate/Http/Middleware/TrustProxies->handle(Object(Illuminate/Http/Request), Object(Closure))
#94 D:/Backend-game-topup/web/project/vendor/laravel/framework/src/Illuminate/Http/Middleware/TrustHosts.php(78): Illuminate/Pipeline/Pipeline->{closure:{closure:Illuminate/Pipeline/Pipeline::carry():194}:195}(Object(Illuminate/Http/Request))
#95 D:/Backend-game-topup/web/project/vendor/laravel/framework/src/Illuminate/Pipeline/Pipeline.php(219): Illuminate/Http/Middleware/TrustHosts->handle(Object(Illuminate/Http/Request), Object(Closure))
#96 D:/Backend-game-topup/web/project/vendor/laravel/framework/src/Illuminate/Pipeline/Pipeline.php(137): Illuminate/Pipeline/Pipeline->{closure:{closure:Illuminate/Pipeline/Pipeline::carry():194}:195}(Object(Illuminate/Http/Request))
#97 D:/Backend-game-topup/web/project/vendor/laravel/framework/src/Illuminate/Foundation/Http/Kernel.php(175): Illuminate/Pipeline/Pipeline->then(Object(Closure))
#98 D:/Backend-game-topup/web/project/vendor/laravel/framework/src/Illuminate/Foundation/Http/Kernel.php(144): Illuminate/Foundation/Http/Kernel->sendRequestThroughRouter(Object(Illuminate/Http/Request))
#99 D:/Backend-game-topup/web/project/public/index.php(51): Illuminate/Foundation/Http/Kernel->handle(Object(Illuminate/Http/Request))
#100 D:/Backend-game-topup/web/project/server.php(21): require_once('D://Backend-game...')
#101 {main}

[previous exception] [object] (Exception(code: 0): The user model must implement the [Filament\\Auth\\MultiFactor\\App\\Contracts\\HasAppAuthentication] interface to use app authentication. at D:/Backend-game-topup/web/project/vendor/filament/filament/src/Auth/MultiFactor/App/AppAuthentication.php:66)
[stacktrace]
#0 D:/Backend-game-topup/web/project/vendor/filament/filament/src/Auth/MultiFactor/App/AppAuthentication.php(204): Filament/Auth/MultiFactor/App/AppAuthentication->isEnabled(Object(App/Models/User))
#1 D:/Backend-game-topup/web/project/vendor/filament/support/src/Concerns/EvaluatesClosures.php(36): Filament/Auth/MultiFactor/App/AppAuthentication->{closure:Filament/Auth/MultiFactor/App/AppAuthentication::getActions():204}()
#2 D:/Backend-game-topup/web/project/vendor/filament/actions/src/Concerns/CanBeHidden.php(39): Filament/Support/Components/Component->evaluate(Object(Closure))
#3 D:/Backend-game-topup/web/project/vendor/filament/actions/src/Concerns/CanBeHidden.php(34): Filament/Actions/Action->isHiddenInGroup()
#4 D:/Backend-game-topup/web/project/vendor/filament/actions/src/Concerns/CanBeHidden.php(56): Filament/Actions/Action->isHidden()
#5 D:/Backend-game-topup/web/project/vendor/filament/schemas/src/Components/Actions.php(71): Filament/Actions/Action->isVisible()
#6 D:/Backend-game-topup/web/project/vendor/filament/schemas/src/Components/Concerns/CanBeHidden.php(190): Filament/Schemas/Components/Actions->isHidden()
#7 D:/Backend-game-topup/web/project/vendor/filament/schemas/src/Schema.php(159): Filament/Schemas/Components/Component->isVisible()
#8 [internal function]: Filament/Schemas/Schema->{closure:Filament/Schemas/Schema::toEmbeddedHtml():158}(Object(Filament/Schemas/Components/Actions))
#9 D:/Backend-game-topup/web/project/vendor/filament/schemas/src/Schema.php(157): array_map(Object(Closure), Array)
#10 D:/Backend-game-topup/web/project/vendor/filament/support/src/Components/ViewComponent.php(122): Filament/Schemas/Schema->toEmbeddedHtml()
#11 D:/Backend-game-topup/web/project/vendor/laravel/framework/src/Illuminate/Support/helpers.php(130): Filament/Support/Components/ViewComponent->toHtml()
#12 D:/Backend-game-topup/web/project/storage/framework/views/a7ed0702f4bd36b229830c7afbac0e0a.php(9): e(Object(Filament/Schemas/Schema))
#13 D:/Backend-game-topup/web/project/vendor/livewire/livewire/src/Mechanisms/ExtendBlade/ExtendedCompilerEngine.php(37): include('D://Backend-game...')
#14 D:/Backend-game-topup/web/project/vendor/livewire/livewire/src/Mechanisms/ExtendBlade/ExtendedCompilerEngine.php(38): Filament/Auth/Pages/EditProfile->{closure:Livewire/Mechanisms/ExtendBlade/ExtendedCompilerEngine::evaluatePath():35}()
#15 D:/Backend-game-topup/web/project/vendor/laravel/framework/src/Illuminate/View/Engines/CompilerEngine.php(76): Livewire/Mechanisms/ExtendBlade/ExtendedCompilerEngine->evaluatePath('D://Backend-game...', Array)
#16 D:/Backend-game-topup/web/project/vendor/livewire/livewire/src/Mechanisms/ExtendBlade/ExtendedCompilerEngine.php(16): Illuminate/View/Engines/CompilerEngine->get('D://Backend-game...', Array)
#17 D:/Backend-game-topup/web/project/vendor/laravel/framework/src/Illuminate/View/View.php(208): Livewire/Mechanisms/ExtendBlade/ExtendedCompilerEngine->get('D://Backend-game...', Array)
#18 D:/Backend-game-topup/web/project/vendor/laravel/framework/src/Illuminate/View/View.php(191): Illuminate/View/View->getContents()
#19 D:/Backend-game-topup/web/project/vendor/laravel/framework/src/Illuminate/View/View.php(160): Illuminate/View/View->renderContents()
#20 D:/Backend-game-topup/web/project/vendor/filament/support/src/Components/ViewComponent.php(125): Illuminate/View/View->render()
#21 D:/Backend-game-topup/web/project/vendor/filament/schemas/src/Components/Component.php(130): Filament/Support/Components/ViewComponent->toHtml()
#22 D:/Backend-game-topup/web/project/vendor/filament/schemas/src/Schema.php(281): Filament/Schemas/Components/Component->toHtml()
#23 D:/Backend-game-topup/web/project/vendor/filament/support/src/Components/ViewComponent.php(122): Filament/Schemas/Schema->toEmbeddedHtml()
#24 D:/Backend-game-topup/web/project/vendor/laravel/framework/src/Illuminate/Support/helpers.php(130): Filament/Support/Components/ViewComponent->toHtml()
#25 D:/Backend-game-topup/web/project/storage/framework/views/182824ba6c64b545fb9146f4f6fd4fc8.php(61): e(Object(Filament/Schemas/Schema))
#26 D:/Backend-game-topup/web/project/vendor/livewire/livewire/src/Mechanisms/ExtendBlade/ExtendedCompilerEngine.php(37): include('D://Backend-game...')
#27 D:/Backend-game-topup/web/project/vendor/livewire/livewire/src/Mechanisms/ExtendBlade/ExtendedCompilerEngine.php(38): Filament/Auth/Pages/EditProfile->{closure:Livewire/Mechanisms/ExtendBlade/ExtendedCompilerEngine::evaluatePath():35}()
#28 D:/Backend-game-topup/web/project/vendor/laravel/framework/src/Illuminate/View/Engines/CompilerEngine.php(76): Livewire/Mechanisms/ExtendBlade/ExtendedCompilerEngine->evaluatePath('D://Backend-game...', Array)
#29 D:/Backend-game-topup/web/project/vendor/livewire/livewire/src/Mechanisms/ExtendBlade/ExtendedCompilerEngine.php(16): Illuminate/View/Engines/CompilerEngine->get('D://Backend-game...', Array)
#30 D:/Backend-game-topup/web/project/vendor/laravel/framework/src/Illuminate/View/View.php(208): Livewire/Mechanisms/ExtendBlade/ExtendedCompilerEngine->get('D://Backend-game...', Array)
#31 D:/Backend-game-topup/web/project/vendor/laravel/framework/src/Illuminate/View/View.php(191): Illuminate/View/View->getContents()
#32 D:/Backend-game-topup/web/project/vendor/laravel/framework/src/Illuminate/View/View.php(160): Illuminate/View/View->renderContents()
#33 D:/Backend-game-topup/web/project/vendor/filament/support/src/Components/ViewComponent.php(125): Illuminate/View/View->render()
#34 D:/Backend-game-topup/web/project/vendor/filament/schemas/src/Components/Component.php(127): Filament/Support/Components/ViewComponent->toHtml()
#35 D:/Backend-game-topup/web/project/vendor/filament/schemas/src/Schema.php(281): Filament/Schemas/Components/Component->toHtml()
#36 D:/Backend-game-topup/web/project/vendor/filament/support/src/Components/ViewComponent.php(122): Filament/Schemas/Schema->toEmbeddedHtml()
#37 D:/Backend-game-topup/web/project/vendor/laravel/framework/src/Illuminate/Support/helpers.php(130): Filament/Support/Components/ViewComponent->toHtml()
#38 D:/Backend-game-topup/web/project/storage/framework/views/f217e03e7733d3960f7efd8298794c71.php(15): e(Object(Filament/Schemas/Schema))
#39 D:/Backend-game-topup/web/project/vendor/livewire/livewire/src/Mechanisms/ExtendBlade/ExtendedCompilerEngine.php(37): include('D://Backend-game...')
#40 D:/Backend-game-topup/web/project/vendor/livewire/livewire/src/Mechanisms/ExtendBlade/ExtendedCompilerEngine.php(38): Filament/Auth/Pages/EditProfile->{closure:Livewire/Mechanisms/ExtendBlade/ExtendedCompilerEngine::evaluatePath():35}()
#41 D:/Backend-game-topup/web/project/vendor/laravel/framework/src/Illuminate/View/Engines/CompilerEngine.php(76): Livewire/Mechanisms/ExtendBlade/ExtendedCompilerEngine->evaluatePath('D://Backend-game...', Array)
#42 D:/Backend-game-topup/web/project/vendor/livewire/livewire/src/Mechanisms/ExtendBlade/ExtendedCompilerEngine.php(16): Illuminate/View/Engines/CompilerEngine->get('D://Backend-game...', Array)
#43 D:/Backend-game-topup/web/project/vendor/laravel/framework/src/Illuminate/View/View.php(208): Livewire/Mechanisms/ExtendBlade/ExtendedCompilerEngine->get('D://Backend-game...', Array)
#44 D:/Backend-game-topup/web/project/vendor/laravel/framework/src/Illuminate/View/View.php(191): Illuminate/View/View->getContents()
#45 D:/Backend-game-topup/web/project/vendor/laravel/framework/src/Illuminate/View/View.php(160): Illuminate/View/View->renderContents()
#46 D:/Backend-game-topup/web/project/vendor/livewire/livewire/src/Mechanisms/HandleComponents/HandleComponents.php(259): Illuminate/View/View->render(Object(Closure))
#47 D:/Backend-game-topup/web/project/vendor/livewire/livewire/src/Mechanisms/HandleComponents/HandleComponents.php(303): Livewire/Mechanisms/HandleComponents/HandleComponents->{closure:Livewire/Mechanisms/HandleComponents/HandleComponents::render():251}()
#48 D:/Backend-game-topup/web/project/vendor/livewire/livewire/src/Mechanisms/HandleComponents/HandleComponents.php(251): Livewire/Mechanisms/HandleComponents/HandleComponents->trackInRenderStack(Object(Filament/Auth/Pages/EditProfile), Object(Closure))
#49 D:/Backend-game-topup/web/project/vendor/livewire/livewire/src/Mechanisms/HandleComponents/HandleComponents.php(54): Livewire/Mechanisms/HandleComponents/HandleComponents->render(Object(Filament/Auth/Pages/EditProfile), '<div></div>')
#50 D:/Backend-game-topup/web/project/vendor/livewire/livewire/src/LivewireManager.php(73): Livewire/Mechanisms/HandleComponents/HandleComponents->mount('Filament//Auth//P...', Array, NULL)
#51 D:/Backend-game-topup/web/project/vendor/livewire/livewire/src/Features/SupportPageComponents/HandlesPageComponents.php(17): Livewire/LivewireManager->mount('Filament//Auth//P...', Array)
#52 D:/Backend-game-topup/web/project/vendor/livewire/livewire/src/Features/SupportPageComponents/SupportPageComponents.php(117): Livewire/Component->{closure:Livewire/Features/SupportPageComponents/HandlesPageComponents::__invoke():14}()
#53 D:/Backend-game-topup/web/project/vendor/livewire/livewire/src/Features/SupportPageComponents/HandlesPageComponents.php(14): Livewire/Features/SupportPageComponents/SupportPageComponents::interceptTheRenderOfTheComponentAndRetreiveTheLayoutConfiguration(Object(Closure))
#54 D:/Backend-game-topup/web/project/vendor/laravel/framework/src/Illuminate/Routing/ControllerDispatcher.php(46): Livewire/Component->__invoke()
#55 D:/Backend-game-topup/web/project/vendor/laravel/framework/src/Illuminate/Routing/Route.php(265): Illuminate/Routing/ControllerDispatcher->dispatch(Object(Illuminate/Routing/Route), Object(Filament/Auth/Pages/EditProfile), '__invoke')
#56 D:/Backend-game-topup/web/project/vendor/laravel/framework/src/Illuminate/Routing/Route.php(211): Illuminate/Routing/Route->runController()
#57 D:/Backend-game-topup/web/project/vendor/laravel/framework/src/Illuminate/Routing/Router.php(822): Illuminate/Routing/Route->run()
#58 D:/Backend-game-topup/web/project/vendor/laravel/framework/src/Illuminate/Pipeline/Pipeline.php(180): Illuminate/Routing/Router->{closure:Illuminate/Routing/Router::runRouteWithinStack():821}(Object(Illuminate/Http/Request))
#59 D:/Backend-game-topup/web/project/app/Http/Middleware/CheckRole.php(22): Illuminate/Pipeline/Pipeline->{closure:Illuminate/Pipeline/Pipeline::prepareDestination():178}(Object(Illuminate/Http/Request))
#60 D:/Backend-game-topup/web/project/vendor/laravel/framework/src/Illuminate/Pipeline/Pipeline.php(219): App/Http/Middleware/CheckRole->handle(Object(Illuminate/Http/Request), Object(Closure))
#61 D:/Backend-game-topup/web/project/vendor/filament/filament/src/Http/Middleware/DispatchServingFilamentEvent.php(15): Illuminate/Pipeline/Pipeline->{closure:{closure:Illuminate/Pipeline/Pipeline::carry():194}:195}(Object(Illuminate/Http/Request))
#62 D:/Backend-game-topup/web/project/vendor/laravel/framework/src/Illuminate/Pipeline/Pipeline.php(219): Filament/Http/Middleware/DispatchServingFilamentEvent->handle(Object(Illuminate/Http/Request), Object(Closure))
#63 D:/Backend-game-topup/web/project/vendor/filament/filament/src/Http/Middleware/DisableBladeIconComponents.php(14): Illuminate/Pipeline/Pipeline->{closure:{closure:Illuminate/Pipeline/Pipeline::carry():194}:195}(Object(Illuminate/Http/Request))
#64 D:/Backend-game-topup/web/project/vendor/laravel/framework/src/Illuminate/Pipeline/Pipeline.php(219): Filament/Http/Middleware/DisableBladeIconComponents->handle(Object(Illuminate/Http/Request), Object(Closure))
#65 D:/Backend-game-topup/web/project/vendor/laravel/framework/src/Illuminate/Routing/Middleware/SubstituteBindings.php(50): Illuminate/Pipeline/Pipeline->{closure:{closure:Illuminate/Pipeline/Pipeline::carry():194}:195}(Object(Illuminate/Http/Request))
#66 D:/Backend-game-topup/web/project/vendor/laravel/framework/src/Illuminate/Pipeline/Pipeline.php(219): Illuminate/Routing/Middleware/SubstituteBindings->handle(Object(Illuminate/Http/Request), Object(Closure))
#67 D:/Backend-game-topup/web/project/vendor/laravel/framework/src/Illuminate/Foundation/Http/Middleware/VerifyCsrfToken.php(87): Illuminate/Pipeline/Pipeline->{closure:{closure:Illuminate/Pipeline/Pipeline::carry():194}:195}(Object(Illuminate/Http/Request))
#68 D:/Backend-game-topup/web/project/vendor/laravel/framework/src/Illuminate/Pipeline/Pipeline.php(219): Illuminate/Foundation/Http/Middleware/VerifyCsrfToken->handle(Object(Illuminate/Http/Request), Object(Closure))
#69 D:/Backend-game-topup/web/project/vendor/laravel/framework/src/Illuminate/Session/Middleware/AuthenticateSession.php(70): Illuminate/Pipeline/Pipeline->{closure:{closure:Illuminate/Pipeline/Pipeline::carry():194}:195}(Object(Illuminate/Http/Request))
#70 D:/Backend-game-topup/web/project/vendor/laravel/framework/src/Illuminate/Pipeline/Pipeline.php(219): Illuminate/Session/Middleware/AuthenticateSession->handle(Object(Illuminate/Http/Request), Object(Closure))
#71 D:/Backend-game-topup/web/project/vendor/laravel/framework/src/Illuminate/Auth/Middleware/Authenticate.php(63): Illuminate/Pipeline/Pipeline->{closure:{closure:Illuminate/Pipeline/Pipeline::carry():194}:195}(Object(Illuminate/Http/Request))
#72 D:/Backend-game-topup/web/project/vendor/laravel/framework/src/Illuminate/Pipeline/Pipeline.php(219): Illuminate/Auth/Middleware/Authenticate->handle(Object(Illuminate/Http/Request), Object(Closure))
#73 D:/Backend-game-topup/web/project/vendor/laravel/framework/src/Illuminate/View/Middleware/ShareErrorsFromSession.php(48): Illuminate/Pipeline/Pipeline->{closure:{closure:Illuminate/Pipeline/Pipeline::carry():194}:195}(Object(Illuminate/Http/Request))
#74 D:/Backend-game-topup/web/project/vendor/laravel/framework/src/Illuminate/Pipeline/Pipeline.php(219): Illuminate/View/Middleware/ShareErrorsFromSession->handle(Object(Illuminate/Http/Request), Object(Closure))
#75 D:/Backend-game-topup/web/project/vendor/laravel/framework/src/Illuminate/Session/Middleware/StartSession.php(120): Illuminate/Pipeline/Pipeline->{closure:{closure:Illuminate/Pipeline/Pipeline::carry():194}:195}(Object(Illuminate/Http/Request))
#76 D:/Backend-game-topup/web/project/vendor/laravel/framework/src/Illuminate/Session/Middleware/StartSession.php(63): Illuminate/Session/Middleware/StartSession->handleStatefulRequest(Object(Illuminate/Http/Request), Object(Illuminate/Session/EncryptedStore), Object(Closure))
#77 D:/Backend-game-topup/web/project/vendor/laravel/framework/src/Illuminate/Pipeline/Pipeline.php(219): Illuminate/Session/Middleware/StartSession->handle(Object(Illuminate/Http/Request), Object(Closure))
#78 D:/Backend-game-topup/web/project/vendor/laravel/framework/src/Illuminate/Cookie/Middleware/AddQueuedCookiesToResponse.php(36): Illuminate/Pipeline/Pipeline->{closure:{closure:Illuminate/Pipeline/Pipeline::carry():194}:195}(Object(Illuminate/Http/Request))
#79 D:/Backend-game-topup/web/project/vendor/laravel/framework/src/Illuminate/Pipeline/Pipeline.php(219): Illuminate/Cookie/Middleware/AddQueuedCookiesToResponse->handle(Object(Illuminate/Http/Request), Object(Closure))
#80 D:/Backend-game-topup/web/project/vendor/laravel/framework/src/Illuminate/Cookie/Middleware/EncryptCookies.php(74): Illuminate/Pipeline/Pipeline->{closure:{closure:Illuminate/Pipeline/Pipeline::carry():194}:195}(Object(Illuminate/Http/Request))
#81 D:/Backend-game-topup/web/project/vendor/laravel/framework/src/Illuminate/Pipeline/Pipeline.php(219): Illuminate/Cookie/Middleware/EncryptCookies->handle(Object(Illuminate/Http/Request), Object(Closure))
#82 D:/Backend-game-topup/web/project/vendor/filament/filament/src/Http/Middleware/SetUpPanel.php(19): Illuminate/Pipeline/Pipeline->{closure:{closure:Illuminate/Pipeline/Pipeline::carry():194}:195}(Object(Illuminate/Http/Request))
#83 D:/Backend-game-topup/web/project/vendor/laravel/framework/src/Illuminate/Pipeline/Pipeline.php(219): Filament/Http/Middleware/SetUpPanel->handle(Object(Illuminate/Http/Request), Object(Closure), Object(Filament/Panel))
#84 D:/Backend-game-topup/web/project/vendor/laravel/framework/src/Illuminate/Pipeline/Pipeline.php(137): Illuminate/Pipeline/Pipeline->{closure:{closure:Illuminate/Pipeline/Pipeline::carry():194}:195}(Object(Illuminate/Http/Request))
#85 D:/Backend-game-topup/web/project/vendor/laravel/framework/src/Illuminate/Routing/Router.php(821): Illuminate/Pipeline/Pipeline->then(Object(Closure))
#86 D:/Backend-game-topup/web/project/vendor/laravel/framework/src/Illuminate/Routing/Router.php(800): Illuminate/Routing/Router->runRouteWithinStack(Object(Illuminate/Routing/Route), Object(Illuminate/Http/Request))
#87 D:/Backend-game-topup/web/project/vendor/laravel/framework/src/Illuminate/Routing/Router.php(764): Illuminate/Routing/Router->runRoute(Object(Illuminate/Http/Request), Object(Illuminate/Routing/Route))
#88 D:/Backend-game-topup/web/project/vendor/laravel/framework/src/Illuminate/Routing/Router.php(753): Illuminate/Routing/Router->dispatchToRoute(Object(Illuminate/Http/Request))
#89 D:/Backend-game-topup/web/project/vendor/laravel/framework/src/Illuminate/Foundation/Http/Kernel.php(200): Illuminate/Routing/Router->dispatch(Object(Illuminate/Http/Request))
#90 D:/Backend-game-topup/web/project/vendor/laravel/framework/src/Illuminate/Pipeline/Pipeline.php(180): Illuminate/Foundation/Http/Kernel->{closure:Illuminate/Foundation/Http/Kernel::dispatchToRouter():197}(Object(Illuminate/Http/Request))
#91 D:/Backend-game-topup/web/project/vendor/livewire/livewire/src/Features/SupportDisablingBackButtonCache/DisableBackButtonCacheMiddleware.php(19): Illuminate/Pipeline/Pipeline->{closure:Illuminate/Pipeline/Pipeline::prepareDestination():178}(Object(Illuminate/Http/Request))
#92 D:/Backend-game-topup/web/project/vendor/laravel/framework/src/Illuminate/Pipeline/Pipeline.php(219): Livewire/Features/SupportDisablingBackButtonCache/DisableBackButtonCacheMiddleware->handle(Object(Illuminate/Http/Request), Object(Closure))
#93 D:/Backend-game-topup/web/project/vendor/laravel/framework/src/Illuminate/Foundation/Http/Middleware/TransformsRequest.php(21): Illuminate/Pipeline/Pipeline->{closure:{closure:Illuminate/Pipeline/Pipeline::carry():194}:195}(Object(Illuminate/Http/Request))
#94 D:/Backend-game-topup/web/project/vendor/laravel/framework/src/Illuminate/Foundation/Http/Middleware/ConvertEmptyStringsToNull.php(31): Illuminate/Foundation/Http/Middleware/TransformsRequest->handle(Object(Illuminate/Http/Request), Object(Closure))
#95 D:/Backend-game-topup/web/project/vendor/laravel/framework/src/Illuminate/Pipeline/Pipeline.php(219): Illuminate/Foundation/Http/Middleware/ConvertEmptyStringsToNull->handle(Object(Illuminate/Http/Request), Object(Closure))
#96 D:/Backend-game-topup/web/project/vendor/laravel/framework/src/Illuminate/Foundation/Http/Middleware/TransformsRequest.php(21): Illuminate/Pipeline/Pipeline->{closure:{closure:Illuminate/Pipeline/Pipeline::carry():194}:195}(Object(Illuminate/Http/Request))
#97 D:/Backend-game-topup/web/project/vendor/laravel/framework/src/Illuminate/Foundation/Http/Middleware/TrimStrings.php(51): Illuminate/Foundation/Http/Middleware/TransformsRequest->handle(Object(Illuminate/Http/Request), Object(Closure))
#98 D:/Backend-game-topup/web/project/vendor/laravel/framework/src/Illuminate/Pipeline/Pipeline.php(219): Illuminate/Foundation/Http/Middleware/TrimStrings->handle(Object(Illuminate/Http/Request), Object(Closure))
#99 D:/Backend-game-topup/web/project/vendor/laravel/framework/src/Illuminate/Http/Middleware/ValidatePostSize.php(27): Illuminate/Pipeline/Pipeline->{closure:{closure:Illuminate/Pipeline/Pipeline::carry():194}:195}(Object(Illuminate/Http/Request))
#100 D:/Backend-game-topup/web/project/vendor/laravel/framework/src/Illuminate/Pipeline/Pipeline.php(219): Illuminate/Http/Middleware/ValidatePostSize->handle(Object(Illuminate/Http/Request), Object(Closure))
#101 D:/Backend-game-topup/web/project/vendor/laravel/framework/src/Illuminate/Foundation/Http/Middleware/PreventRequestsDuringMaintenance.php(109): Illuminate/Pipeline/Pipeline->{closure:{closure:Illuminate/Pipeline/Pipeline::carry():194}:195}(Object(Illuminate/Http/Request))
#102 D:/Backend-game-topup/web/project/vendor/laravel/framework/src/Illuminate/Pipeline/Pipeline.php(219): Illuminate/Foundation/Http/Middleware/PreventRequestsDuringMaintenance->handle(Object(Illuminate/Http/Request), Object(Closure))
#103 D:/Backend-game-topup/web/project/vendor/laravel/framework/src/Illuminate/Http/Middleware/HandleCors.php(61): Illuminate/Pipeline/Pipeline->{closure:{closure:Illuminate/Pipeline/Pipeline::carry():194}:195}(Object(Illuminate/Http/Request))
#104 D:/Backend-game-topup/web/project/vendor/laravel/framework/src/Illuminate/Pipeline/Pipeline.php(219): Illuminate/Http/Middleware/HandleCors->handle(Object(Illuminate/Http/Request), Object(Closure))
#105 D:/Backend-game-topup/web/project/vendor/laravel/framework/src/Illuminate/Http/Middleware/TrustProxies.php(58): Illuminate/Pipeline/Pipeline->{closure:{closure:Illuminate/Pipeline/Pipeline::carry():194}:195}(Object(Illuminate/Http/Request))
#106 D:/Backend-game-topup/web/project/vendor/laravel/framework/src/Illuminate/Pipeline/Pipeline.php(219): Illuminate/Http/Middleware/TrustProxies->handle(Object(Illuminate/Http/Request), Object(Closure))
#107 D:/Backend-game-topup/web/project/vendor/laravel/framework/src/Illuminate/Http/Middleware/TrustHosts.php(78): Illuminate/Pipeline/Pipeline->{closure:{closure:Illuminate/Pipeline/Pipeline::carry():194}:195}(Object(Illuminate/Http/Request))
#108 D:/Backend-game-topup/web/project/vendor/laravel/framework/src/Illuminate/Pipeline/Pipeline.php(219): Illuminate/Http/Middleware/TrustHosts->handle(Object(Illuminate/Http/Request), Object(Closure))
#109 D:/Backend-game-topup/web/project/vendor/laravel/framework/src/Illuminate/Pipeline/Pipeline.php(137): Illuminate/Pipeline/Pipeline->{closure:{closure:Illuminate/Pipeline/Pipeline::carry():194}:195}(Object(Illuminate/Http/Request))
#110 D:/Backend-game-topup/web/project/vendor/laravel/framework/src/Illuminate/Foundation/Http/Kernel.php(175): Illuminate/Pipeline/Pipeline->then(Object(Closure))
#111 D:/Backend-game-topup/web/project/vendor/laravel/framework/src/Illuminate/Foundation/Http/Kernel.php(144): Illuminate/Foundation/Http/Kernel->sendRequestThroughRouter(Object(Illuminate/Http/Request))
#112 D:/Backend-game-topup/web/project/public/index.php(51): Illuminate/Foundation/Http/Kernel->handle(Object(Illuminate/Http/Request))
#113 D:/Backend-game-topup/web/project/server.php(21): require_once('D://Backend-game...')
#114 {main}
"} 
[2026-02-02 23:26:41] local.ERROR: Exception occurred: Class App\Models\User contains 3 abstract methods and must therefore be declared abstract or implement the remaining methods (Filament\Auth\MultiFactor\App\Contracts\HasAppAuthentication::getAppAuthenticationSecret, Filament\Auth\MultiFactor\App\Contracts\HasAppAuthentication::saveAppAuthenticationSecret, Filament\Auth\MultiFactor\App\Contracts\HasAppAuthentication::getAppAuthenticationHolderName) {"exception":"[object] (Symfony\\Component\\ErrorHandler\\Error\\FatalError(code: 0): Class App\\Models\\User contains 3 abstract methods and must therefore be declared abstract or implement the remaining methods (Filament\\Auth\\MultiFactor\\App\\Contracts\\HasAppAuthentication::getAppAuthenticationSecret, Filament\\Auth\\MultiFactor\\App\\Contracts\\HasAppAuthentication::saveAppAuthenticationSecret, Filament\\Auth\\MultiFactor\\App\\Contracts\\HasAppAuthentication::getAppAuthenticationHolderName) at D:/Backend-game-topup/web/project/app/Models/User.php:14)
[stacktrace]
#0 {main}
"} 
[2026-02-02 23:26:41] local.ERROR: Class App\Models\User contains 3 abstract methods and must therefore be declared abstract or implement the remaining methods (Filament\Auth\MultiFactor\App\Contracts\HasAppAuthentication::getAppAuthenticationSecret, Filament\Auth\MultiFactor\App\Contracts\HasAppAuthentication::saveAppAuthenticationSecret, Filament\Auth\MultiFactor\App\Contracts\HasAppAuthentication::getAppAuthenticationHolderName) {"exception":"[object] (Symfony\\Component\\ErrorHandler\\Error\\FatalError(code: 0): Class App\\Models\\User contains 3 abstract methods and must therefore be declared abstract or implement the remaining methods (Filament\\Auth\\MultiFactor\\App\\Contracts\\HasAppAuthentication::getAppAuthenticationSecret, Filament\\Auth\\MultiFactor\\App\\Contracts\\HasAppAuthentication::saveAppAuthenticationSecret, Filament\\Auth\\MultiFactor\\App\\Contracts\\HasAppAuthentication::getAppAuthenticationHolderName) at D:/Backend-game-topup/web/project/app/Models/User.php:14)
[stacktrace]
#0 {main}
"} 
[2026-02-02 23:39:23] local.ERROR: Exception occurred: SQLSTATE[42S22]: Column not found: 1054 Unknown column 'two_factor_secret' in 'field list' (Connection: mysql, Host: localhost, Port: 3306, Database: topup, SQL: update `users` set `two_factor_secret` = XJ6I4DZJ4AGARZTL, `users`.`updated_at` = 2026-02-02 23:39:23 where `id` = 350) {"exception":"[object] (Illuminate\\Database\\QueryException(code: 42S22): SQLSTATE[42S22]: Column not found: 1054 Unknown column 'two_factor_secret' in 'field list' (Connection: mysql, Host: localhost, Port: 3306, Database: topup, SQL: update `users` set `two_factor_secret` = XJ6I4DZJ4AGARZTL, `users`.`updated_at` = 2026-02-02 23:39:23 where `id` = 350) at D:/Backend-game-topup/web/project/vendor/laravel/framework/src/Illuminate/Database/Connection.php:838)
[stacktrace]
#0 D:/Backend-game-topup/web/project/vendor/laravel/framework/src/Illuminate/Database/Connection.php(794): Illuminate/Database/Connection->runQueryCallback('update `users` ...', Array, Object(Closure))
#1 D:/Backend-game-topup/web/project/vendor/laravel/framework/src/Illuminate/Database/Connection.php(597): Illuminate/Database/Connection->run('update `users` ...', Array, Object(Closure))
#2 D:/Backend-game-topup/web/project/vendor/laravel/framework/src/Illuminate/Database/Connection.php(549): Illuminate/Database/Connection->affectingStatement('update `users` ...', Array)
#3 D:/Backend-game-topup/web/project/vendor/laravel/framework/src/Illuminate/Database/Query/Builder.php(4118): Illuminate/Database/Connection->update('update `users` ...', Array)
#4 D:/Backend-game-topup/web/project/vendor/laravel/framework/src/Illuminate/Database/Eloquent/Builder.php(1266): Illuminate/Database/Query/Builder->update(Object(Illuminate/Support/Collection))
#5 D:/Backend-game-topup/web/project/vendor/laravel/framework/src/Illuminate/Database/Eloquent/Model.php(1316): Illuminate/Database/Eloquent/Builder->update(Array)
#6 D:/Backend-game-topup/web/project/vendor/laravel/framework/src/Illuminate/Database/Eloquent/Model.php(1233): Illuminate/Database/Eloquent/Model->performUpdate(Object(Illuminate/Database/Eloquent/Builder))
#7 D:/Backend-game-topup/web/project/app/Models/User.php(70): Illuminate/Database/Eloquent/Model->save()
#8 D:/Backend-game-topup/web/project/vendor/filament/filament/src/Auth/MultiFactor/App/AppAuthentication.php(90): App/Models/User->saveAppAuthenticationSecret('XJ6I4DZJ4AGARZT...')
#9 D:/Backend-game-topup/web/project/vendor/filament/filament/src/Auth/MultiFactor/App/Actions/SetUpAppAuthenticationAction.php(162): Filament/Auth/MultiFactor/App/AppAuthentication->saveSecret(Object(App/Models/User), 'XJ6I4DZJ4AGARZT...')
#10 D:/Backend-game-topup/web/project/vendor/laravel/framework/src/Illuminate/Database/Concerns/ManagesTransactions.php(35): Filament/Auth/MultiFactor/App/Actions/SetUpAppAuthenticationAction::{closure:{closure:Filament/Auth/MultiFactor/App/Actions/SetUpAppAuthenticationAction::make():149}:161}(Object(Illuminate/Database/MySqlConnection))
#11 D:/Backend-game-topup/web/project/vendor/laravel/framework/src/Illuminate/Database/DatabaseManager.php(491): Illuminate/Database/Connection->transaction(Object(Closure))
#12 D:/Backend-game-topup/web/project/vendor/laravel/framework/src/Illuminate/Support/Facades/Facade.php(363): Illuminate/Database/DatabaseManager->__call('transaction', Array)
#13 D:/Backend-game-topup/web/project/vendor/filament/filament/src/Auth/MultiFactor/App/Actions/SetUpAppAuthenticationAction.php(161): Illuminate/Support/Facades/Facade::__callStatic('transaction', Array)
#14 D:/Backend-game-topup/web/project/vendor/filament/support/src/Concerns/EvaluatesClosures.php(36): Filament/Auth/MultiFactor/App/Actions/SetUpAppAuthenticationAction::{closure:Filament/Auth/MultiFactor/App/Actions/SetUpAppAuthenticationAction::make():149}(Array)
#15 D:/Backend-game-topup/web/project/vendor/filament/actions/src/Action.php(545): Filament/Support/Components/Component->evaluate(Object(Closure), Array)
#16 D:/Backend-game-topup/web/project/vendor/filament/actions/src/Concerns/InteractsWithActions.php(257): Filament/Actions/Action->call(Array)
#17 D:/Backend-game-topup/web/project/vendor/laravel/framework/src/Illuminate/Container/BoundMethod.php(36): Filament/Pages/BasePage->callMountedAction(Array)
#18 D:/Backend-game-topup/web/project/vendor/laravel/framework/src/Illuminate/Container/Util.php(43): Illuminate/Container/BoundMethod::{closure:Illuminate/Container/BoundMethod::call():35}()
#19 D:/Backend-game-topup/web/project/vendor/laravel/framework/src/Illuminate/Container/BoundMethod.php(96): Illuminate/Container/Util::unwrapIfClosure(Object(Closure))
#20 D:/Backend-game-topup/web/project/vendor/laravel/framework/src/Illuminate/Container/BoundMethod.php(35): Illuminate/Container/BoundMethod::callBoundMethod(Object(Illuminate/Foundation/Application), Array, Object(Closure))
#21 D:/Backend-game-topup/web/project/vendor/livewire/livewire/src/Wrapped.php(23): Illuminate/Container/BoundMethod::call(Object(Illuminate/Foundation/Application), Array, Array)
#22 D:/Backend-game-topup/web/project/vendor/livewire/livewire/src/Mechanisms/HandleComponents/HandleComponents.php(492): Livewire/Wrapped->__call('callMountedActi...', Array)
#23 D:/Backend-game-topup/web/project/vendor/livewire/livewire/src/Mechanisms/HandleComponents/HandleComponents.php(101): Livewire/Mechanisms/HandleComponents/HandleComponents->callMethods(Object(Filament/Auth/Pages/EditProfile), Array, Object(Livewire/Mechanisms/HandleComponents/ComponentContext))
#24 D:/Backend-game-topup/web/project/vendor/livewire/livewire/src/LivewireManager.php(102): Livewire/Mechanisms/HandleComponents/HandleComponents->update(Array, Array, Array)
#25 D:/Backend-game-topup/web/project/vendor/livewire/livewire/src/Mechanisms/HandleRequests/HandleRequests.php(124): Livewire/LivewireManager->update(Array, Array, Array)
#26 D:/Backend-game-topup/web/project/vendor/laravel/framework/src/Illuminate/Routing/ControllerDispatcher.php(46): Livewire/Mechanisms/HandleRequests/HandleRequests->handleUpdate()
#27 D:/Backend-game-topup/web/project/vendor/laravel/framework/src/Illuminate/Routing/Route.php(265): Illuminate/Routing/ControllerDispatcher->dispatch(Object(Illuminate/Routing/Route), Object(Livewire/Mechanisms/HandleRequests/HandleRequests), 'handleUpdate')
#28 D:/Backend-game-topup/web/project/vendor/laravel/framework/src/Illuminate/Routing/Route.php(211): Illuminate/Routing/Route->runController()
#29 D:/Backend-game-topup/web/project/vendor/laravel/framework/src/Illuminate/Routing/Router.php(822): Illuminate/Routing/Route->run()
#30 D:/Backend-game-topup/web/project/vendor/laravel/framework/src/Illuminate/Pipeline/Pipeline.php(180): Illuminate/Routing/Router->{closure:Illuminate/Routing/Router::runRouteWithinStack():821}(Object(Illuminate/Http/Request))
#31 D:/Backend-game-topup/web/project/app/Http/Middleware/LanguageDetectMiddleware.php(24): Illuminate/Pipeline/Pipeline->{closure:Illuminate/Pipeline/Pipeline::prepareDestination():178}(Object(Illuminate/Http/Request))
#32 D:/Backend-game-topup/web/project/vendor/laravel/framework/src/Illuminate/Pipeline/Pipeline.php(219): App/Http/Middleware/LanguageDetectMiddleware->handle(Object(Illuminate/Http/Request), Object(Closure))
#33 D:/Backend-game-topup/web/project/app/Http/Middleware/TrackVisitors.php(33): Illuminate/Pipeline/Pipeline->{closure:{closure:Illuminate/Pipeline/Pipeline::carry():194}:195}(Object(Illuminate/Http/Request))
#34 D:/Backend-game-topup/web/project/vendor/laravel/framework/src/Illuminate/Pipeline/Pipeline.php(219): App/Http/Middleware/TrackVisitors->handle(Object(Illuminate/Http/Request), Object(Closure))
#35 D:/Backend-game-topup/web/project/app/Http/Middleware/AddExpirationDateToCookie.php(21): Illuminate/Pipeline/Pipeline->{closure:{closure:Illuminate/Pipeline/Pipeline::carry():194}:195}(Object(Illuminate/Http/Request))
#36 D:/Backend-game-topup/web/project/vendor/laravel/framework/src/Illuminate/Pipeline/Pipeline.php(219): App/Http/Middleware/AddExpirationDateToCookie->handle(Object(Illuminate/Http/Request), Object(Closure))
#37 D:/Backend-game-topup/web/project/vendor/laravel/framework/src/Illuminate/Routing/Middleware/SubstituteBindings.php(50): Illuminate/Pipeline/Pipeline->{closure:{closure:Illuminate/Pipeline/Pipeline::carry():194}:195}(Object(Illuminate/Http/Request))
#38 D:/Backend-game-topup/web/project/vendor/laravel/framework/src/Illuminate/Pipeline/Pipeline.php(219): Illuminate/Routing/Middleware/SubstituteBindings->handle(Object(Illuminate/Http/Request), Object(Closure))
#39 D:/Backend-game-topup/web/project/app/Http/Middleware/VerifyCsrfToken.php(31): Illuminate/Pipeline/Pipeline->{closure:{closure:Illuminate/Pipeline/Pipeline::carry():194}:195}(Object(Illuminate/Http/Request))
#40 D:/Backend-game-topup/web/project/vendor/laravel/framework/src/Illuminate/Pipeline/Pipeline.php(219): App/Http/Middleware/VerifyCsrfToken->handle(Object(Illuminate/Http/Request), Object(Closure))
#41 D:/Backend-game-topup/web/project/vendor/laravel/framework/src/Illuminate/View/Middleware/ShareErrorsFromSession.php(48): Illuminate/Pipeline/Pipeline->{closure:{closure:Illuminate/Pipeline/Pipeline::carry():194}:195}(Object(Illuminate/Http/Request))
#42 D:/Backend-game-topup/web/project/vendor/laravel/framework/src/Illuminate/Pipeline/Pipeline.php(219): Illuminate/View/Middleware/ShareErrorsFromSession->handle(Object(Illuminate/Http/Request), Object(Closure))
#43 D:/Backend-game-topup/web/project/vendor/laravel/framework/src/Illuminate/Session/Middleware/StartSession.php(120): Illuminate/Pipeline/Pipeline->{closure:{closure:Illuminate/Pipeline/Pipeline::carry():194}:195}(Object(Illuminate/Http/Request))
#44 D:/Backend-game-topup/web/project/vendor/laravel/framework/src/Illuminate/Session/Middleware/StartSession.php(63): Illuminate/Session/Middleware/StartSession->handleStatefulRequest(Object(Illuminate/Http/Request), Object(Illuminate/Session/EncryptedStore), Object(Closure))
#45 D:/Backend-game-topup/web/project/vendor/laravel/framework/src/Illuminate/Pipeline/Pipeline.php(219): Illuminate/Session/Middleware/StartSession->handle(Object(Illuminate/Http/Request), Object(Closure))
#46 D:/Backend-game-topup/web/project/vendor/laravel/framework/src/Illuminate/Cookie/Middleware/AddQueuedCookiesToResponse.php(36): Illuminate/Pipeline/Pipeline->{closure:{closure:Illuminate/Pipeline/Pipeline::carry():194}:195}(Object(Illuminate/Http/Request))
#47 D:/Backend-game-topup/web/project/vendor/laravel/framework/src/Illuminate/Pipeline/Pipeline.php(219): Illuminate/Cookie/Middleware/AddQueuedCookiesToResponse->handle(Object(Illuminate/Http/Request), Object(Closure))
#48 D:/Backend-game-topup/web/project/vendor/laravel/framework/src/Illuminate/Cookie/Middleware/EncryptCookies.php(74): Illuminate/Pipeline/Pipeline->{closure:{closure:Illuminate/Pipeline/Pipeline::carry():194}:195}(Object(Illuminate/Http/Request))
#49 D:/Backend-game-topup/web/project/vendor/laravel/framework/src/Illuminate/Pipeline/Pipeline.php(219): Illuminate/Cookie/Middleware/EncryptCookies->handle(Object(Illuminate/Http/Request), Object(Closure))
#50 D:/Backend-game-topup/web/project/vendor/laravel/framework/src/Illuminate/Pipeline/Pipeline.php(137): Illuminate/Pipeline/Pipeline->{closure:{closure:Illuminate/Pipeline/Pipeline::carry():194}:195}(Object(Illuminate/Http/Request))
#51 D:/Backend-game-topup/web/project/vendor/laravel/framework/src/Illuminate/Routing/Router.php(821): Illuminate/Pipeline/Pipeline->then(Object(Closure))
#52 D:/Backend-game-topup/web/project/vendor/laravel/framework/src/Illuminate/Routing/Router.php(800): Illuminate/Routing/Router->runRouteWithinStack(Object(Illuminate/Routing/Route), Object(Illuminate/Http/Request))
#53 D:/Backend-game-topup/web/project/vendor/laravel/framework/src/Illuminate/Routing/Router.php(764): Illuminate/Routing/Router->runRoute(Object(Illuminate/Http/Request), Object(Illuminate/Routing/Route))
#54 D:/Backend-game-topup/web/project/vendor/laravel/framework/src/Illuminate/Routing/Router.php(753): Illuminate/Routing/Router->dispatchToRoute(Object(Illuminate/Http/Request))
#55 D:/Backend-game-topup/web/project/vendor/laravel/framework/src/Illuminate/Foundation/Http/Kernel.php(200): Illuminate/Routing/Router->dispatch(Object(Illuminate/Http/Request))
#56 D:/Backend-game-topup/web/project/vendor/laravel/framework/src/Illuminate/Pipeline/Pipeline.php(180): Illuminate/Foundation/Http/Kernel->{closure:Illuminate/Foundation/Http/Kernel::dispatchToRouter():197}(Object(Illuminate/Http/Request))
#57 D:/Backend-game-topup/web/project/vendor/livewire/livewire/src/Features/SupportDisablingBackButtonCache/DisableBackButtonCacheMiddleware.php(19): Illuminate/Pipeline/Pipeline->{closure:Illuminate/Pipeline/Pipeline::prepareDestination():178}(Object(Illuminate/Http/Request))
#58 D:/Backend-game-topup/web/project/vendor/laravel/framework/src/Illuminate/Pipeline/Pipeline.php(219): Livewire/Features/SupportDisablingBackButtonCache/DisableBackButtonCacheMiddleware->handle(Object(Illuminate/Http/Request), Object(Closure))
#59 D:/Backend-game-topup/web/project/vendor/laravel/framework/src/Illuminate/Foundation/Http/Middleware/ConvertEmptyStringsToNull.php(27): Illuminate/Pipeline/Pipeline->{closure:{closure:Illuminate/Pipeline/Pipeline::carry():194}:195}(Object(Illuminate/Http/Request))
#60 D:/Backend-game-topup/web/project/vendor/laravel/framework/src/Illuminate/Pipeline/Pipeline.php(219): Illuminate/Foundation/Http/Middleware/ConvertEmptyStringsToNull->handle(Object(Illuminate/Http/Request), Object(Closure))
#61 D:/Backend-game-topup/web/project/vendor/laravel/framework/src/Illuminate/Foundation/Http/Middleware/TrimStrings.php(47): Illuminate/Pipeline/Pipeline->{closure:{closure:Illuminate/Pipeline/Pipeline::carry():194}:195}(Object(Illuminate/Http/Request))
#62 D:/Backend-game-topup/web/project/vendor/laravel/framework/src/Illuminate/Pipeline/Pipeline.php(219): Illuminate/Foundation/Http/Middleware/TrimStrings->handle(Object(Illuminate/Http/Request), Object(Closure))
#63 D:/Backend-game-topup/web/project/vendor/laravel/framework/src/Illuminate/Http/Middleware/ValidatePostSize.php(27): Illuminate/Pipeline/Pipeline->{closure:{closure:Illuminate/Pipeline/Pipeline::carry():194}:195}(Object(Illuminate/Http/Request))
#64 D:/Backend-game-topup/web/project/vendor/laravel/framework/src/Illuminate/Pipeline/Pipeline.php(219): Illuminate/Http/Middleware/ValidatePostSize->handle(Object(Illuminate/Http/Request), Object(Closure))
#65 D:/Backend-game-topup/web/project/vendor/laravel/framework/src/Illuminate/Foundation/Http/Middleware/PreventRequestsDuringMaintenance.php(109): Illuminate/Pipeline/Pipeline->{closure:{closure:Illuminate/Pipeline/Pipeline::carry():194}:195}(Object(Illuminate/Http/Request))
#66 D:/Backend-game-topup/web/project/vendor/laravel/framework/src/Illuminate/Pipeline/Pipeline.php(219): Illuminate/Foundation/Http/Middleware/PreventRequestsDuringMaintenance->handle(Object(Illuminate/Http/Request), Object(Closure))
#67 D:/Backend-game-topup/web/project/vendor/laravel/framework/src/Illuminate/Http/Middleware/HandleCors.php(61): Illuminate/Pipeline/Pipeline->{closure:{closure:Illuminate/Pipeline/Pipeline::carry():194}:195}(Object(Illuminate/Http/Request))
#68 D:/Backend-game-topup/web/project/vendor/laravel/framework/src/Illuminate/Pipeline/Pipeline.php(219): Illuminate/Http/Middleware/HandleCors->handle(Object(Illuminate/Http/Request), Object(Closure))
#69 D:/Backend-game-topup/web/project/vendor/laravel/framework/src/Illuminate/Http/Middleware/TrustProxies.php(58): Illuminate/Pipeline/Pipeline->{closure:{closure:Illuminate/Pipeline/Pipeline::carry():194}:195}(Object(Illuminate/Http/Request))
#70 D:/Backend-game-topup/web/project/vendor/laravel/framework/src/Illuminate/Pipeline/Pipeline.php(219): Illuminate/Http/Middleware/TrustProxies->handle(Object(Illuminate/Http/Request), Object(Closure))
#71 D:/Backend-game-topup/web/project/vendor/laravel/framework/src/Illuminate/Http/Middleware/TrustHosts.php(78): Illuminate/Pipeline/Pipeline->{closure:{closure:Illuminate/Pipeline/Pipeline::carry():194}:195}(Object(Illuminate/Http/Request))
#72 D:/Backend-game-topup/web/project/vendor/laravel/framework/src/Illuminate/Pipeline/Pipeline.php(219): Illuminate/Http/Middleware/TrustHosts->handle(Object(Illuminate/Http/Request), Object(Closure))
#73 D:/Backend-game-topup/web/project/vendor/laravel/framework/src/Illuminate/Pipeline/Pipeline.php(137): Illuminate/Pipeline/Pipeline->{closure:{closure:Illuminate/Pipeline/Pipeline::carry():194}:195}(Object(Illuminate/Http/Request))
#74 D:/Backend-game-topup/web/project/vendor/laravel/framework/src/Illuminate/Foundation/Http/Kernel.php(175): Illuminate/Pipeline/Pipeline->then(Object(Closure))
#75 D:/Backend-game-topup/web/project/vendor/laravel/framework/src/Illuminate/Foundation/Http/Kernel.php(144): Illuminate/Foundation/Http/Kernel->sendRequestThroughRouter(Object(Illuminate/Http/Request))
#76 D:/Backend-game-topup/web/project/public/index.php(51): Illuminate/Foundation/Http/Kernel->handle(Object(Illuminate/Http/Request))
#77 D:/Backend-game-topup/web/project/server.php(21): require_once('D://Backend-game...')
#78 {main}

[previous exception] [object] (PDOException(code: 42S22): SQLSTATE[42S22]: Column not found: 1054 Unknown column 'two_factor_secret' in 'field list' at D:/Backend-game-topup/web/project/vendor/laravel/framework/src/Illuminate/Database/Connection.php:605)
[stacktrace]
#0 D:/Backend-game-topup/web/project/vendor/laravel/framework/src/Illuminate/Database/Connection.php(605): PDO->prepare('update `users` ...')
#1 D:/Backend-game-topup/web/project/vendor/laravel/framework/src/Illuminate/Database/Connection.php(827): Illuminate/Database/Connection->{closure:Illuminate/Database/Connection::affectingStatement():597}('update `users` ...', Array)
#2 D:/Backend-game-topup/web/project/vendor/laravel/framework/src/Illuminate/Database/Connection.php(794): Illuminate/Database/Connection->runQueryCallback('update `users` ...', Array, Object(Closure))
#3 D:/Backend-game-topup/web/project/vendor/laravel/framework/src/Illuminate/Database/Connection.php(597): Illuminate/Database/Connection->run('update `users` ...', Array, Object(Closure))
#4 D:/Backend-game-topup/web/project/vendor/laravel/framework/src/Illuminate/Database/Connection.php(549): Illuminate/Database/Connection->affectingStatement('update `users` ...', Array)
#5 D:/Backend-game-topup/web/project/vendor/laravel/framework/src/Illuminate/Database/Query/Builder.php(4118): Illuminate/Database/Connection->update('update `users` ...', Array)
#6 D:/Backend-game-topup/web/project/vendor/laravel/framework/src/Illuminate/Database/Eloquent/Builder.php(1266): Illuminate/Database/Query/Builder->update(Object(Illuminate/Support/Collection))
#7 D:/Backend-game-topup/web/project/vendor/laravel/framework/src/Illuminate/Database/Eloquent/Model.php(1316): Illuminate/Database/Eloquent/Builder->update(Array)
#8 D:/Backend-game-topup/web/project/vendor/laravel/framework/src/Illuminate/Database/Eloquent/Model.php(1233): Illuminate/Database/Eloquent/Model->performUpdate(Object(Illuminate/Database/Eloquent/Builder))
#9 D:/Backend-game-topup/web/project/app/Models/User.php(70): Illuminate/Database/Eloquent/Model->save()
#10 D:/Backend-game-topup/web/project/vendor/filament/filament/src/Auth/MultiFactor/App/AppAuthentication.php(90): App/Models/User->saveAppAuthenticationSecret('XJ6I4DZJ4AGARZT...')
#11 D:/Backend-game-topup/web/project/vendor/filament/filament/src/Auth/MultiFactor/App/Actions/SetUpAppAuthenticationAction.php(162): Filament/Auth/MultiFactor/App/AppAuthentication->saveSecret(Object(App/Models/User), 'XJ6I4DZJ4AGARZT...')
#12 D:/Backend-game-topup/web/project/vendor/laravel/framework/src/Illuminate/Database/Concerns/ManagesTransactions.php(35): Filament/Auth/MultiFactor/App/Actions/SetUpAppAuthenticationAction::{closure:{closure:Filament/Auth/MultiFactor/App/Actions/SetUpAppAuthenticationAction::make():149}:161}(Object(Illuminate/Database/MySqlConnection))
#13 D:/Backend-game-topup/web/project/vendor/laravel/framework/src/Illuminate/Database/DatabaseManager.php(491): Illuminate/Database/Connection->transaction(Object(Closure))
#14 D:/Backend-game-topup/web/project/vendor/laravel/framework/src/Illuminate/Support/Facades/Facade.php(363): Illuminate/Database/DatabaseManager->__call('transaction', Array)
#15 D:/Backend-game-topup/web/project/vendor/filament/filament/src/Auth/MultiFactor/App/Actions/SetUpAppAuthenticationAction.php(161): Illuminate/Support/Facades/Facade::__callStatic('transaction', Array)
#16 D:/Backend-game-topup/web/project/vendor/filament/support/src/Concerns/EvaluatesClosures.php(36): Filament/Auth/MultiFactor/App/Actions/SetUpAppAuthenticationAction::{closure:Filament/Auth/MultiFactor/App/Actions/SetUpAppAuthenticationAction::make():149}(Array)
#17 D:/Backend-game-topup/web/project/vendor/filament/actions/src/Action.php(545): Filament/Support/Components/Component->evaluate(Object(Closure), Array)
#18 D:/Backend-game-topup/web/project/vendor/filament/actions/src/Concerns/InteractsWithActions.php(257): Filament/Actions/Action->call(Array)
#19 D:/Backend-game-topup/web/project/vendor/laravel/framework/src/Illuminate/Container/BoundMethod.php(36): Filament/Pages/BasePage->callMountedAction(Array)
#20 D:/Backend-game-topup/web/project/vendor/laravel/framework/src/Illuminate/Container/Util.php(43): Illuminate/Container/BoundMethod::{closure:Illuminate/Container/BoundMethod::call():35}()
#21 D:/Backend-game-topup/web/project/vendor/laravel/framework/src/Illuminate/Container/BoundMethod.php(96): Illuminate/Container/Util::unwrapIfClosure(Object(Closure))
#22 D:/Backend-game-topup/web/project/vendor/laravel/framework/src/Illuminate/Container/BoundMethod.php(35): Illuminate/Container/BoundMethod::callBoundMethod(Object(Illuminate/Foundation/Application), Array, Object(Closure))
#23 D:/Backend-game-topup/web/project/vendor/livewire/livewire/src/Wrapped.php(23): Illuminate/Container/BoundMethod::call(Object(Illuminate/Foundation/Application), Array, Array)
#24 D:/Backend-game-topup/web/project/vendor/livewire/livewire/src/Mechanisms/HandleComponents/HandleComponents.php(492): Livewire/Wrapped->__call('callMountedActi...', Array)
#25 D:/Backend-game-topup/web/project/vendor/livewire/livewire/src/Mechanisms/HandleComponents/HandleComponents.php(101): Livewire/Mechanisms/HandleComponents/HandleComponents->callMethods(Object(Filament/Auth/Pages/EditProfile), Array, Object(Livewire/Mechanisms/HandleComponents/ComponentContext))
#26 D:/Backend-game-topup/web/project/vendor/livewire/livewire/src/LivewireManager.php(102): Livewire/Mechanisms/HandleComponents/HandleComponents->update(Array, Array, Array)
#27 D:/Backend-game-topup/web/project/vendor/livewire/livewire/src/Mechanisms/HandleRequests/HandleRequests.php(124): Livewire/LivewireManager->update(Array, Array, Array)
#28 D:/Backend-game-topup/web/project/vendor/laravel/framework/src/Illuminate/Routing/ControllerDispatcher.php(46): Livewire/Mechanisms/HandleRequests/HandleRequests->handleUpdate()
#29 D:/Backend-game-topup/web/project/vendor/laravel/framework/src/Illuminate/Routing/Route.php(265): Illuminate/Routing/ControllerDispatcher->dispatch(Object(Illuminate/Routing/Route), Object(Livewire/Mechanisms/HandleRequests/HandleRequests), 'handleUpdate')
#30 D:/Backend-game-topup/web/project/vendor/laravel/framework/src/Illuminate/Routing/Route.php(211): Illuminate/Routing/Route->runController()
#31 D:/Backend-game-topup/web/project/vendor/laravel/framework/src/Illuminate/Routing/Router.php(822): Illuminate/Routing/Route->run()
#32 D:/Backend-game-topup/web/project/vendor/laravel/framework/src/Illuminate/Pipeline/Pipeline.php(180): Illuminate/Routing/Router->{closure:Illuminate/Routing/Router::runRouteWithinStack():821}(Object(Illuminate/Http/Request))
#33 D:/Backend-game-topup/web/project/app/Http/Middleware/LanguageDetectMiddleware.php(24): Illuminate/Pipeline/Pipeline->{closure:Illuminate/Pipeline/Pipeline::prepareDestination():178}(Object(Illuminate/Http/Request))
#34 D:/Backend-game-topup/web/project/vendor/laravel/framework/src/Illuminate/Pipeline/Pipeline.php(219): App/Http/Middleware/LanguageDetectMiddleware->handle(Object(Illuminate/Http/Request), Object(Closure))
#35 D:/Backend-game-topup/web/project/app/Http/Middleware/TrackVisitors.php(33): Illuminate/Pipeline/Pipeline->{closure:{closure:Illuminate/Pipeline/Pipeline::carry():194}:195}(Object(Illuminate/Http/Request))
#36 D:/Backend-game-topup/web/project/vendor/laravel/framework/src/Illuminate/Pipeline/Pipeline.php(219): App/Http/Middleware/TrackVisitors->handle(Object(Illuminate/Http/Request), Object(Closure))
#37 D:/Backend-game-topup/web/project/app/Http/Middleware/AddExpirationDateToCookie.php(21): Illuminate/Pipeline/Pipeline->{closure:{closure:Illuminate/Pipeline/Pipeline::carry():194}:195}(Object(Illuminate/Http/Request))
#38 D:/Backend-game-topup/web/project/vendor/laravel/framework/src/Illuminate/Pipeline/Pipeline.php(219): App/Http/Middleware/AddExpirationDateToCookie->handle(Object(Illuminate/Http/Request), Object(Closure))
#39 D:/Backend-game-topup/web/project/vendor/laravel/framework/src/Illuminate/Routing/Middleware/SubstituteBindings.php(50): Illuminate/Pipeline/Pipeline->{closure:{closure:Illuminate/Pipeline/Pipeline::carry():194}:195}(Object(Illuminate/Http/Request))
#40 D:/Backend-game-topup/web/project/vendor/laravel/framework/src/Illuminate/Pipeline/Pipeline.php(219): Illuminate/Routing/Middleware/SubstituteBindings->handle(Object(Illuminate/Http/Request), Object(Closure))
#41 D:/Backend-game-topup/web/project/app/Http/Middleware/VerifyCsrfToken.php(31): Illuminate/Pipeline/Pipeline->{closure:{closure:Illuminate/Pipeline/Pipeline::carry():194}:195}(Object(Illuminate/Http/Request))
#42 D:/Backend-game-topup/web/project/vendor/laravel/framework/src/Illuminate/Pipeline/Pipeline.php(219): App/Http/Middleware/VerifyCsrfToken->handle(Object(Illuminate/Http/Request), Object(Closure))
#43 D:/Backend-game-topup/web/project/vendor/laravel/framework/src/Illuminate/View/Middleware/ShareErrorsFromSession.php(48): Illuminate/Pipeline/Pipeline->{closure:{closure:Illuminate/Pipeline/Pipeline::carry():194}:195}(Object(Illuminate/Http/Request))
#44 D:/Backend-game-topup/web/project/vendor/laravel/framework/src/Illuminate/Pipeline/Pipeline.php(219): Illuminate/View/Middleware/ShareErrorsFromSession->handle(Object(Illuminate/Http/Request), Object(Closure))
#45 D:/Backend-game-topup/web/project/vendor/laravel/framework/src/Illuminate/Session/Middleware/StartSession.php(120): Illuminate/Pipeline/Pipeline->{closure:{closure:Illuminate/Pipeline/Pipeline::carry():194}:195}(Object(Illuminate/Http/Request))
#46 D:/Backend-game-topup/web/project/vendor/laravel/framework/src/Illuminate/Session/Middleware/StartSession.php(63): Illuminate/Session/Middleware/StartSession->handleStatefulRequest(Object(Illuminate/Http/Request), Object(Illuminate/Session/EncryptedStore), Object(Closure))
#47 D:/Backend-game-topup/web/project/vendor/laravel/framework/src/Illuminate/Pipeline/Pipeline.php(219): Illuminate/Session/Middleware/StartSession->handle(Object(Illuminate/Http/Request), Object(Closure))
#48 D:/Backend-game-topup/web/project/vendor/laravel/framework/src/Illuminate/Cookie/Middleware/AddQueuedCookiesToResponse.php(36): Illuminate/Pipeline/Pipeline->{closure:{closure:Illuminate/Pipeline/Pipeline::carry():194}:195}(Object(Illuminate/Http/Request))
#49 D:/Backend-game-topup/web/project/vendor/laravel/framework/src/Illuminate/Pipeline/Pipeline.php(219): Illuminate/Cookie/Middleware/AddQueuedCookiesToResponse->handle(Object(Illuminate/Http/Request), Object(Closure))
#50 D:/Backend-game-topup/web/project/vendor/laravel/framework/src/Illuminate/Cookie/Middleware/EncryptCookies.php(74): Illuminate/Pipeline/Pipeline->{closure:{closure:Illuminate/Pipeline/Pipeline::carry():194}:195}(Object(Illuminate/Http/Request))
#51 D:/Backend-game-topup/web/project/vendor/laravel/framework/src/Illuminate/Pipeline/Pipeline.php(219): Illuminate/Cookie/Middleware/EncryptCookies->handle(Object(Illuminate/Http/Request), Object(Closure))
#52 D:/Backend-game-topup/web/project/vendor/laravel/framework/src/Illuminate/Pipeline/Pipeline.php(137): Illuminate/Pipeline/Pipeline->{closure:{closure:Illuminate/Pipeline/Pipeline::carry():194}:195}(Object(Illuminate/Http/Request))
#53 D:/Backend-game-topup/web/project/vendor/laravel/framework/src/Illuminate/Routing/Router.php(821): Illuminate/Pipeline/Pipeline->then(Object(Closure))
#54 D:/Backend-game-topup/web/project/vendor/laravel/framework/src/Illuminate/Routing/Router.php(800): Illuminate/Routing/Router->runRouteWithinStack(Object(Illuminate/Routing/Route), Object(Illuminate/Http/Request))
#55 D:/Backend-game-topup/web/project/vendor/laravel/framework/src/Illuminate/Routing/Router.php(764): Illuminate/Routing/Router->runRoute(Object(Illuminate/Http/Request), Object(Illuminate/Routing/Route))
#56 D:/Backend-game-topup/web/project/vendor/laravel/framework/src/Illuminate/Routing/Router.php(753): Illuminate/Routing/Router->dispatchToRoute(Object(Illuminate/Http/Request))
#57 D:/Backend-game-topup/web/project/vendor/laravel/framework/src/Illuminate/Foundation/Http/Kernel.php(200): Illuminate/Routing/Router->dispatch(Object(Illuminate/Http/Request))
#58 D:/Backend-game-topup/web/project/vendor/laravel/framework/src/Illuminate/Pipeline/Pipeline.php(180): Illuminate/Foundation/Http/Kernel->{closure:Illuminate/Foundation/Http/Kernel::dispatchToRouter():197}(Object(Illuminate/Http/Request))
#59 D:/Backend-game-topup/web/project/vendor/livewire/livewire/src/Features/SupportDisablingBackButtonCache/DisableBackButtonCacheMiddleware.php(19): Illuminate/Pipeline/Pipeline->{closure:Illuminate/Pipeline/Pipeline::prepareDestination():178}(Object(Illuminate/Http/Request))
#60 D:/Backend-game-topup/web/project/vendor/laravel/framework/src/Illuminate/Pipeline/Pipeline.php(219): Livewire/Features/SupportDisablingBackButtonCache/DisableBackButtonCacheMiddleware->handle(Object(Illuminate/Http/Request), Object(Closure))
#61 D:/Backend-game-topup/web/project/vendor/laravel/framework/src/Illuminate/Foundation/Http/Middleware/ConvertEmptyStringsToNull.php(27): Illuminate/Pipeline/Pipeline->{closure:{closure:Illuminate/Pipeline/Pipeline::carry():194}:195}(Object(Illuminate/Http/Request))
#62 D:/Backend-game-topup/web/project/vendor/laravel/framework/src/Illuminate/Pipeline/Pipeline.php(219): Illuminate/Foundation/Http/Middleware/ConvertEmptyStringsToNull->handle(Object(Illuminate/Http/Request), Object(Closure))
#63 D:/Backend-game-topup/web/project/vendor/laravel/framework/src/Illuminate/Foundation/Http/Middleware/TrimStrings.php(47): Illuminate/Pipeline/Pipeline->{closure:{closure:Illuminate/Pipeline/Pipeline::carry():194}:195}(Object(Illuminate/Http/Request))
#64 D:/Backend-game-topup/web/project/vendor/laravel/framework/src/Illuminate/Pipeline/Pipeline.php(219): Illuminate/Foundation/Http/Middleware/TrimStrings->handle(Object(Illuminate/Http/Request), Object(Closure))
#65 D:/Backend-game-topup/web/project/vendor/laravel/framework/src/Illuminate/Http/Middleware/ValidatePostSize.php(27): Illuminate/Pipeline/Pipeline->{closure:{closure:Illuminate/Pipeline/Pipeline::carry():194}:195}(Object(Illuminate/Http/Request))
#66 D:/Backend-game-topup/web/project/vendor/laravel/framework/src/Illuminate/Pipeline/Pipeline.php(219): Illuminate/Http/Middleware/ValidatePostSize->handle(Object(Illuminate/Http/Request), Object(Closure))
#67 D:/Backend-game-topup/web/project/vendor/laravel/framework/src/Illuminate/Foundation/Http/Middleware/PreventRequestsDuringMaintenance.php(109): Illuminate/Pipeline/Pipeline->{closure:{closure:Illuminate/Pipeline/Pipeline::carry():194}:195}(Object(Illuminate/Http/Request))
#68 D:/Backend-game-topup/web/project/vendor/laravel/framework/src/Illuminate/Pipeline/Pipeline.php(219): Illuminate/Foundation/Http/Middleware/PreventRequestsDuringMaintenance->handle(Object(Illuminate/Http/Request), Object(Closure))
#69 D:/Backend-game-topup/web/project/vendor/laravel/framework/src/Illuminate/Http/Middleware/HandleCors.php(61): Illuminate/Pipeline/Pipeline->{closure:{closure:Illuminate/Pipeline/Pipeline::carry():194}:195}(Object(Illuminate/Http/Request))
#70 D:/Backend-game-topup/web/project/vendor/laravel/framework/src/Illuminate/Pipeline/Pipeline.php(219): Illuminate/Http/Middleware/HandleCors->handle(Object(Illuminate/Http/Request), Object(Closure))
#71 D:/Backend-game-topup/web/project/vendor/laravel/framework/src/Illuminate/Http/Middleware/TrustProxies.php(58): Illuminate/Pipeline/Pipeline->{closure:{closure:Illuminate/Pipeline/Pipeline::carry():194}:195}(Object(Illuminate/Http/Request))
#72 D:/Backend-game-topup/web/project/vendor/laravel/framework/src/Illuminate/Pipeline/Pipeline.php(219): Illuminate/Http/Middleware/TrustProxies->handle(Object(Illuminate/Http/Request), Object(Closure))
#73 D:/Backend-game-topup/web/project/vendor/laravel/framework/src/Illuminate/Http/Middleware/TrustHosts.php(78): Illuminate/Pipeline/Pipeline->{closure:{closure:Illuminate/Pipeline/Pipeline::carry():194}:195}(Object(Illuminate/Http/Request))
#74 D:/Backend-game-topup/web/project/vendor/laravel/framework/src/Illuminate/Pipeline/Pipeline.php(219): Illuminate/Http/Middleware/TrustHosts->handle(Object(Illuminate/Http/Request), Object(Closure))
#75 D:/Backend-game-topup/web/project/vendor/laravel/framework/src/Illuminate/Pipeline/Pipeline.php(137): Illuminate/Pipeline/Pipeline->{closure:{closure:Illuminate/Pipeline/Pipeline::carry():194}:195}(Object(Illuminate/Http/Request))
#76 D:/Backend-game-topup/web/project/vendor/laravel/framework/src/Illuminate/Foundation/Http/Kernel.php(175): Illuminate/Pipeline/Pipeline->then(Object(Closure))
#77 D:/Backend-game-topup/web/project/vendor/laravel/framework/src/Illuminate/Foundation/Http/Kernel.php(144): Illuminate/Foundation/Http/Kernel->sendRequestThroughRouter(Object(Illuminate/Http/Request))
#78 D:/Backend-game-topup/web/project/public/index.php(51): Illuminate/Foundation/Http/Kernel->handle(Object(Illuminate/Http/Request))
#79 D:/Backend-game-topup/web/project/server.php(21): require_once('D://Backend-game...')
#80 {main}
"} 
[2026-02-02 23:39:23] local.ERROR: SQLSTATE[42S22]: Column not found: 1054 Unknown column 'two_factor_secret' in 'field list' (Connection: mysql, Host: localhost, Port: 3306, Database: topup, SQL: update `users` set `two_factor_secret` = XJ6I4DZJ4AGARZTL, `users`.`updated_at` = 2026-02-02 23:39:23 where `id` = 350) {"userId":350,"exception":"[object] (Illuminate\\Database\\QueryException(code: 42S22): SQLSTATE[42S22]: Column not found: 1054 Unknown column 'two_factor_secret' in 'field list' (Connection: mysql, Host: localhost, Port: 3306, Database: topup, SQL: update `users` set `two_factor_secret` = XJ6I4DZJ4AGARZTL, `users`.`updated_at` = 2026-02-02 23:39:23 where `id` = 350) at D:/Backend-game-topup/web/project/vendor/laravel/framework/src/Illuminate/Database/Connection.php:838)
[stacktrace]
#0 D:/Backend-game-topup/web/project/vendor/laravel/framework/src/Illuminate/Database/Connection.php(794): Illuminate/Database/Connection->runQueryCallback('update `users` ...', Array, Object(Closure))
#1 D:/Backend-game-topup/web/project/vendor/laravel/framework/src/Illuminate/Database/Connection.php(597): Illuminate/Database/Connection->run('update `users` ...', Array, Object(Closure))
#2 D:/Backend-game-topup/web/project/vendor/laravel/framework/src/Illuminate/Database/Connection.php(549): Illuminate/Database/Connection->affectingStatement('update `users` ...', Array)
#3 D:/Backend-game-topup/web/project/vendor/laravel/framework/src/Illuminate/Database/Query/Builder.php(4118): Illuminate/Database/Connection->update('update `users` ...', Array)
#4 D:/Backend-game-topup/web/project/vendor/laravel/framework/src/Illuminate/Database/Eloquent/Builder.php(1266): Illuminate/Database/Query/Builder->update(Object(Illuminate/Support/Collection))
#5 D:/Backend-game-topup/web/project/vendor/laravel/framework/src/Illuminate/Database/Eloquent/Model.php(1316): Illuminate/Database/Eloquent/Builder->update(Array)
#6 D:/Backend-game-topup/web/project/vendor/laravel/framework/src/Illuminate/Database/Eloquent/Model.php(1233): Illuminate/Database/Eloquent/Model->performUpdate(Object(Illuminate/Database/Eloquent/Builder))
#7 D:/Backend-game-topup/web/project/app/Models/User.php(70): Illuminate/Database/Eloquent/Model->save()
#8 D:/Backend-game-topup/web/project/vendor/filament/filament/src/Auth/MultiFactor/App/AppAuthentication.php(90): App/Models/User->saveAppAuthenticationSecret('XJ6I4DZJ4AGARZT...')
#9 D:/Backend-game-topup/web/project/vendor/filament/filament/src/Auth/MultiFactor/App/Actions/SetUpAppAuthenticationAction.php(162): Filament/Auth/MultiFactor/App/AppAuthentication->saveSecret(Object(App/Models/User), 'XJ6I4DZJ4AGARZT...')
#10 D:/Backend-game-topup/web/project/vendor/laravel/framework/src/Illuminate/Database/Concerns/ManagesTransactions.php(35): Filament/Auth/MultiFactor/App/Actions/SetUpAppAuthenticationAction::{closure:{closure:Filament/Auth/MultiFactor/App/Actions/SetUpAppAuthenticationAction::make():149}:161}(Object(Illuminate/Database/MySqlConnection))
#11 D:/Backend-game-topup/web/project/vendor/laravel/framework/src/Illuminate/Database/DatabaseManager.php(491): Illuminate/Database/Connection->transaction(Object(Closure))
#12 D:/Backend-game-topup/web/project/vendor/laravel/framework/src/Illuminate/Support/Facades/Facade.php(363): Illuminate/Database/DatabaseManager->__call('transaction', Array)
#13 D:/Backend-game-topup/web/project/vendor/filament/filament/src/Auth/MultiFactor/App/Actions/SetUpAppAuthenticationAction.php(161): Illuminate/Support/Facades/Facade::__callStatic('transaction', Array)
#14 D:/Backend-game-topup/web/project/vendor/filament/support/src/Concerns/EvaluatesClosures.php(36): Filament/Auth/MultiFactor/App/Actions/SetUpAppAuthenticationAction::{closure:Filament/Auth/MultiFactor/App/Actions/SetUpAppAuthenticationAction::make():149}(Array)
#15 D:/Backend-game-topup/web/project/vendor/filament/actions/src/Action.php(545): Filament/Support/Components/Component->evaluate(Object(Closure), Array)
#16 D:/Backend-game-topup/web/project/vendor/filament/actions/src/Concerns/InteractsWithActions.php(257): Filament/Actions/Action->call(Array)
#17 D:/Backend-game-topup/web/project/vendor/laravel/framework/src/Illuminate/Container/BoundMethod.php(36): Filament/Pages/BasePage->callMountedAction(Array)
#18 D:/Backend-game-topup/web/project/vendor/laravel/framework/src/Illuminate/Container/Util.php(43): Illuminate/Container/BoundMethod::{closure:Illuminate/Container/BoundMethod::call():35}()
#19 D:/Backend-game-topup/web/project/vendor/laravel/framework/src/Illuminate/Container/BoundMethod.php(96): Illuminate/Container/Util::unwrapIfClosure(Object(Closure))
#20 D:/Backend-game-topup/web/project/vendor/laravel/framework/src/Illuminate/Container/BoundMethod.php(35): Illuminate/Container/BoundMethod::callBoundMethod(Object(Illuminate/Foundation/Application), Array, Object(Closure))
#21 D:/Backend-game-topup/web/project/vendor/livewire/livewire/src/Wrapped.php(23): Illuminate/Container/BoundMethod::call(Object(Illuminate/Foundation/Application), Array, Array)
#22 D:/Backend-game-topup/web/project/vendor/livewire/livewire/src/Mechanisms/HandleComponents/HandleComponents.php(492): Livewire/Wrapped->__call('callMountedActi...', Array)
#23 D:/Backend-game-topup/web/project/vendor/livewire/livewire/src/Mechanisms/HandleComponents/HandleComponents.php(101): Livewire/Mechanisms/HandleComponents/HandleComponents->callMethods(Object(Filament/Auth/Pages/EditProfile), Array, Object(Livewire/Mechanisms/HandleComponents/ComponentContext))
#24 D:/Backend-game-topup/web/project/vendor/livewire/livewire/src/LivewireManager.php(102): Livewire/Mechanisms/HandleComponents/HandleComponents->update(Array, Array, Array)
#25 D:/Backend-game-topup/web/project/vendor/livewire/livewire/src/Mechanisms/HandleRequests/HandleRequests.php(124): Livewire/LivewireManager->update(Array, Array, Array)
#26 D:/Backend-game-topup/web/project/vendor/laravel/framework/src/Illuminate/Routing/ControllerDispatcher.php(46): Livewire/Mechanisms/HandleRequests/HandleRequests->handleUpdate()
#27 D:/Backend-game-topup/web/project/vendor/laravel/framework/src/Illuminate/Routing/Route.php(265): Illuminate/Routing/ControllerDispatcher->dispatch(Object(Illuminate/Routing/Route), Object(Livewire/Mechanisms/HandleRequests/HandleRequests), 'handleUpdate')
#28 D:/Backend-game-topup/web/project/vendor/laravel/framework/src/Illuminate/Routing/Route.php(211): Illuminate/Routing/Route->runController()
#29 D:/Backend-game-topup/web/project/vendor/laravel/framework/src/Illuminate/Routing/Router.php(822): Illuminate/Routing/Route->run()
#30 D:/Backend-game-topup/web/project/vendor/laravel/framework/src/Illuminate/Pipeline/Pipeline.php(180): Illuminate/Routing/Router->{closure:Illuminate/Routing/Router::runRouteWithinStack():821}(Object(Illuminate/Http/Request))
#31 D:/Backend-game-topup/web/project/app/Http/Middleware/LanguageDetectMiddleware.php(24): Illuminate/Pipeline/Pipeline->{closure:Illuminate/Pipeline/Pipeline::prepareDestination():178}(Object(Illuminate/Http/Request))
#32 D:/Backend-game-topup/web/project/vendor/laravel/framework/src/Illuminate/Pipeline/Pipeline.php(219): App/Http/Middleware/LanguageDetectMiddleware->handle(Object(Illuminate/Http/Request), Object(Closure))
#33 D:/Backend-game-topup/web/project/app/Http/Middleware/TrackVisitors.php(33): Illuminate/Pipeline/Pipeline->{closure:{closure:Illuminate/Pipeline/Pipeline::carry():194}:195}(Object(Illuminate/Http/Request))
#34 D:/Backend-game-topup/web/project/vendor/laravel/framework/src/Illuminate/Pipeline/Pipeline.php(219): App/Http/Middleware/TrackVisitors->handle(Object(Illuminate/Http/Request), Object(Closure))
#35 D:/Backend-game-topup/web/project/app/Http/Middleware/AddExpirationDateToCookie.php(21): Illuminate/Pipeline/Pipeline->{closure:{closure:Illuminate/Pipeline/Pipeline::carry():194}:195}(Object(Illuminate/Http/Request))
#36 D:/Backend-game-topup/web/project/vendor/laravel/framework/src/Illuminate/Pipeline/Pipeline.php(219): App/Http/Middleware/AddExpirationDateToCookie->handle(Object(Illuminate/Http/Request), Object(Closure))
#37 D:/Backend-game-topup/web/project/vendor/laravel/framework/src/Illuminate/Routing/Middleware/SubstituteBindings.php(50): Illuminate/Pipeline/Pipeline->{closure:{closure:Illuminate/Pipeline/Pipeline::carry():194}:195}(Object(Illuminate/Http/Request))
#38 D:/Backend-game-topup/web/project/vendor/laravel/framework/src/Illuminate/Pipeline/Pipeline.php(219): Illuminate/Routing/Middleware/SubstituteBindings->handle(Object(Illuminate/Http/Request), Object(Closure))
#39 D:/Backend-game-topup/web/project/app/Http/Middleware/VerifyCsrfToken.php(31): Illuminate/Pipeline/Pipeline->{closure:{closure:Illuminate/Pipeline/Pipeline::carry():194}:195}(Object(Illuminate/Http/Request))
#40 D:/Backend-game-topup/web/project/vendor/laravel/framework/src/Illuminate/Pipeline/Pipeline.php(219): App/Http/Middleware/VerifyCsrfToken->handle(Object(Illuminate/Http/Request), Object(Closure))
#41 D:/Backend-game-topup/web/project/vendor/laravel/framework/src/Illuminate/View/Middleware/ShareErrorsFromSession.php(48): Illuminate/Pipeline/Pipeline->{closure:{closure:Illuminate/Pipeline/Pipeline::carry():194}:195}(Object(Illuminate/Http/Request))
#42 D:/Backend-game-topup/web/project/vendor/laravel/framework/src/Illuminate/Pipeline/Pipeline.php(219): Illuminate/View/Middleware/ShareErrorsFromSession->handle(Object(Illuminate/Http/Request), Object(Closure))
#43 D:/Backend-game-topup/web/project/vendor/laravel/framework/src/Illuminate/Session/Middleware/StartSession.php(120): Illuminate/Pipeline/Pipeline->{closure:{closure:Illuminate/Pipeline/Pipeline::carry():194}:195}(Object(Illuminate/Http/Request))
#44 D:/Backend-game-topup/web/project/vendor/laravel/framework/src/Illuminate/Session/Middleware/StartSession.php(63): Illuminate/Session/Middleware/StartSession->handleStatefulRequest(Object(Illuminate/Http/Request), Object(Illuminate/Session/EncryptedStore), Object(Closure))
#45 D:/Backend-game-topup/web/project/vendor/laravel/framework/src/Illuminate/Pipeline/Pipeline.php(219): Illuminate/Session/Middleware/StartSession->handle(Object(Illuminate/Http/Request), Object(Closure))
#46 D:/Backend-game-topup/web/project/vendor/laravel/framework/src/Illuminate/Cookie/Middleware/AddQueuedCookiesToResponse.php(36): Illuminate/Pipeline/Pipeline->{closure:{closure:Illuminate/Pipeline/Pipeline::carry():194}:195}(Object(Illuminate/Http/Request))
#47 D:/Backend-game-topup/web/project/vendor/laravel/framework/src/Illuminate/Pipeline/Pipeline.php(219): Illuminate/Cookie/Middleware/AddQueuedCookiesToResponse->handle(Object(Illuminate/Http/Request), Object(Closure))
#48 D:/Backend-game-topup/web/project/vendor/laravel/framework/src/Illuminate/Cookie/Middleware/EncryptCookies.php(74): Illuminate/Pipeline/Pipeline->{closure:{closure:Illuminate/Pipeline/Pipeline::carry():194}:195}(Object(Illuminate/Http/Request))
#49 D:/Backend-game-topup/web/project/vendor/laravel/framework/src/Illuminate/Pipeline/Pipeline.php(219): Illuminate/Cookie/Middleware/EncryptCookies->handle(Object(Illuminate/Http/Request), Object(Closure))
#50 D:/Backend-game-topup/web/project/vendor/laravel/framework/src/Illuminate/Pipeline/Pipeline.php(137): Illuminate/Pipeline/Pipeline->{closure:{closure:Illuminate/Pipeline/Pipeline::carry():194}:195}(Object(Illuminate/Http/Request))
#51 D:/Backend-game-topup/web/project/vendor/laravel/framework/src/Illuminate/Routing/Router.php(821): Illuminate/Pipeline/Pipeline->then(Object(Closure))
#52 D:/Backend-game-topup/web/project/vendor/laravel/framework/src/Illuminate/Routing/Router.php(800): Illuminate/Routing/Router->runRouteWithinStack(Object(Illuminate/Routing/Route), Object(Illuminate/Http/Request))
#53 D:/Backend-game-topup/web/project/vendor/laravel/framework/src/Illuminate/Routing/Router.php(764): Illuminate/Routing/Router->runRoute(Object(Illuminate/Http/Request), Object(Illuminate/Routing/Route))
#54 D:/Backend-game-topup/web/project/vendor/laravel/framework/src/Illuminate/Routing/Router.php(753): Illuminate/Routing/Router->dispatchToRoute(Object(Illuminate/Http/Request))
#55 D:/Backend-game-topup/web/project/vendor/laravel/framework/src/Illuminate/Foundation/Http/Kernel.php(200): Illuminate/Routing/Router->dispatch(Object(Illuminate/Http/Request))
#56 D:/Backend-game-topup/web/project/vendor/laravel/framework/src/Illuminate/Pipeline/Pipeline.php(180): Illuminate/Foundation/Http/Kernel->{closure:Illuminate/Foundation/Http/Kernel::dispatchToRouter():197}(Object(Illuminate/Http/Request))
#57 D:/Backend-game-topup/web/project/vendor/livewire/livewire/src/Features/SupportDisablingBackButtonCache/DisableBackButtonCacheMiddleware.php(19): Illuminate/Pipeline/Pipeline->{closure:Illuminate/Pipeline/Pipeline::prepareDestination():178}(Object(Illuminate/Http/Request))
#58 D:/Backend-game-topup/web/project/vendor/laravel/framework/src/Illuminate/Pipeline/Pipeline.php(219): Livewire/Features/SupportDisablingBackButtonCache/DisableBackButtonCacheMiddleware->handle(Object(Illuminate/Http/Request), Object(Closure))
#59 D:/Backend-game-topup/web/project/vendor/laravel/framework/src/Illuminate/Foundation/Http/Middleware/ConvertEmptyStringsToNull.php(27): Illuminate/Pipeline/Pipeline->{closure:{closure:Illuminate/Pipeline/Pipeline::carry():194}:195}(Object(Illuminate/Http/Request))
#60 D:/Backend-game-topup/web/project/vendor/laravel/framework/src/Illuminate/Pipeline/Pipeline.php(219): Illuminate/Foundation/Http/Middleware/ConvertEmptyStringsToNull->handle(Object(Illuminate/Http/Request), Object(Closure))
#61 D:/Backend-game-topup/web/project/vendor/laravel/framework/src/Illuminate/Foundation/Http/Middleware/TrimStrings.php(47): Illuminate/Pipeline/Pipeline->{closure:{closure:Illuminate/Pipeline/Pipeline::carry():194}:195}(Object(Illuminate/Http/Request))
#62 D:/Backend-game-topup/web/project/vendor/laravel/framework/src/Illuminate/Pipeline/Pipeline.php(219): Illuminate/Foundation/Http/Middleware/TrimStrings->handle(Object(Illuminate/Http/Request), Object(Closure))
#63 D:/Backend-game-topup/web/project/vendor/laravel/framework/src/Illuminate/Http/Middleware/ValidatePostSize.php(27): Illuminate/Pipeline/Pipeline->{closure:{closure:Illuminate/Pipeline/Pipeline::carry():194}:195}(Object(Illuminate/Http/Request))
#64 D:/Backend-game-topup/web/project/vendor/laravel/framework/src/Illuminate/Pipeline/Pipeline.php(219): Illuminate/Http/Middleware/ValidatePostSize->handle(Object(Illuminate/Http/Request), Object(Closure))
#65 D:/Backend-game-topup/web/project/vendor/laravel/framework/src/Illuminate/Foundation/Http/Middleware/PreventRequestsDuringMaintenance.php(109): Illuminate/Pipeline/Pipeline->{closure:{closure:Illuminate/Pipeline/Pipeline::carry():194}:195}(Object(Illuminate/Http/Request))
#66 D:/Backend-game-topup/web/project/vendor/laravel/framework/src/Illuminate/Pipeline/Pipeline.php(219): Illuminate/Foundation/Http/Middleware/PreventRequestsDuringMaintenance->handle(Object(Illuminate/Http/Request), Object(Closure))
#67 D:/Backend-game-topup/web/project/vendor/laravel/framework/src/Illuminate/Http/Middleware/HandleCors.php(61): Illuminate/Pipeline/Pipeline->{closure:{closure:Illuminate/Pipeline/Pipeline::carry():194}:195}(Object(Illuminate/Http/Request))
#68 D:/Backend-game-topup/web/project/vendor/laravel/framework/src/Illuminate/Pipeline/Pipeline.php(219): Illuminate/Http/Middleware/HandleCors->handle(Object(Illuminate/Http/Request), Object(Closure))
#69 D:/Backend-game-topup/web/project/vendor/laravel/framework/src/Illuminate/Http/Middleware/TrustProxies.php(58): Illuminate/Pipeline/Pipeline->{closure:{closure:Illuminate/Pipeline/Pipeline::carry():194}:195}(Object(Illuminate/Http/Request))
#70 D:/Backend-game-topup/web/project/vendor/laravel/framework/src/Illuminate/Pipeline/Pipeline.php(219): Illuminate/Http/Middleware/TrustProxies->handle(Object(Illuminate/Http/Request), Object(Closure))
#71 D:/Backend-game-topup/web/project/vendor/laravel/framework/src/Illuminate/Http/Middleware/TrustHosts.php(78): Illuminate/Pipeline/Pipeline->{closure:{closure:Illuminate/Pipeline/Pipeline::carry():194}:195}(Object(Illuminate/Http/Request))
#72 D:/Backend-game-topup/web/project/vendor/laravel/framework/src/Illuminate/Pipeline/Pipeline.php(219): Illuminate/Http/Middleware/TrustHosts->handle(Object(Illuminate/Http/Request), Object(Closure))
#73 D:/Backend-game-topup/web/project/vendor/laravel/framework/src/Illuminate/Pipeline/Pipeline.php(137): Illuminate/Pipeline/Pipeline->{closure:{closure:Illuminate/Pipeline/Pipeline::carry():194}:195}(Object(Illuminate/Http/Request))
#74 D:/Backend-game-topup/web/project/vendor/laravel/framework/src/Illuminate/Foundation/Http/Kernel.php(175): Illuminate/Pipeline/Pipeline->then(Object(Closure))
#75 D:/Backend-game-topup/web/project/vendor/laravel/framework/src/Illuminate/Foundation/Http/Kernel.php(144): Illuminate/Foundation/Http/Kernel->sendRequestThroughRouter(Object(Illuminate/Http/Request))
#76 D:/Backend-game-topup/web/project/public/index.php(51): Illuminate/Foundation/Http/Kernel->handle(Object(Illuminate/Http/Request))
#77 D:/Backend-game-topup/web/project/server.php(21): require_once('D://Backend-game...')
#78 {main}

[previous exception] [object] (PDOException(code: 42S22): SQLSTATE[42S22]: Column not found: 1054 Unknown column 'two_factor_secret' in 'field list' at D:/Backend-game-topup/web/project/vendor/laravel/framework/src/Illuminate/Database/Connection.php:605)
[stacktrace]
#0 D:/Backend-game-topup/web/project/vendor/laravel/framework/src/Illuminate/Database/Connection.php(605): PDO->prepare('update `users` ...')
#1 D:/Backend-game-topup/web/project/vendor/laravel/framework/src/Illuminate/Database/Connection.php(827): Illuminate/Database/Connection->{closure:Illuminate/Database/Connection::affectingStatement():597}('update `users` ...', Array)
#2 D:/Backend-game-topup/web/project/vendor/laravel/framework/src/Illuminate/Database/Connection.php(794): Illuminate/Database/Connection->runQueryCallback('update `users` ...', Array, Object(Closure))
#3 D:/Backend-game-topup/web/project/vendor/laravel/framework/src/Illuminate/Database/Connection.php(597): Illuminate/Database/Connection->run('update `users` ...', Array, Object(Closure))
#4 D:/Backend-game-topup/web/project/vendor/laravel/framework/src/Illuminate/Database/Connection.php(549): Illuminate/Database/Connection->affectingStatement('update `users` ...', Array)
#5 D:/Backend-game-topup/web/project/vendor/laravel/framework/src/Illuminate/Database/Query/Builder.php(4118): Illuminate/Database/Connection->update('update `users` ...', Array)
#6 D:/Backend-game-topup/web/project/vendor/laravel/framework/src/Illuminate/Database/Eloquent/Builder.php(1266): Illuminate/Database/Query/Builder->update(Object(Illuminate/Support/Collection))
#7 D:/Backend-game-topup/web/project/vendor/laravel/framework/src/Illuminate/Database/Eloquent/Model.php(1316): Illuminate/Database/Eloquent/Builder->update(Array)
#8 D:/Backend-game-topup/web/project/vendor/laravel/framework/src/Illuminate/Database/Eloquent/Model.php(1233): Illuminate/Database/Eloquent/Model->performUpdate(Object(Illuminate/Database/Eloquent/Builder))
#9 D:/Backend-game-topup/web/project/app/Models/User.php(70): Illuminate/Database/Eloquent/Model->save()
#10 D:/Backend-game-topup/web/project/vendor/filament/filament/src/Auth/MultiFactor/App/AppAuthentication.php(90): App/Models/User->saveAppAuthenticationSecret('XJ6I4DZJ4AGARZT...')
#11 D:/Backend-game-topup/web/project/vendor/filament/filament/src/Auth/MultiFactor/App/Actions/SetUpAppAuthenticationAction.php(162): Filament/Auth/MultiFactor/App/AppAuthentication->saveSecret(Object(App/Models/User), 'XJ6I4DZJ4AGARZT...')
#12 D:/Backend-game-topup/web/project/vendor/laravel/framework/src/Illuminate/Database/Concerns/ManagesTransactions.php(35): Filament/Auth/MultiFactor/App/Actions/SetUpAppAuthenticationAction::{closure:{closure:Filament/Auth/MultiFactor/App/Actions/SetUpAppAuthenticationAction::make():149}:161}(Object(Illuminate/Database/MySqlConnection))
#13 D:/Backend-game-topup/web/project/vendor/laravel/framework/src/Illuminate/Database/DatabaseManager.php(491): Illuminate/Database/Connection->transaction(Object(Closure))
#14 D:/Backend-game-topup/web/project/vendor/laravel/framework/src/Illuminate/Support/Facades/Facade.php(363): Illuminate/Database/DatabaseManager->__call('transaction', Array)
#15 D:/Backend-game-topup/web/project/vendor/filament/filament/src/Auth/MultiFactor/App/Actions/SetUpAppAuthenticationAction.php(161): Illuminate/Support/Facades/Facade::__callStatic('transaction', Array)
#16 D:/Backend-game-topup/web/project/vendor/filament/support/src/Concerns/EvaluatesClosures.php(36): Filament/Auth/MultiFactor/App/Actions/SetUpAppAuthenticationAction::{closure:Filament/Auth/MultiFactor/App/Actions/SetUpAppAuthenticationAction::make():149}(Array)
#17 D:/Backend-game-topup/web/project/vendor/filament/actions/src/Action.php(545): Filament/Support/Components/Component->evaluate(Object(Closure), Array)
#18 D:/Backend-game-topup/web/project/vendor/filament/actions/src/Concerns/InteractsWithActions.php(257): Filament/Actions/Action->call(Array)
#19 D:/Backend-game-topup/web/project/vendor/laravel/framework/src/Illuminate/Container/BoundMethod.php(36): Filament/Pages/BasePage->callMountedAction(Array)
#20 D:/Backend-game-topup/web/project/vendor/laravel/framework/src/Illuminate/Container/Util.php(43): Illuminate/Container/BoundMethod::{closure:Illuminate/Container/BoundMethod::call():35}()
#21 D:/Backend-game-topup/web/project/vendor/laravel/framework/src/Illuminate/Container/BoundMethod.php(96): Illuminate/Container/Util::unwrapIfClosure(Object(Closure))
#22 D:/Backend-game-topup/web/project/vendor/laravel/framework/src/Illuminate/Container/BoundMethod.php(35): Illuminate/Container/BoundMethod::callBoundMethod(Object(Illuminate/Foundation/Application), Array, Object(Closure))
#23 D:/Backend-game-topup/web/project/vendor/livewire/livewire/src/Wrapped.php(23): Illuminate/Container/BoundMethod::call(Object(Illuminate/Foundation/Application), Array, Array)
#24 D:/Backend-game-topup/web/project/vendor/livewire/livewire/src/Mechanisms/HandleComponents/HandleComponents.php(492): Livewire/Wrapped->__call('callMountedActi...', Array)
#25 D:/Backend-game-topup/web/project/vendor/livewire/livewire/src/Mechanisms/HandleComponents/HandleComponents.php(101): Livewire/Mechanisms/HandleComponents/HandleComponents->callMethods(Object(Filament/Auth/Pages/EditProfile), Array, Object(Livewire/Mechanisms/HandleComponents/ComponentContext))
#26 D:/Backend-game-topup/web/project/vendor/livewire/livewire/src/LivewireManager.php(102): Livewire/Mechanisms/HandleComponents/HandleComponents->update(Array, Array, Array)
#27 D:/Backend-game-topup/web/project/vendor/livewire/livewire/src/Mechanisms/HandleRequests/HandleRequests.php(124): Livewire/LivewireManager->update(Array, Array, Array)
#28 D:/Backend-game-topup/web/project/vendor/laravel/framework/src/Illuminate/Routing/ControllerDispatcher.php(46): Livewire/Mechanisms/HandleRequests/HandleRequests->handleUpdate()
#29 D:/Backend-game-topup/web/project/vendor/laravel/framework/src/Illuminate/Routing/Route.php(265): Illuminate/Routing/ControllerDispatcher->dispatch(Object(Illuminate/Routing/Route), Object(Livewire/Mechanisms/HandleRequests/HandleRequests), 'handleUpdate')
#30 D:/Backend-game-topup/web/project/vendor/laravel/framework/src/Illuminate/Routing/Route.php(211): Illuminate/Routing/Route->runController()
#31 D:/Backend-game-topup/web/project/vendor/laravel/framework/src/Illuminate/Routing/Router.php(822): Illuminate/Routing/Route->run()
#32 D:/Backend-game-topup/web/project/vendor/laravel/framework/src/Illuminate/Pipeline/Pipeline.php(180): Illuminate/Routing/Router->{closure:Illuminate/Routing/Router::runRouteWithinStack():821}(Object(Illuminate/Http/Request))
#33 D:/Backend-game-topup/web/project/app/Http/Middleware/LanguageDetectMiddleware.php(24): Illuminate/Pipeline/Pipeline->{closure:Illuminate/Pipeline/Pipeline::prepareDestination():178}(Object(Illuminate/Http/Request))
#34 D:/Backend-game-topup/web/project/vendor/laravel/framework/src/Illuminate/Pipeline/Pipeline.php(219): App/Http/Middleware/LanguageDetectMiddleware->handle(Object(Illuminate/Http/Request), Object(Closure))
#35 D:/Backend-game-topup/web/project/app/Http/Middleware/TrackVisitors.php(33): Illuminate/Pipeline/Pipeline->{closure:{closure:Illuminate/Pipeline/Pipeline::carry():194}:195}(Object(Illuminate/Http/Request))
#36 D:/Backend-game-topup/web/project/vendor/laravel/framework/src/Illuminate/Pipeline/Pipeline.php(219): App/Http/Middleware/TrackVisitors->handle(Object(Illuminate/Http/Request), Object(Closure))
#37 D:/Backend-game-topup/web/project/app/Http/Middleware/AddExpirationDateToCookie.php(21): Illuminate/Pipeline/Pipeline->{closure:{closure:Illuminate/Pipeline/Pipeline::carry():194}:195}(Object(Illuminate/Http/Request))
#38 D:/Backend-game-topup/web/project/vendor/laravel/framework/src/Illuminate/Pipeline/Pipeline.php(219): App/Http/Middleware/AddExpirationDateToCookie->handle(Object(Illuminate/Http/Request), Object(Closure))
#39 D:/Backend-game-topup/web/project/vendor/laravel/framework/src/Illuminate/Routing/Middleware/SubstituteBindings.php(50): Illuminate/Pipeline/Pipeline->{closure:{closure:Illuminate/Pipeline/Pipeline::carry():194}:195}(Object(Illuminate/Http/Request))
#40 D:/Backend-game-topup/web/project/vendor/laravel/framework/src/Illuminate/Pipeline/Pipeline.php(219): Illuminate/Routing/Middleware/SubstituteBindings->handle(Object(Illuminate/Http/Request), Object(Closure))
#41 D:/Backend-game-topup/web/project/app/Http/Middleware/VerifyCsrfToken.php(31): Illuminate/Pipeline/Pipeline->{closure:{closure:Illuminate/Pipeline/Pipeline::carry():194}:195}(Object(Illuminate/Http/Request))
#42 D:/Backend-game-topup/web/project/vendor/laravel/framework/src/Illuminate/Pipeline/Pipeline.php(219): App/Http/Middleware/VerifyCsrfToken->handle(Object(Illuminate/Http/Request), Object(Closure))
#43 D:/Backend-game-topup/web/project/vendor/laravel/framework/src/Illuminate/View/Middleware/ShareErrorsFromSession.php(48): Illuminate/Pipeline/Pipeline->{closure:{closure:Illuminate/Pipeline/Pipeline::carry():194}:195}(Object(Illuminate/Http/Request))
#44 D:/Backend-game-topup/web/project/vendor/laravel/framework/src/Illuminate/Pipeline/Pipeline.php(219): Illuminate/View/Middleware/ShareErrorsFromSession->handle(Object(Illuminate/Http/Request), Object(Closure))
#45 D:/Backend-game-topup/web/project/vendor/laravel/framework/src/Illuminate/Session/Middleware/StartSession.php(120): Illuminate/Pipeline/Pipeline->{closure:{closure:Illuminate/Pipeline/Pipeline::carry():194}:195}(Object(Illuminate/Http/Request))
#46 D:/Backend-game-topup/web/project/vendor/laravel/framework/src/Illuminate/Session/Middleware/StartSession.php(63): Illuminate/Session/Middleware/StartSession->handleStatefulRequest(Object(Illuminate/Http/Request), Object(Illuminate/Session/EncryptedStore), Object(Closure))
#47 D:/Backend-game-topup/web/project/vendor/laravel/framework/src/Illuminate/Pipeline/Pipeline.php(219): Illuminate/Session/Middleware/StartSession->handle(Object(Illuminate/Http/Request), Object(Closure))
#48 D:/Backend-game-topup/web/project/vendor/laravel/framework/src/Illuminate/Cookie/Middleware/AddQueuedCookiesToResponse.php(36): Illuminate/Pipeline/Pipeline->{closure:{closure:Illuminate/Pipeline/Pipeline::carry():194}:195}(Object(Illuminate/Http/Request))
#49 D:/Backend-game-topup/web/project/vendor/laravel/framework/src/Illuminate/Pipeline/Pipeline.php(219): Illuminate/Cookie/Middleware/AddQueuedCookiesToResponse->handle(Object(Illuminate/Http/Request), Object(Closure))
#50 D:/Backend-game-topup/web/project/vendor/laravel/framework/src/Illuminate/Cookie/Middleware/EncryptCookies.php(74): Illuminate/Pipeline/Pipeline->{closure:{closure:Illuminate/Pipeline/Pipeline::carry():194}:195}(Object(Illuminate/Http/Request))
#51 D:/Backend-game-topup/web/project/vendor/laravel/framework/src/Illuminate/Pipeline/Pipeline.php(219): Illuminate/Cookie/Middleware/EncryptCookies->handle(Object(Illuminate/Http/Request), Object(Closure))
#52 D:/Backend-game-topup/web/project/vendor/laravel/framework/src/Illuminate/Pipeline/Pipeline.php(137): Illuminate/Pipeline/Pipeline->{closure:{closure:Illuminate/Pipeline/Pipeline::carry():194}:195}(Object(Illuminate/Http/Request))
#53 D:/Backend-game-topup/web/project/vendor/laravel/framework/src/Illuminate/Routing/Router.php(821): Illuminate/Pipeline/Pipeline->then(Object(Closure))
#54 D:/Backend-game-topup/web/project/vendor/laravel/framework/src/Illuminate/Routing/Router.php(800): Illuminate/Routing/Router->runRouteWithinStack(Object(Illuminate/Routing/Route), Object(Illuminate/Http/Request))
#55 D:/Backend-game-topup/web/project/vendor/laravel/framework/src/Illuminate/Routing/Router.php(764): Illuminate/Routing/Router->runRoute(Object(Illuminate/Http/Request), Object(Illuminate/Routing/Route))
#56 D:/Backend-game-topup/web/project/vendor/laravel/framework/src/Illuminate/Routing/Router.php(753): Illuminate/Routing/Router->dispatchToRoute(Object(Illuminate/Http/Request))
#57 D:/Backend-game-topup/web/project/vendor/laravel/framework/src/Illuminate/Foundation/Http/Kernel.php(200): Illuminate/Routing/Router->dispatch(Object(Illuminate/Http/Request))
#58 D:/Backend-game-topup/web/project/vendor/laravel/framework/src/Illuminate/Pipeline/Pipeline.php(180): Illuminate/Foundation/Http/Kernel->{closure:Illuminate/Foundation/Http/Kernel::dispatchToRouter():197}(Object(Illuminate/Http/Request))
#59 D:/Backend-game-topup/web/project/vendor/livewire/livewire/src/Features/SupportDisablingBackButtonCache/DisableBackButtonCacheMiddleware.php(19): Illuminate/Pipeline/Pipeline->{closure:Illuminate/Pipeline/Pipeline::prepareDestination():178}(Object(Illuminate/Http/Request))
#60 D:/Backend-game-topup/web/project/vendor/laravel/framework/src/Illuminate/Pipeline/Pipeline.php(219): Livewire/Features/SupportDisablingBackButtonCache/DisableBackButtonCacheMiddleware->handle(Object(Illuminate/Http/Request), Object(Closure))
#61 D:/Backend-game-topup/web/project/vendor/laravel/framework/src/Illuminate/Foundation/Http/Middleware/ConvertEmptyStringsToNull.php(27): Illuminate/Pipeline/Pipeline->{closure:{closure:Illuminate/Pipeline/Pipeline::carry():194}:195}(Object(Illuminate/Http/Request))
#62 D:/Backend-game-topup/web/project/vendor/laravel/framework/src/Illuminate/Pipeline/Pipeline.php(219): Illuminate/Foundation/Http/Middleware/ConvertEmptyStringsToNull->handle(Object(Illuminate/Http/Request), Object(Closure))
#63 D:/Backend-game-topup/web/project/vendor/laravel/framework/src/Illuminate/Foundation/Http/Middleware/TrimStrings.php(47): Illuminate/Pipeline/Pipeline->{closure:{closure:Illuminate/Pipeline/Pipeline::carry():194}:195}(Object(Illuminate/Http/Request))
#64 D:/Backend-game-topup/web/project/vendor/laravel/framework/src/Illuminate/Pipeline/Pipeline.php(219): Illuminate/Foundation/Http/Middleware/TrimStrings->handle(Object(Illuminate/Http/Request), Object(Closure))
#65 D:/Backend-game-topup/web/project/vendor/laravel/framework/src/Illuminate/Http/Middleware/ValidatePostSize.php(27): Illuminate/Pipeline/Pipeline->{closure:{closure:Illuminate/Pipeline/Pipeline::carry():194}:195}(Object(Illuminate/Http/Request))
#66 D:/Backend-game-topup/web/project/vendor/laravel/framework/src/Illuminate/Pipeline/Pipeline.php(219): Illuminate/Http/Middleware/ValidatePostSize->handle(Object(Illuminate/Http/Request), Object(Closure))
#67 D:/Backend-game-topup/web/project/vendor/laravel/framework/src/Illuminate/Foundation/Http/Middleware/PreventRequestsDuringMaintenance.php(109): Illuminate/Pipeline/Pipeline->{closure:{closure:Illuminate/Pipeline/Pipeline::carry():194}:195}(Object(Illuminate/Http/Request))
#68 D:/Backend-game-topup/web/project/vendor/laravel/framework/src/Illuminate/Pipeline/Pipeline.php(219): Illuminate/Foundation/Http/Middleware/PreventRequestsDuringMaintenance->handle(Object(Illuminate/Http/Request), Object(Closure))
#69 D:/Backend-game-topup/web/project/vendor/laravel/framework/src/Illuminate/Http/Middleware/HandleCors.php(61): Illuminate/Pipeline/Pipeline->{closure:{closure:Illuminate/Pipeline/Pipeline::carry():194}:195}(Object(Illuminate/Http/Request))
#70 D:/Backend-game-topup/web/project/vendor/laravel/framework/src/Illuminate/Pipeline/Pipeline.php(219): Illuminate/Http/Middleware/HandleCors->handle(Object(Illuminate/Http/Request), Object(Closure))
#71 D:/Backend-game-topup/web/project/vendor/laravel/framework/src/Illuminate/Http/Middleware/TrustProxies.php(58): Illuminate/Pipeline/Pipeline->{closure:{closure:Illuminate/Pipeline/Pipeline::carry():194}:195}(Object(Illuminate/Http/Request))
#72 D:/Backend-game-topup/web/project/vendor/laravel/framework/src/Illuminate/Pipeline/Pipeline.php(219): Illuminate/Http/Middleware/TrustProxies->handle(Object(Illuminate/Http/Request), Object(Closure))
#73 D:/Backend-game-topup/web/project/vendor/laravel/framework/src/Illuminate/Http/Middleware/TrustHosts.php(78): Illuminate/Pipeline/Pipeline->{closure:{closure:Illuminate/Pipeline/Pipeline::carry():194}:195}(Object(Illuminate/Http/Request))
#74 D:/Backend-game-topup/web/project/vendor/laravel/framework/src/Illuminate/Pipeline/Pipeline.php(219): Illuminate/Http/Middleware/TrustHosts->handle(Object(Illuminate/Http/Request), Object(Closure))
#75 D:/Backend-game-topup/web/project/vendor/laravel/framework/src/Illuminate/Pipeline/Pipeline.php(137): Illuminate/Pipeline/Pipeline->{closure:{closure:Illuminate/Pipeline/Pipeline::carry():194}:195}(Object(Illuminate/Http/Request))
#76 D:/Backend-game-topup/web/project/vendor/laravel/framework/src/Illuminate/Foundation/Http/Kernel.php(175): Illuminate/Pipeline/Pipeline->then(Object(Closure))
#77 D:/Backend-game-topup/web/project/vendor/laravel/framework/src/Illuminate/Foundation/Http/Kernel.php(144): Illuminate/Foundation/Http/Kernel->sendRequestThroughRouter(Object(Illuminate/Http/Request))
#78 D:/Backend-game-topup/web/project/public/index.php(51): Illuminate/Foundation/Http/Kernel->handle(Object(Illuminate/Http/Request))
#79 D:/Backend-game-topup/web/project/server.php(21): require_once('D://Backend-game...')
#80 {main}
"} 
[2026-02-02 23:40:21] local.ERROR: Exception occurred: SQLSTATE[42S22]: Column not found: 1054 Unknown column 'two_factor_secret' in 'field list' (Connection: mysql, Host: localhost, Port: 3306, Database: topup, SQL: update `users` set `two_factor_secret` = XJ6I4DZJ4AGARZTL, `users`.`updated_at` = 2026-02-02 23:40:20 where `id` = 350) {"exception":"[object] (Illuminate\\Database\\QueryException(code: 42S22): SQLSTATE[42S22]: Column not found: 1054 Unknown column 'two_factor_secret' in 'field list' (Connection: mysql, Host: localhost, Port: 3306, Database: topup, SQL: update `users` set `two_factor_secret` = XJ6I4DZJ4AGARZTL, `users`.`updated_at` = 2026-02-02 23:40:20 where `id` = 350) at D:/Backend-game-topup/web/project/vendor/laravel/framework/src/Illuminate/Database/Connection.php:838)
[stacktrace]
#0 D:/Backend-game-topup/web/project/vendor/laravel/framework/src/Illuminate/Database/Connection.php(794): Illuminate/Database/Connection->runQueryCallback('update `users` ...', Array, Object(Closure))
#1 D:/Backend-game-topup/web/project/vendor/laravel/framework/src/Illuminate/Database/Connection.php(597): Illuminate/Database/Connection->run('update `users` ...', Array, Object(Closure))
#2 D:/Backend-game-topup/web/project/vendor/laravel/framework/src/Illuminate/Database/Connection.php(549): Illuminate/Database/Connection->affectingStatement('update `users` ...', Array)
#3 D:/Backend-game-topup/web/project/vendor/laravel/framework/src/Illuminate/Database/Query/Builder.php(4118): Illuminate/Database/Connection->update('update `users` ...', Array)
#4 D:/Backend-game-topup/web/project/vendor/laravel/framework/src/Illuminate/Database/Eloquent/Builder.php(1266): Illuminate/Database/Query/Builder->update(Object(Illuminate/Support/Collection))
#5 D:/Backend-game-topup/web/project/vendor/laravel/framework/src/Illuminate/Database/Eloquent/Model.php(1316): Illuminate/Database/Eloquent/Builder->update(Array)
#6 D:/Backend-game-topup/web/project/vendor/laravel/framework/src/Illuminate/Database/Eloquent/Model.php(1233): Illuminate/Database/Eloquent/Model->performUpdate(Object(Illuminate/Database/Eloquent/Builder))
#7 D:/Backend-game-topup/web/project/app/Models/User.php(72): Illuminate/Database/Eloquent/Model->save()
#8 D:/Backend-game-topup/web/project/vendor/filament/filament/src/Auth/MultiFactor/App/AppAuthentication.php(90): App/Models/User->saveAppAuthenticationSecret('XJ6I4DZJ4AGARZT...')
#9 D:/Backend-game-topup/web/project/vendor/filament/filament/src/Auth/MultiFactor/App/Actions/SetUpAppAuthenticationAction.php(162): Filament/Auth/MultiFactor/App/AppAuthentication->saveSecret(Object(App/Models/User), 'XJ6I4DZJ4AGARZT...')
#10 D:/Backend-game-topup/web/project/vendor/laravel/framework/src/Illuminate/Database/Concerns/ManagesTransactions.php(35): Filament/Auth/MultiFactor/App/Actions/SetUpAppAuthenticationAction::{closure:{closure:Filament/Auth/MultiFactor/App/Actions/SetUpAppAuthenticationAction::make():149}:161}(Object(Illuminate/Database/MySqlConnection))
#11 D:/Backend-game-topup/web/project/vendor/laravel/framework/src/Illuminate/Database/DatabaseManager.php(491): Illuminate/Database/Connection->transaction(Object(Closure))
#12 D:/Backend-game-topup/web/project/vendor/laravel/framework/src/Illuminate/Support/Facades/Facade.php(363): Illuminate/Database/DatabaseManager->__call('transaction', Array)
#13 D:/Backend-game-topup/web/project/vendor/filament/filament/src/Auth/MultiFactor/App/Actions/SetUpAppAuthenticationAction.php(161): Illuminate/Support/Facades/Facade::__callStatic('transaction', Array)
#14 D:/Backend-game-topup/web/project/vendor/filament/support/src/Concerns/EvaluatesClosures.php(36): Filament/Auth/MultiFactor/App/Actions/SetUpAppAuthenticationAction::{closure:Filament/Auth/MultiFactor/App/Actions/SetUpAppAuthenticationAction::make():149}(Array)
#15 D:/Backend-game-topup/web/project/vendor/filament/actions/src/Action.php(545): Filament/Support/Components/Component->evaluate(Object(Closure), Array)
#16 D:/Backend-game-topup/web/project/vendor/filament/actions/src/Concerns/InteractsWithActions.php(257): Filament/Actions/Action->call(Array)
#17 D:/Backend-game-topup/web/project/vendor/laravel/framework/src/Illuminate/Container/BoundMethod.php(36): Filament/Pages/BasePage->callMountedAction(Array)
#18 D:/Backend-game-topup/web/project/vendor/laravel/framework/src/Illuminate/Container/Util.php(43): Illuminate/Container/BoundMethod::{closure:Illuminate/Container/BoundMethod::call():35}()
#19 D:/Backend-game-topup/web/project/vendor/laravel/framework/src/Illuminate/Container/BoundMethod.php(96): Illuminate/Container/Util::unwrapIfClosure(Object(Closure))
#20 D:/Backend-game-topup/web/project/vendor/laravel/framework/src/Illuminate/Container/BoundMethod.php(35): Illuminate/Container/BoundMethod::callBoundMethod(Object(Illuminate/Foundation/Application), Array, Object(Closure))
#21 D:/Backend-game-topup/web/project/vendor/livewire/livewire/src/Wrapped.php(23): Illuminate/Container/BoundMethod::call(Object(Illuminate/Foundation/Application), Array, Array)
#22 D:/Backend-game-topup/web/project/vendor/livewire/livewire/src/Mechanisms/HandleComponents/HandleComponents.php(492): Livewire/Wrapped->__call('callMountedActi...', Array)
#23 D:/Backend-game-topup/web/project/vendor/livewire/livewire/src/Mechanisms/HandleComponents/HandleComponents.php(101): Livewire/Mechanisms/HandleComponents/HandleComponents->callMethods(Object(Filament/Auth/Pages/EditProfile), Array, Object(Livewire/Mechanisms/HandleComponents/ComponentContext))
#24 D:/Backend-game-topup/web/project/vendor/livewire/livewire/src/LivewireManager.php(102): Livewire/Mechanisms/HandleComponents/HandleComponents->update(Array, Array, Array)
#25 D:/Backend-game-topup/web/project/vendor/livewire/livewire/src/Mechanisms/HandleRequests/HandleRequests.php(124): Livewire/LivewireManager->update(Array, Array, Array)
#26 D:/Backend-game-topup/web/project/vendor/laravel/framework/src/Illuminate/Routing/ControllerDispatcher.php(46): Livewire/Mechanisms/HandleRequests/HandleRequests->handleUpdate()
#27 D:/Backend-game-topup/web/project/vendor/laravel/framework/src/Illuminate/Routing/Route.php(265): Illuminate/Routing/ControllerDispatcher->dispatch(Object(Illuminate/Routing/Route), Object(Livewire/Mechanisms/HandleRequests/HandleRequests), 'handleUpdate')
#28 D:/Backend-game-topup/web/project/vendor/laravel/framework/src/Illuminate/Routing/Route.php(211): Illuminate/Routing/Route->runController()
#29 D:/Backend-game-topup/web/project/vendor/laravel/framework/src/Illuminate/Routing/Router.php(822): Illuminate/Routing/Route->run()
#30 D:/Backend-game-topup/web/project/vendor/laravel/framework/src/Illuminate/Pipeline/Pipeline.php(180): Illuminate/Routing/Router->{closure:Illuminate/Routing/Router::runRouteWithinStack():821}(Object(Illuminate/Http/Request))
#31 D:/Backend-game-topup/web/project/app/Http/Middleware/LanguageDetectMiddleware.php(24): Illuminate/Pipeline/Pipeline->{closure:Illuminate/Pipeline/Pipeline::prepareDestination():178}(Object(Illuminate/Http/Request))
#32 D:/Backend-game-topup/web/project/vendor/laravel/framework/src/Illuminate/Pipeline/Pipeline.php(219): App/Http/Middleware/LanguageDetectMiddleware->handle(Object(Illuminate/Http/Request), Object(Closure))
#33 D:/Backend-game-topup/web/project/app/Http/Middleware/TrackVisitors.php(33): Illuminate/Pipeline/Pipeline->{closure:{closure:Illuminate/Pipeline/Pipeline::carry():194}:195}(Object(Illuminate/Http/Request))
#34 D:/Backend-game-topup/web/project/vendor/laravel/framework/src/Illuminate/Pipeline/Pipeline.php(219): App/Http/Middleware/TrackVisitors->handle(Object(Illuminate/Http/Request), Object(Closure))
#35 D:/Backend-game-topup/web/project/app/Http/Middleware/AddExpirationDateToCookie.php(21): Illuminate/Pipeline/Pipeline->{closure:{closure:Illuminate/Pipeline/Pipeline::carry():194}:195}(Object(Illuminate/Http/Request))
#36 D:/Backend-game-topup/web/project/vendor/laravel/framework/src/Illuminate/Pipeline/Pipeline.php(219): App/Http/Middleware/AddExpirationDateToCookie->handle(Object(Illuminate/Http/Request), Object(Closure))
#37 D:/Backend-game-topup/web/project/vendor/laravel/framework/src/Illuminate/Routing/Middleware/SubstituteBindings.php(50): Illuminate/Pipeline/Pipeline->{closure:{closure:Illuminate/Pipeline/Pipeline::carry():194}:195}(Object(Illuminate/Http/Request))
#38 D:/Backend-game-topup/web/project/vendor/laravel/framework/src/Illuminate/Pipeline/Pipeline.php(219): Illuminate/Routing/Middleware/SubstituteBindings->handle(Object(Illuminate/Http/Request), Object(Closure))
#39 D:/Backend-game-topup/web/project/app/Http/Middleware/VerifyCsrfToken.php(31): Illuminate/Pipeline/Pipeline->{closure:{closure:Illuminate/Pipeline/Pipeline::carry():194}:195}(Object(Illuminate/Http/Request))
#40 D:/Backend-game-topup/web/project/vendor/laravel/framework/src/Illuminate/Pipeline/Pipeline.php(219): App/Http/Middleware/VerifyCsrfToken->handle(Object(Illuminate/Http/Request), Object(Closure))
#41 D:/Backend-game-topup/web/project/vendor/laravel/framework/src/Illuminate/View/Middleware/ShareErrorsFromSession.php(48): Illuminate/Pipeline/Pipeline->{closure:{closure:Illuminate/Pipeline/Pipeline::carry():194}:195}(Object(Illuminate/Http/Request))
#42 D:/Backend-game-topup/web/project/vendor/laravel/framework/src/Illuminate/Pipeline/Pipeline.php(219): Illuminate/View/Middleware/ShareErrorsFromSession->handle(Object(Illuminate/Http/Request), Object(Closure))
#43 D:/Backend-game-topup/web/project/vendor/laravel/framework/src/Illuminate/Session/Middleware/StartSession.php(120): Illuminate/Pipeline/Pipeline->{closure:{closure:Illuminate/Pipeline/Pipeline::carry():194}:195}(Object(Illuminate/Http/Request))
#44 D:/Backend-game-topup/web/project/vendor/laravel/framework/src/Illuminate/Session/Middleware/StartSession.php(63): Illuminate/Session/Middleware/StartSession->handleStatefulRequest(Object(Illuminate/Http/Request), Object(Illuminate/Session/EncryptedStore), Object(Closure))
#45 D:/Backend-game-topup/web/project/vendor/laravel/framework/src/Illuminate/Pipeline/Pipeline.php(219): Illuminate/Session/Middleware/StartSession->handle(Object(Illuminate/Http/Request), Object(Closure))
#46 D:/Backend-game-topup/web/project/vendor/laravel/framework/src/Illuminate/Cookie/Middleware/AddQueuedCookiesToResponse.php(36): Illuminate/Pipeline/Pipeline->{closure:{closure:Illuminate/Pipeline/Pipeline::carry():194}:195}(Object(Illuminate/Http/Request))
#47 D:/Backend-game-topup/web/project/vendor/laravel/framework/src/Illuminate/Pipeline/Pipeline.php(219): Illuminate/Cookie/Middleware/AddQueuedCookiesToResponse->handle(Object(Illuminate/Http/Request), Object(Closure))
#48 D:/Backend-game-topup/web/project/vendor/laravel/framework/src/Illuminate/Cookie/Middleware/EncryptCookies.php(74): Illuminate/Pipeline/Pipeline->{closure:{closure:Illuminate/Pipeline/Pipeline::carry():194}:195}(Object(Illuminate/Http/Request))
#49 D:/Backend-game-topup/web/project/vendor/laravel/framework/src/Illuminate/Pipeline/Pipeline.php(219): Illuminate/Cookie/Middleware/EncryptCookies->handle(Object(Illuminate/Http/Request), Object(Closure))
#50 D:/Backend-game-topup/web/project/vendor/laravel/framework/src/Illuminate/Pipeline/Pipeline.php(137): Illuminate/Pipeline/Pipeline->{closure:{closure:Illuminate/Pipeline/Pipeline::carry():194}:195}(Object(Illuminate/Http/Request))
#51 D:/Backend-game-topup/web/project/vendor/laravel/framework/src/Illuminate/Routing/Router.php(821): Illuminate/Pipeline/Pipeline->then(Object(Closure))
#52 D:/Backend-game-topup/web/project/vendor/laravel/framework/src/Illuminate/Routing/Router.php(800): Illuminate/Routing/Router->runRouteWithinStack(Object(Illuminate/Routing/Route), Object(Illuminate/Http/Request))
#53 D:/Backend-game-topup/web/project/vendor/laravel/framework/src/Illuminate/Routing/Router.php(764): Illuminate/Routing/Router->runRoute(Object(Illuminate/Http/Request), Object(Illuminate/Routing/Route))
#54 D:/Backend-game-topup/web/project/vendor/laravel/framework/src/Illuminate/Routing/Router.php(753): Illuminate/Routing/Router->dispatchToRoute(Object(Illuminate/Http/Request))
#55 D:/Backend-game-topup/web/project/vendor/laravel/framework/src/Illuminate/Foundation/Http/Kernel.php(200): Illuminate/Routing/Router->dispatch(Object(Illuminate/Http/Request))
#56 D:/Backend-game-topup/web/project/vendor/laravel/framework/src/Illuminate/Pipeline/Pipeline.php(180): Illuminate/Foundation/Http/Kernel->{closure:Illuminate/Foundation/Http/Kernel::dispatchToRouter():197}(Object(Illuminate/Http/Request))
#57 D:/Backend-game-topup/web/project/vendor/livewire/livewire/src/Features/SupportDisablingBackButtonCache/DisableBackButtonCacheMiddleware.php(19): Illuminate/Pipeline/Pipeline->{closure:Illuminate/Pipeline/Pipeline::prepareDestination():178}(Object(Illuminate/Http/Request))
#58 D:/Backend-game-topup/web/project/vendor/laravel/framework/src/Illuminate/Pipeline/Pipeline.php(219): Livewire/Features/SupportDisablingBackButtonCache/DisableBackButtonCacheMiddleware->handle(Object(Illuminate/Http/Request), Object(Closure))
#59 D:/Backend-game-topup/web/project/vendor/laravel/framework/src/Illuminate/Foundation/Http/Middleware/ConvertEmptyStringsToNull.php(27): Illuminate/Pipeline/Pipeline->{closure:{closure:Illuminate/Pipeline/Pipeline::carry():194}:195}(Object(Illuminate/Http/Request))
#60 D:/Backend-game-topup/web/project/vendor/laravel/framework/src/Illuminate/Pipeline/Pipeline.php(219): Illuminate/Foundation/Http/Middleware/ConvertEmptyStringsToNull->handle(Object(Illuminate/Http/Request), Object(Closure))
#61 D:/Backend-game-topup/web/project/vendor/laravel/framework/src/Illuminate/Foundation/Http/Middleware/TrimStrings.php(47): Illuminate/Pipeline/Pipeline->{closure:{closure:Illuminate/Pipeline/Pipeline::carry():194}:195}(Object(Illuminate/Http/Request))
#62 D:/Backend-game-topup/web/project/vendor/laravel/framework/src/Illuminate/Pipeline/Pipeline.php(219): Illuminate/Foundation/Http/Middleware/TrimStrings->handle(Object(Illuminate/Http/Request), Object(Closure))
#63 D:/Backend-game-topup/web/project/vendor/laravel/framework/src/Illuminate/Http/Middleware/ValidatePostSize.php(27): Illuminate/Pipeline/Pipeline->{closure:{closure:Illuminate/Pipeline/Pipeline::carry():194}:195}(Object(Illuminate/Http/Request))
#64 D:/Backend-game-topup/web/project/vendor/laravel/framework/src/Illuminate/Pipeline/Pipeline.php(219): Illuminate/Http/Middleware/ValidatePostSize->handle(Object(Illuminate/Http/Request), Object(Closure))
#65 D:/Backend-game-topup/web/project/vendor/laravel/framework/src/Illuminate/Foundation/Http/Middleware/PreventRequestsDuringMaintenance.php(109): Illuminate/Pipeline/Pipeline->{closure:{closure:Illuminate/Pipeline/Pipeline::carry():194}:195}(Object(Illuminate/Http/Request))
#66 D:/Backend-game-topup/web/project/vendor/laravel/framework/src/Illuminate/Pipeline/Pipeline.php(219): Illuminate/Foundation/Http/Middleware/PreventRequestsDuringMaintenance->handle(Object(Illuminate/Http/Request), Object(Closure))
#67 D:/Backend-game-topup/web/project/vendor/laravel/framework/src/Illuminate/Http/Middleware/HandleCors.php(61): Illuminate/Pipeline/Pipeline->{closure:{closure:Illuminate/Pipeline/Pipeline::carry():194}:195}(Object(Illuminate/Http/Request))
#68 D:/Backend-game-topup/web/project/vendor/laravel/framework/src/Illuminate/Pipeline/Pipeline.php(219): Illuminate/Http/Middleware/HandleCors->handle(Object(Illuminate/Http/Request), Object(Closure))
#69 D:/Backend-game-topup/web/project/vendor/laravel/framework/src/Illuminate/Http/Middleware/TrustProxies.php(58): Illuminate/Pipeline/Pipeline->{closure:{closure:Illuminate/Pipeline/Pipeline::carry():194}:195}(Object(Illuminate/Http/Request))
#70 D:/Backend-game-topup/web/project/vendor/laravel/framework/src/Illuminate/Pipeline/Pipeline.php(219): Illuminate/Http/Middleware/TrustProxies->handle(Object(Illuminate/Http/Request), Object(Closure))
#71 D:/Backend-game-topup/web/project/vendor/laravel/framework/src/Illuminate/Http/Middleware/TrustHosts.php(78): Illuminate/Pipeline/Pipeline->{closure:{closure:Illuminate/Pipeline/Pipeline::carry():194}:195}(Object(Illuminate/Http/Request))
#72 D:/Backend-game-topup/web/project/vendor/laravel/framework/src/Illuminate/Pipeline/Pipeline.php(219): Illuminate/Http/Middleware/TrustHosts->handle(Object(Illuminate/Http/Request), Object(Closure))
#73 D:/Backend-game-topup/web/project/vendor/laravel/framework/src/Illuminate/Pipeline/Pipeline.php(137): Illuminate/Pipeline/Pipeline->{closure:{closure:Illuminate/Pipeline/Pipeline::carry():194}:195}(Object(Illuminate/Http/Request))
#74 D:/Backend-game-topup/web/project/vendor/laravel/framework/src/Illuminate/Foundation/Http/Kernel.php(175): Illuminate/Pipeline/Pipeline->then(Object(Closure))
#75 D:/Backend-game-topup/web/project/vendor/laravel/framework/src/Illuminate/Foundation/Http/Kernel.php(144): Illuminate/Foundation/Http/Kernel->sendRequestThroughRouter(Object(Illuminate/Http/Request))
#76 D:/Backend-game-topup/web/project/public/index.php(51): Illuminate/Foundation/Http/Kernel->handle(Object(Illuminate/Http/Request))
#77 D:/Backend-game-topup/web/project/server.php(21): require_once('D://Backend-game...')
#78 {main}

[previous exception] [object] (PDOException(code: 42S22): SQLSTATE[42S22]: Column not found: 1054 Unknown column 'two_factor_secret' in 'field list' at D:/Backend-game-topup/web/project/vendor/laravel/framework/src/Illuminate/Database/Connection.php:605)
[stacktrace]
#0 D:/Backend-game-topup/web/project/vendor/laravel/framework/src/Illuminate/Database/Connection.php(605): PDO->prepare('update `users` ...')
#1 D:/Backend-game-topup/web/project/vendor/laravel/framework/src/Illuminate/Database/Connection.php(827): Illuminate/Database/Connection->{closure:Illuminate/Database/Connection::affectingStatement():597}('update `users` ...', Array)
#2 D:/Backend-game-topup/web/project/vendor/laravel/framework/src/Illuminate/Database/Connection.php(794): Illuminate/Database/Connection->runQueryCallback('update `users` ...', Array, Object(Closure))
#3 D:/Backend-game-topup/web/project/vendor/laravel/framework/src/Illuminate/Database/Connection.php(597): Illuminate/Database/Connection->run('update `users` ...', Array, Object(Closure))
#4 D:/Backend-game-topup/web/project/vendor/laravel/framework/src/Illuminate/Database/Connection.php(549): Illuminate/Database/Connection->affectingStatement('update `users` ...', Array)
#5 D:/Backend-game-topup/web/project/vendor/laravel/framework/src/Illuminate/Database/Query/Builder.php(4118): Illuminate/Database/Connection->update('update `users` ...', Array)
#6 D:/Backend-game-topup/web/project/vendor/laravel/framework/src/Illuminate/Database/Eloquent/Builder.php(1266): Illuminate/Database/Query/Builder->update(Object(Illuminate/Support/Collection))
#7 D:/Backend-game-topup/web/project/vendor/laravel/framework/src/Illuminate/Database/Eloquent/Model.php(1316): Illuminate/Database/Eloquent/Builder->update(Array)
#8 D:/Backend-game-topup/web/project/vendor/laravel/framework/src/Illuminate/Database/Eloquent/Model.php(1233): Illuminate/Database/Eloquent/Model->performUpdate(Object(Illuminate/Database/Eloquent/Builder))
#9 D:/Backend-game-topup/web/project/app/Models/User.php(72): Illuminate/Database/Eloquent/Model->save()
#10 D:/Backend-game-topup/web/project/vendor/filament/filament/src/Auth/MultiFactor/App/AppAuthentication.php(90): App/Models/User->saveAppAuthenticationSecret('XJ6I4DZJ4AGARZT...')
#11 D:/Backend-game-topup/web/project/vendor/filament/filament/src/Auth/MultiFactor/App/Actions/SetUpAppAuthenticationAction.php(162): Filament/Auth/MultiFactor/App/AppAuthentication->saveSecret(Object(App/Models/User), 'XJ6I4DZJ4AGARZT...')
#12 D:/Backend-game-topup/web/project/vendor/laravel/framework/src/Illuminate/Database/Concerns/ManagesTransactions.php(35): Filament/Auth/MultiFactor/App/Actions/SetUpAppAuthenticationAction::{closure:{closure:Filament/Auth/MultiFactor/App/Actions/SetUpAppAuthenticationAction::make():149}:161}(Object(Illuminate/Database/MySqlConnection))
#13 D:/Backend-game-topup/web/project/vendor/laravel/framework/src/Illuminate/Database/DatabaseManager.php(491): Illuminate/Database/Connection->transaction(Object(Closure))
#14 D:/Backend-game-topup/web/project/vendor/laravel/framework/src/Illuminate/Support/Facades/Facade.php(363): Illuminate/Database/DatabaseManager->__call('transaction', Array)
#15 D:/Backend-game-topup/web/project/vendor/filament/filament/src/Auth/MultiFactor/App/Actions/SetUpAppAuthenticationAction.php(161): Illuminate/Support/Facades/Facade::__callStatic('transaction', Array)
#16 D:/Backend-game-topup/web/project/vendor/filament/support/src/Concerns/EvaluatesClosures.php(36): Filament/Auth/MultiFactor/App/Actions/SetUpAppAuthenticationAction::{closure:Filament/Auth/MultiFactor/App/Actions/SetUpAppAuthenticationAction::make():149}(Array)
#17 D:/Backend-game-topup/web/project/vendor/filament/actions/src/Action.php(545): Filament/Support/Components/Component->evaluate(Object(Closure), Array)
#18 D:/Backend-game-topup/web/project/vendor/filament/actions/src/Concerns/InteractsWithActions.php(257): Filament/Actions/Action->call(Array)
#19 D:/Backend-game-topup/web/project/vendor/laravel/framework/src/Illuminate/Container/BoundMethod.php(36): Filament/Pages/BasePage->callMountedAction(Array)
#20 D:/Backend-game-topup/web/project/vendor/laravel/framework/src/Illuminate/Container/Util.php(43): Illuminate/Container/BoundMethod::{closure:Illuminate/Container/BoundMethod::call():35}()
#21 D:/Backend-game-topup/web/project/vendor/laravel/framework/src/Illuminate/Container/BoundMethod.php(96): Illuminate/Container/Util::unwrapIfClosure(Object(Closure))
#22 D:/Backend-game-topup/web/project/vendor/laravel/framework/src/Illuminate/Container/BoundMethod.php(35): Illuminate/Container/BoundMethod::callBoundMethod(Object(Illuminate/Foundation/Application), Array, Object(Closure))
#23 D:/Backend-game-topup/web/project/vendor/livewire/livewire/src/Wrapped.php(23): Illuminate/Container/BoundMethod::call(Object(Illuminate/Foundation/Application), Array, Array)
#24 D:/Backend-game-topup/web/project/vendor/livewire/livewire/src/Mechanisms/HandleComponents/HandleComponents.php(492): Livewire/Wrapped->__call('callMountedActi...', Array)
#25 D:/Backend-game-topup/web/project/vendor/livewire/livewire/src/Mechanisms/HandleComponents/HandleComponents.php(101): Livewire/Mechanisms/HandleComponents/HandleComponents->callMethods(Object(Filament/Auth/Pages/EditProfile), Array, Object(Livewire/Mechanisms/HandleComponents/ComponentContext))
#26 D:/Backend-game-topup/web/project/vendor/livewire/livewire/src/LivewireManager.php(102): Livewire/Mechanisms/HandleComponents/HandleComponents->update(Array, Array, Array)
#27 D:/Backend-game-topup/web/project/vendor/livewire/livewire/src/Mechanisms/HandleRequests/HandleRequests.php(124): Livewire/LivewireManager->update(Array, Array, Array)
#28 D:/Backend-game-topup/web/project/vendor/laravel/framework/src/Illuminate/Routing/ControllerDispatcher.php(46): Livewire/Mechanisms/HandleRequests/HandleRequests->handleUpdate()
#29 D:/Backend-game-topup/web/project/vendor/laravel/framework/src/Illuminate/Routing/Route.php(265): Illuminate/Routing/ControllerDispatcher->dispatch(Object(Illuminate/Routing/Route), Object(Livewire/Mechanisms/HandleRequests/HandleRequests), 'handleUpdate')
#30 D:/Backend-game-topup/web/project/vendor/laravel/framework/src/Illuminate/Routing/Route.php(211): Illuminate/Routing/Route->runController()
#31 D:/Backend-game-topup/web/project/vendor/laravel/framework/src/Illuminate/Routing/Router.php(822): Illuminate/Routing/Route->run()
#32 D:/Backend-game-topup/web/project/vendor/laravel/framework/src/Illuminate/Pipeline/Pipeline.php(180): Illuminate/Routing/Router->{closure:Illuminate/Routing/Router::runRouteWithinStack():821}(Object(Illuminate/Http/Request))
#33 D:/Backend-game-topup/web/project/app/Http/Middleware/LanguageDetectMiddleware.php(24): Illuminate/Pipeline/Pipeline->{closure:Illuminate/Pipeline/Pipeline::prepareDestination():178}(Object(Illuminate/Http/Request))
#34 D:/Backend-game-topup/web/project/vendor/laravel/framework/src/Illuminate/Pipeline/Pipeline.php(219): App/Http/Middleware/LanguageDetectMiddleware->handle(Object(Illuminate/Http/Request), Object(Closure))
#35 D:/Backend-game-topup/web/project/app/Http/Middleware/TrackVisitors.php(33): Illuminate/Pipeline/Pipeline->{closure:{closure:Illuminate/Pipeline/Pipeline::carry():194}:195}(Object(Illuminate/Http/Request))
#36 D:/Backend-game-topup/web/project/vendor/laravel/framework/src/Illuminate/Pipeline/Pipeline.php(219): App/Http/Middleware/TrackVisitors->handle(Object(Illuminate/Http/Request), Object(Closure))
#37 D:/Backend-game-topup/web/project/app/Http/Middleware/AddExpirationDateToCookie.php(21): Illuminate/Pipeline/Pipeline->{closure:{closure:Illuminate/Pipeline/Pipeline::carry():194}:195}(Object(Illuminate/Http/Request))
#38 D:/Backend-game-topup/web/project/vendor/laravel/framework/src/Illuminate/Pipeline/Pipeline.php(219): App/Http/Middleware/AddExpirationDateToCookie->handle(Object(Illuminate/Http/Request), Object(Closure))
#39 D:/Backend-game-topup/web/project/vendor/laravel/framework/src/Illuminate/Routing/Middleware/SubstituteBindings.php(50): Illuminate/Pipeline/Pipeline->{closure:{closure:Illuminate/Pipeline/Pipeline::carry():194}:195}(Object(Illuminate/Http/Request))
#40 D:/Backend-game-topup/web/project/vendor/laravel/framework/src/Illuminate/Pipeline/Pipeline.php(219): Illuminate/Routing/Middleware/SubstituteBindings->handle(Object(Illuminate/Http/Request), Object(Closure))
#41 D:/Backend-game-topup/web/project/app/Http/Middleware/VerifyCsrfToken.php(31): Illuminate/Pipeline/Pipeline->{closure:{closure:Illuminate/Pipeline/Pipeline::carry():194}:195}(Object(Illuminate/Http/Request))
#42 D:/Backend-game-topup/web/project/vendor/laravel/framework/src/Illuminate/Pipeline/Pipeline.php(219): App/Http/Middleware/VerifyCsrfToken->handle(Object(Illuminate/Http/Request), Object(Closure))
#43 D:/Backend-game-topup/web/project/vendor/laravel/framework/src/Illuminate/View/Middleware/ShareErrorsFromSession.php(48): Illuminate/Pipeline/Pipeline->{closure:{closure:Illuminate/Pipeline/Pipeline::carry():194}:195}(Object(Illuminate/Http/Request))
#44 D:/Backend-game-topup/web/project/vendor/laravel/framework/src/Illuminate/Pipeline/Pipeline.php(219): Illuminate/View/Middleware/ShareErrorsFromSession->handle(Object(Illuminate/Http/Request), Object(Closure))
#45 D:/Backend-game-topup/web/project/vendor/laravel/framework/src/Illuminate/Session/Middleware/StartSession.php(120): Illuminate/Pipeline/Pipeline->{closure:{closure:Illuminate/Pipeline/Pipeline::carry():194}:195}(Object(Illuminate/Http/Request))
#46 D:/Backend-game-topup/web/project/vendor/laravel/framework/src/Illuminate/Session/Middleware/StartSession.php(63): Illuminate/Session/Middleware/StartSession->handleStatefulRequest(Object(Illuminate/Http/Request), Object(Illuminate/Session/EncryptedStore), Object(Closure))
#47 D:/Backend-game-topup/web/project/vendor/laravel/framework/src/Illuminate/Pipeline/Pipeline.php(219): Illuminate/Session/Middleware/StartSession->handle(Object(Illuminate/Http/Request), Object(Closure))
#48 D:/Backend-game-topup/web/project/vendor/laravel/framework/src/Illuminate/Cookie/Middleware/AddQueuedCookiesToResponse.php(36): Illuminate/Pipeline/Pipeline->{closure:{closure:Illuminate/Pipeline/Pipeline::carry():194}:195}(Object(Illuminate/Http/Request))
#49 D:/Backend-game-topup/web/project/vendor/laravel/framework/src/Illuminate/Pipeline/Pipeline.php(219): Illuminate/Cookie/Middleware/AddQueuedCookiesToResponse->handle(Object(Illuminate/Http/Request), Object(Closure))
#50 D:/Backend-game-topup/web/project/vendor/laravel/framework/src/Illuminate/Cookie/Middleware/EncryptCookies.php(74): Illuminate/Pipeline/Pipeline->{closure:{closure:Illuminate/Pipeline/Pipeline::carry():194}:195}(Object(Illuminate/Http/Request))
#51 D:/Backend-game-topup/web/project/vendor/laravel/framework/src/Illuminate/Pipeline/Pipeline.php(219): Illuminate/Cookie/Middleware/EncryptCookies->handle(Object(Illuminate/Http/Request), Object(Closure))
#52 D:/Backend-game-topup/web/project/vendor/laravel/framework/src/Illuminate/Pipeline/Pipeline.php(137): Illuminate/Pipeline/Pipeline->{closure:{closure:Illuminate/Pipeline/Pipeline::carry():194}:195}(Object(Illuminate/Http/Request))
#53 D:/Backend-game-topup/web/project/vendor/laravel/framework/src/Illuminate/Routing/Router.php(821): Illuminate/Pipeline/Pipeline->then(Object(Closure))
#54 D:/Backend-game-topup/web/project/vendor/laravel/framework/src/Illuminate/Routing/Router.php(800): Illuminate/Routing/Router->runRouteWithinStack(Object(Illuminate/Routing/Route), Object(Illuminate/Http/Request))
#55 D:/Backend-game-topup/web/project/vendor/laravel/framework/src/Illuminate/Routing/Router.php(764): Illuminate/Routing/Router->runRoute(Object(Illuminate/Http/Request), Object(Illuminate/Routing/Route))
#56 D:/Backend-game-topup/web/project/vendor/laravel/framework/src/Illuminate/Routing/Router.php(753): Illuminate/Routing/Router->dispatchToRoute(Object(Illuminate/Http/Request))
#57 D:/Backend-game-topup/web/project/vendor/laravel/framework/src/Illuminate/Foundation/Http/Kernel.php(200): Illuminate/Routing/Router->dispatch(Object(Illuminate/Http/Request))
#58 D:/Backend-game-topup/web/project/vendor/laravel/framework/src/Illuminate/Pipeline/Pipeline.php(180): Illuminate/Foundation/Http/Kernel->{closure:Illuminate/Foundation/Http/Kernel::dispatchToRouter():197}(Object(Illuminate/Http/Request))
#59 D:/Backend-game-topup/web/project/vendor/livewire/livewire/src/Features/SupportDisablingBackButtonCache/DisableBackButtonCacheMiddleware.php(19): Illuminate/Pipeline/Pipeline->{closure:Illuminate/Pipeline/Pipeline::prepareDestination():178}(Object(Illuminate/Http/Request))
#60 D:/Backend-game-topup/web/project/vendor/laravel/framework/src/Illuminate/Pipeline/Pipeline.php(219): Livewire/Features/SupportDisablingBackButtonCache/DisableBackButtonCacheMiddleware->handle(Object(Illuminate/Http/Request), Object(Closure))
#61 D:/Backend-game-topup/web/project/vendor/laravel/framework/src/Illuminate/Foundation/Http/Middleware/ConvertEmptyStringsToNull.php(27): Illuminate/Pipeline/Pipeline->{closure:{closure:Illuminate/Pipeline/Pipeline::carry():194}:195}(Object(Illuminate/Http/Request))
#62 D:/Backend-game-topup/web/project/vendor/laravel/framework/src/Illuminate/Pipeline/Pipeline.php(219): Illuminate/Foundation/Http/Middleware/ConvertEmptyStringsToNull->handle(Object(Illuminate/Http/Request), Object(Closure))
#63 D:/Backend-game-topup/web/project/vendor/laravel/framework/src/Illuminate/Foundation/Http/Middleware/TrimStrings.php(47): Illuminate/Pipeline/Pipeline->{closure:{closure:Illuminate/Pipeline/Pipeline::carry():194}:195}(Object(Illuminate/Http/Request))
#64 D:/Backend-game-topup/web/project/vendor/laravel/framework/src/Illuminate/Pipeline/Pipeline.php(219): Illuminate/Foundation/Http/Middleware/TrimStrings->handle(Object(Illuminate/Http/Request), Object(Closure))
#65 D:/Backend-game-topup/web/project/vendor/laravel/framework/src/Illuminate/Http/Middleware/ValidatePostSize.php(27): Illuminate/Pipeline/Pipeline->{closure:{closure:Illuminate/Pipeline/Pipeline::carry():194}:195}(Object(Illuminate/Http/Request))
#66 D:/Backend-game-topup/web/project/vendor/laravel/framework/src/Illuminate/Pipeline/Pipeline.php(219): Illuminate/Http/Middleware/ValidatePostSize->handle(Object(Illuminate/Http/Request), Object(Closure))
#67 D:/Backend-game-topup/web/project/vendor/laravel/framework/src/Illuminate/Foundation/Http/Middleware/PreventRequestsDuringMaintenance.php(109): Illuminate/Pipeline/Pipeline->{closure:{closure:Illuminate/Pipeline/Pipeline::carry():194}:195}(Object(Illuminate/Http/Request))
#68 D:/Backend-game-topup/web/project/vendor/laravel/framework/src/Illuminate/Pipeline/Pipeline.php(219): Illuminate/Foundation/Http/Middleware/PreventRequestsDuringMaintenance->handle(Object(Illuminate/Http/Request), Object(Closure))
#69 D:/Backend-game-topup/web/project/vendor/laravel/framework/src/Illuminate/Http/Middleware/HandleCors.php(61): Illuminate/Pipeline/Pipeline->{closure:{closure:Illuminate/Pipeline/Pipeline::carry():194}:195}(Object(Illuminate/Http/Request))
#70 D:/Backend-game-topup/web/project/vendor/laravel/framework/src/Illuminate/Pipeline/Pipeline.php(219): Illuminate/Http/Middleware/HandleCors->handle(Object(Illuminate/Http/Request), Object(Closure))
#71 D:/Backend-game-topup/web/project/vendor/laravel/framework/src/Illuminate/Http/Middleware/TrustProxies.php(58): Illuminate/Pipeline/Pipeline->{closure:{closure:Illuminate/Pipeline/Pipeline::carry():194}:195}(Object(Illuminate/Http/Request))
#72 D:/Backend-game-topup/web/project/vendor/laravel/framework/src/Illuminate/Pipeline/Pipeline.php(219): Illuminate/Http/Middleware/TrustProxies->handle(Object(Illuminate/Http/Request), Object(Closure))
#73 D:/Backend-game-topup/web/project/vendor/laravel/framework/src/Illuminate/Http/Middleware/TrustHosts.php(78): Illuminate/Pipeline/Pipeline->{closure:{closure:Illuminate/Pipeline/Pipeline::carry():194}:195}(Object(Illuminate/Http/Request))
#74 D:/Backend-game-topup/web/project/vendor/laravel/framework/src/Illuminate/Pipeline/Pipeline.php(219): Illuminate/Http/Middleware/TrustHosts->handle(Object(Illuminate/Http/Request), Object(Closure))
#75 D:/Backend-game-topup/web/project/vendor/laravel/framework/src/Illuminate/Pipeline/Pipeline.php(137): Illuminate/Pipeline/Pipeline->{closure:{closure:Illuminate/Pipeline/Pipeline::carry():194}:195}(Object(Illuminate/Http/Request))
#76 D:/Backend-game-topup/web/project/vendor/laravel/framework/src/Illuminate/Foundation/Http/Kernel.php(175): Illuminate/Pipeline/Pipeline->then(Object(Closure))
#77 D:/Backend-game-topup/web/project/vendor/laravel/framework/src/Illuminate/Foundation/Http/Kernel.php(144): Illuminate/Foundation/Http/Kernel->sendRequestThroughRouter(Object(Illuminate/Http/Request))
#78 D:/Backend-game-topup/web/project/public/index.php(51): Illuminate/Foundation/Http/Kernel->handle(Object(Illuminate/Http/Request))
#79 D:/Backend-game-topup/web/project/server.php(21): require_once('D://Backend-game...')
#80 {main}
"} 
[2026-02-02 23:40:21] local.ERROR: SQLSTATE[42S22]: Column not found: 1054 Unknown column 'two_factor_secret' in 'field list' (Connection: mysql, Host: localhost, Port: 3306, Database: topup, SQL: update `users` set `two_factor_secret` = XJ6I4DZJ4AGARZTL, `users`.`updated_at` = 2026-02-02 23:40:20 where `id` = 350) {"userId":350,"exception":"[object] (Illuminate\\Database\\QueryException(code: 42S22): SQLSTATE[42S22]: Column not found: 1054 Unknown column 'two_factor_secret' in 'field list' (Connection: mysql, Host: localhost, Port: 3306, Database: topup, SQL: update `users` set `two_factor_secret` = XJ6I4DZJ4AGARZTL, `users`.`updated_at` = 2026-02-02 23:40:20 where `id` = 350) at D:/Backend-game-topup/web/project/vendor/laravel/framework/src/Illuminate/Database/Connection.php:838)
[stacktrace]
#0 D:/Backend-game-topup/web/project/vendor/laravel/framework/src/Illuminate/Database/Connection.php(794): Illuminate/Database/Connection->runQueryCallback('update `users` ...', Array, Object(Closure))
#1 D:/Backend-game-topup/web/project/vendor/laravel/framework/src/Illuminate/Database/Connection.php(597): Illuminate/Database/Connection->run('update `users` ...', Array, Object(Closure))
#2 D:/Backend-game-topup/web/project/vendor/laravel/framework/src/Illuminate/Database/Connection.php(549): Illuminate/Database/Connection->affectingStatement('update `users` ...', Array)
#3 D:/Backend-game-topup/web/project/vendor/laravel/framework/src/Illuminate/Database/Query/Builder.php(4118): Illuminate/Database/Connection->update('update `users` ...', Array)
#4 D:/Backend-game-topup/web/project/vendor/laravel/framework/src/Illuminate/Database/Eloquent/Builder.php(1266): Illuminate/Database/Query/Builder->update(Object(Illuminate/Support/Collection))
#5 D:/Backend-game-topup/web/project/vendor/laravel/framework/src/Illuminate/Database/Eloquent/Model.php(1316): Illuminate/Database/Eloquent/Builder->update(Array)
#6 D:/Backend-game-topup/web/project/vendor/laravel/framework/src/Illuminate/Database/Eloquent/Model.php(1233): Illuminate/Database/Eloquent/Model->performUpdate(Object(Illuminate/Database/Eloquent/Builder))
#7 D:/Backend-game-topup/web/project/app/Models/User.php(72): Illuminate/Database/Eloquent/Model->save()
#8 D:/Backend-game-topup/web/project/vendor/filament/filament/src/Auth/MultiFactor/App/AppAuthentication.php(90): App/Models/User->saveAppAuthenticationSecret('XJ6I4DZJ4AGARZT...')
#9 D:/Backend-game-topup/web/project/vendor/filament/filament/src/Auth/MultiFactor/App/Actions/SetUpAppAuthenticationAction.php(162): Filament/Auth/MultiFactor/App/AppAuthentication->saveSecret(Object(App/Models/User), 'XJ6I4DZJ4AGARZT...')
#10 D:/Backend-game-topup/web/project/vendor/laravel/framework/src/Illuminate/Database/Concerns/ManagesTransactions.php(35): Filament/Auth/MultiFactor/App/Actions/SetUpAppAuthenticationAction::{closure:{closure:Filament/Auth/MultiFactor/App/Actions/SetUpAppAuthenticationAction::make():149}:161}(Object(Illuminate/Database/MySqlConnection))
#11 D:/Backend-game-topup/web/project/vendor/laravel/framework/src/Illuminate/Database/DatabaseManager.php(491): Illuminate/Database/Connection->transaction(Object(Closure))
#12 D:/Backend-game-topup/web/project/vendor/laravel/framework/src/Illuminate/Support/Facades/Facade.php(363): Illuminate/Database/DatabaseManager->__call('transaction', Array)
#13 D:/Backend-game-topup/web/project/vendor/filament/filament/src/Auth/MultiFactor/App/Actions/SetUpAppAuthenticationAction.php(161): Illuminate/Support/Facades/Facade::__callStatic('transaction', Array)
#14 D:/Backend-game-topup/web/project/vendor/filament/support/src/Concerns/EvaluatesClosures.php(36): Filament/Auth/MultiFactor/App/Actions/SetUpAppAuthenticationAction::{closure:Filament/Auth/MultiFactor/App/Actions/SetUpAppAuthenticationAction::make():149}(Array)
#15 D:/Backend-game-topup/web/project/vendor/filament/actions/src/Action.php(545): Filament/Support/Components/Component->evaluate(Object(Closure), Array)
#16 D:/Backend-game-topup/web/project/vendor/filament/actions/src/Concerns/InteractsWithActions.php(257): Filament/Actions/Action->call(Array)
#17 D:/Backend-game-topup/web/project/vendor/laravel/framework/src/Illuminate/Container/BoundMethod.php(36): Filament/Pages/BasePage->callMountedAction(Array)
#18 D:/Backend-game-topup/web/project/vendor/laravel/framework/src/Illuminate/Container/Util.php(43): Illuminate/Container/BoundMethod::{closure:Illuminate/Container/BoundMethod::call():35}()
#19 D:/Backend-game-topup/web/project/vendor/laravel/framework/src/Illuminate/Container/BoundMethod.php(96): Illuminate/Container/Util::unwrapIfClosure(Object(Closure))
#20 D:/Backend-game-topup/web/project/vendor/laravel/framework/src/Illuminate/Container/BoundMethod.php(35): Illuminate/Container/BoundMethod::callBoundMethod(Object(Illuminate/Foundation/Application), Array, Object(Closure))
#21 D:/Backend-game-topup/web/project/vendor/livewire/livewire/src/Wrapped.php(23): Illuminate/Container/BoundMethod::call(Object(Illuminate/Foundation/Application), Array, Array)
#22 D:/Backend-game-topup/web/project/vendor/livewire/livewire/src/Mechanisms/HandleComponents/HandleComponents.php(492): Livewire/Wrapped->__call('callMountedActi...', Array)
#23 D:/Backend-game-topup/web/project/vendor/livewire/livewire/src/Mechanisms/HandleComponents/HandleComponents.php(101): Livewire/Mechanisms/HandleComponents/HandleComponents->callMethods(Object(Filament/Auth/Pages/EditProfile), Array, Object(Livewire/Mechanisms/HandleComponents/ComponentContext))
#24 D:/Backend-game-topup/web/project/vendor/livewire/livewire/src/LivewireManager.php(102): Livewire/Mechanisms/HandleComponents/HandleComponents->update(Array, Array, Array)
#25 D:/Backend-game-topup/web/project/vendor/livewire/livewire/src/Mechanisms/HandleRequests/HandleRequests.php(124): Livewire/LivewireManager->update(Array, Array, Array)
#26 D:/Backend-game-topup/web/project/vendor/laravel/framework/src/Illuminate/Routing/ControllerDispatcher.php(46): Livewire/Mechanisms/HandleRequests/HandleRequests->handleUpdate()
#27 D:/Backend-game-topup/web/project/vendor/laravel/framework/src/Illuminate/Routing/Route.php(265): Illuminate/Routing/ControllerDispatcher->dispatch(Object(Illuminate/Routing/Route), Object(Livewire/Mechanisms/HandleRequests/HandleRequests), 'handleUpdate')
#28 D:/Backend-game-topup/web/project/vendor/laravel/framework/src/Illuminate/Routing/Route.php(211): Illuminate/Routing/Route->runController()
#29 D:/Backend-game-topup/web/project/vendor/laravel/framework/src/Illuminate/Routing/Router.php(822): Illuminate/Routing/Route->run()
#30 D:/Backend-game-topup/web/project/vendor/laravel/framework/src/Illuminate/Pipeline/Pipeline.php(180): Illuminate/Routing/Router->{closure:Illuminate/Routing/Router::runRouteWithinStack():821}(Object(Illuminate/Http/Request))
#31 D:/Backend-game-topup/web/project/app/Http/Middleware/LanguageDetectMiddleware.php(24): Illuminate/Pipeline/Pipeline->{closure:Illuminate/Pipeline/Pipeline::prepareDestination():178}(Object(Illuminate/Http/Request))
#32 D:/Backend-game-topup/web/project/vendor/laravel/framework/src/Illuminate/Pipeline/Pipeline.php(219): App/Http/Middleware/LanguageDetectMiddleware->handle(Object(Illuminate/Http/Request), Object(Closure))
#33 D:/Backend-game-topup/web/project/app/Http/Middleware/TrackVisitors.php(33): Illuminate/Pipeline/Pipeline->{closure:{closure:Illuminate/Pipeline/Pipeline::carry():194}:195}(Object(Illuminate/Http/Request))
#34 D:/Backend-game-topup/web/project/vendor/laravel/framework/src/Illuminate/Pipeline/Pipeline.php(219): App/Http/Middleware/TrackVisitors->handle(Object(Illuminate/Http/Request), Object(Closure))
#35 D:/Backend-game-topup/web/project/app/Http/Middleware/AddExpirationDateToCookie.php(21): Illuminate/Pipeline/Pipeline->{closure:{closure:Illuminate/Pipeline/Pipeline::carry():194}:195}(Object(Illuminate/Http/Request))
#36 D:/Backend-game-topup/web/project/vendor/laravel/framework/src/Illuminate/Pipeline/Pipeline.php(219): App/Http/Middleware/AddExpirationDateToCookie->handle(Object(Illuminate/Http/Request), Object(Closure))
#37 D:/Backend-game-topup/web/project/vendor/laravel/framework/src/Illuminate/Routing/Middleware/SubstituteBindings.php(50): Illuminate/Pipeline/Pipeline->{closure:{closure:Illuminate/Pipeline/Pipeline::carry():194}:195}(Object(Illuminate/Http/Request))
#38 D:/Backend-game-topup/web/project/vendor/laravel/framework/src/Illuminate/Pipeline/Pipeline.php(219): Illuminate/Routing/Middleware/SubstituteBindings->handle(Object(Illuminate/Http/Request), Object(Closure))
#39 D:/Backend-game-topup/web/project/app/Http/Middleware/VerifyCsrfToken.php(31): Illuminate/Pipeline/Pipeline->{closure:{closure:Illuminate/Pipeline/Pipeline::carry():194}:195}(Object(Illuminate/Http/Request))
#40 D:/Backend-game-topup/web/project/vendor/laravel/framework/src/Illuminate/Pipeline/Pipeline.php(219): App/Http/Middleware/VerifyCsrfToken->handle(Object(Illuminate/Http/Request), Object(Closure))
#41 D:/Backend-game-topup/web/project/vendor/laravel/framework/src/Illuminate/View/Middleware/ShareErrorsFromSession.php(48): Illuminate/Pipeline/Pipeline->{closure:{closure:Illuminate/Pipeline/Pipeline::carry():194}:195}(Object(Illuminate/Http/Request))
#42 D:/Backend-game-topup/web/project/vendor/laravel/framework/src/Illuminate/Pipeline/Pipeline.php(219): Illuminate/View/Middleware/ShareErrorsFromSession->handle(Object(Illuminate/Http/Request), Object(Closure))
#43 D:/Backend-game-topup/web/project/vendor/laravel/framework/src/Illuminate/Session/Middleware/StartSession.php(120): Illuminate/Pipeline/Pipeline->{closure:{closure:Illuminate/Pipeline/Pipeline::carry():194}:195}(Object(Illuminate/Http/Request))
#44 D:/Backend-game-topup/web/project/vendor/laravel/framework/src/Illuminate/Session/Middleware/StartSession.php(63): Illuminate/Session/Middleware/StartSession->handleStatefulRequest(Object(Illuminate/Http/Request), Object(Illuminate/Session/EncryptedStore), Object(Closure))
#45 D:/Backend-game-topup/web/project/vendor/laravel/framework/src/Illuminate/Pipeline/Pipeline.php(219): Illuminate/Session/Middleware/StartSession->handle(Object(Illuminate/Http/Request), Object(Closure))
#46 D:/Backend-game-topup/web/project/vendor/laravel/framework/src/Illuminate/Cookie/Middleware/AddQueuedCookiesToResponse.php(36): Illuminate/Pipeline/Pipeline->{closure:{closure:Illuminate/Pipeline/Pipeline::carry():194}:195}(Object(Illuminate/Http/Request))
#47 D:/Backend-game-topup/web/project/vendor/laravel/framework/src/Illuminate/Pipeline/Pipeline.php(219): Illuminate/Cookie/Middleware/AddQueuedCookiesToResponse->handle(Object(Illuminate/Http/Request), Object(Closure))
#48 D:/Backend-game-topup/web/project/vendor/laravel/framework/src/Illuminate/Cookie/Middleware/EncryptCookies.php(74): Illuminate/Pipeline/Pipeline->{closure:{closure:Illuminate/Pipeline/Pipeline::carry():194}:195}(Object(Illuminate/Http/Request))
#49 D:/Backend-game-topup/web/project/vendor/laravel/framework/src/Illuminate/Pipeline/Pipeline.php(219): Illuminate/Cookie/Middleware/EncryptCookies->handle(Object(Illuminate/Http/Request), Object(Closure))
#50 D:/Backend-game-topup/web/project/vendor/laravel/framework/src/Illuminate/Pipeline/Pipeline.php(137): Illuminate/Pipeline/Pipeline->{closure:{closure:Illuminate/Pipeline/Pipeline::carry():194}:195}(Object(Illuminate/Http/Request))
#51 D:/Backend-game-topup/web/project/vendor/laravel/framework/src/Illuminate/Routing/Router.php(821): Illuminate/Pipeline/Pipeline->then(Object(Closure))
#52 D:/Backend-game-topup/web/project/vendor/laravel/framework/src/Illuminate/Routing/Router.php(800): Illuminate/Routing/Router->runRouteWithinStack(Object(Illuminate/Routing/Route), Object(Illuminate/Http/Request))
#53 D:/Backend-game-topup/web/project/vendor/laravel/framework/src/Illuminate/Routing/Router.php(764): Illuminate/Routing/Router->runRoute(Object(Illuminate/Http/Request), Object(Illuminate/Routing/Route))
#54 D:/Backend-game-topup/web/project/vendor/laravel/framework/src/Illuminate/Routing/Router.php(753): Illuminate/Routing/Router->dispatchToRoute(Object(Illuminate/Http/Request))
#55 D:/Backend-game-topup/web/project/vendor/laravel/framework/src/Illuminate/Foundation/Http/Kernel.php(200): Illuminate/Routing/Router->dispatch(Object(Illuminate/Http/Request))
#56 D:/Backend-game-topup/web/project/vendor/laravel/framework/src/Illuminate/Pipeline/Pipeline.php(180): Illuminate/Foundation/Http/Kernel->{closure:Illuminate/Foundation/Http/Kernel::dispatchToRouter():197}(Object(Illuminate/Http/Request))
#57 D:/Backend-game-topup/web/project/vendor/livewire/livewire/src/Features/SupportDisablingBackButtonCache/DisableBackButtonCacheMiddleware.php(19): Illuminate/Pipeline/Pipeline->{closure:Illuminate/Pipeline/Pipeline::prepareDestination():178}(Object(Illuminate/Http/Request))
#58 D:/Backend-game-topup/web/project/vendor/laravel/framework/src/Illuminate/Pipeline/Pipeline.php(219): Livewire/Features/SupportDisablingBackButtonCache/DisableBackButtonCacheMiddleware->handle(Object(Illuminate/Http/Request), Object(Closure))
#59 D:/Backend-game-topup/web/project/vendor/laravel/framework/src/Illuminate/Foundation/Http/Middleware/ConvertEmptyStringsToNull.php(27): Illuminate/Pipeline/Pipeline->{closure:{closure:Illuminate/Pipeline/Pipeline::carry():194}:195}(Object(Illuminate/Http/Request))
#60 D:/Backend-game-topup/web/project/vendor/laravel/framework/src/Illuminate/Pipeline/Pipeline.php(219): Illuminate/Foundation/Http/Middleware/ConvertEmptyStringsToNull->handle(Object(Illuminate/Http/Request), Object(Closure))
#61 D:/Backend-game-topup/web/project/vendor/laravel/framework/src/Illuminate/Foundation/Http/Middleware/TrimStrings.php(47): Illuminate/Pipeline/Pipeline->{closure:{closure:Illuminate/Pipeline/Pipeline::carry():194}:195}(Object(Illuminate/Http/Request))
#62 D:/Backend-game-topup/web/project/vendor/laravel/framework/src/Illuminate/Pipeline/Pipeline.php(219): Illuminate/Foundation/Http/Middleware/TrimStrings->handle(Object(Illuminate/Http/Request), Object(Closure))
#63 D:/Backend-game-topup/web/project/vendor/laravel/framework/src/Illuminate/Http/Middleware/ValidatePostSize.php(27): Illuminate/Pipeline/Pipeline->{closure:{closure:Illuminate/Pipeline/Pipeline::carry():194}:195}(Object(Illuminate/Http/Request))
#64 D:/Backend-game-topup/web/project/vendor/laravel/framework/src/Illuminate/Pipeline/Pipeline.php(219): Illuminate/Http/Middleware/ValidatePostSize->handle(Object(Illuminate/Http/Request), Object(Closure))
#65 D:/Backend-game-topup/web/project/vendor/laravel/framework/src/Illuminate/Foundation/Http/Middleware/PreventRequestsDuringMaintenance.php(109): Illuminate/Pipeline/Pipeline->{closure:{closure:Illuminate/Pipeline/Pipeline::carry():194}:195}(Object(Illuminate/Http/Request))
#66 D:/Backend-game-topup/web/project/vendor/laravel/framework/src/Illuminate/Pipeline/Pipeline.php(219): Illuminate/Foundation/Http/Middleware/PreventRequestsDuringMaintenance->handle(Object(Illuminate/Http/Request), Object(Closure))
#67 D:/Backend-game-topup/web/project/vendor/laravel/framework/src/Illuminate/Http/Middleware/HandleCors.php(61): Illuminate/Pipeline/Pipeline->{closure:{closure:Illuminate/Pipeline/Pipeline::carry():194}:195}(Object(Illuminate/Http/Request))
#68 D:/Backend-game-topup/web/project/vendor/laravel/framework/src/Illuminate/Pipeline/Pipeline.php(219): Illuminate/Http/Middleware/HandleCors->handle(Object(Illuminate/Http/Request), Object(Closure))
#69 D:/Backend-game-topup/web/project/vendor/laravel/framework/src/Illuminate/Http/Middleware/TrustProxies.php(58): Illuminate/Pipeline/Pipeline->{closure:{closure:Illuminate/Pipeline/Pipeline::carry():194}:195}(Object(Illuminate/Http/Request))
#70 D:/Backend-game-topup/web/project/vendor/laravel/framework/src/Illuminate/Pipeline/Pipeline.php(219): Illuminate/Http/Middleware/TrustProxies->handle(Object(Illuminate/Http/Request), Object(Closure))
#71 D:/Backend-game-topup/web/project/vendor/laravel/framework/src/Illuminate/Http/Middleware/TrustHosts.php(78): Illuminate/Pipeline/Pipeline->{closure:{closure:Illuminate/Pipeline/Pipeline::carry():194}:195}(Object(Illuminate/Http/Request))
#72 D:/Backend-game-topup/web/project/vendor/laravel/framework/src/Illuminate/Pipeline/Pipeline.php(219): Illuminate/Http/Middleware/TrustHosts->handle(Object(Illuminate/Http/Request), Object(Closure))
#73 D:/Backend-game-topup/web/project/vendor/laravel/framework/src/Illuminate/Pipeline/Pipeline.php(137): Illuminate/Pipeline/Pipeline->{closure:{closure:Illuminate/Pipeline/Pipeline::carry():194}:195}(Object(Illuminate/Http/Request))
#74 D:/Backend-game-topup/web/project/vendor/laravel/framework/src/Illuminate/Foundation/Http/Kernel.php(175): Illuminate/Pipeline/Pipeline->then(Object(Closure))
#75 D:/Backend-game-topup/web/project/vendor/laravel/framework/src/Illuminate/Foundation/Http/Kernel.php(144): Illuminate/Foundation/Http/Kernel->sendRequestThroughRouter(Object(Illuminate/Http/Request))
#76 D:/Backend-game-topup/web/project/public/index.php(51): Illuminate/Foundation/Http/Kernel->handle(Object(Illuminate/Http/Request))
#77 D:/Backend-game-topup/web/project/server.php(21): require_once('D://Backend-game...')
#78 {main}

[previous exception] [object] (PDOException(code: 42S22): SQLSTATE[42S22]: Column not found: 1054 Unknown column 'two_factor_secret' in 'field list' at D:/Backend-game-topup/web/project/vendor/laravel/framework/src/Illuminate/Database/Connection.php:605)
[stacktrace]
#0 D:/Backend-game-topup/web/project/vendor/laravel/framework/src/Illuminate/Database/Connection.php(605): PDO->prepare('update `users` ...')
#1 D:/Backend-game-topup/web/project/vendor/laravel/framework/src/Illuminate/Database/Connection.php(827): Illuminate/Database/Connection->{closure:Illuminate/Database/Connection::affectingStatement():597}('update `users` ...', Array)
#2 D:/Backend-game-topup/web/project/vendor/laravel/framework/src/Illuminate/Database/Connection.php(794): Illuminate/Database/Connection->runQueryCallback('update `users` ...', Array, Object(Closure))
#3 D:/Backend-game-topup/web/project/vendor/laravel/framework/src/Illuminate/Database/Connection.php(597): Illuminate/Database/Connection->run('update `users` ...', Array, Object(Closure))
#4 D:/Backend-game-topup/web/project/vendor/laravel/framework/src/Illuminate/Database/Connection.php(549): Illuminate/Database/Connection->affectingStatement('update `users` ...', Array)
#5 D:/Backend-game-topup/web/project/vendor/laravel/framework/src/Illuminate/Database/Query/Builder.php(4118): Illuminate/Database/Connection->update('update `users` ...', Array)
#6 D:/Backend-game-topup/web/project/vendor/laravel/framework/src/Illuminate/Database/Eloquent/Builder.php(1266): Illuminate/Database/Query/Builder->update(Object(Illuminate/Support/Collection))
#7 D:/Backend-game-topup/web/project/vendor/laravel/framework/src/Illuminate/Database/Eloquent/Model.php(1316): Illuminate/Database/Eloquent/Builder->update(Array)
#8 D:/Backend-game-topup/web/project/vendor/laravel/framework/src/Illuminate/Database/Eloquent/Model.php(1233): Illuminate/Database/Eloquent/Model->performUpdate(Object(Illuminate/Database/Eloquent/Builder))
#9 D:/Backend-game-topup/web/project/app/Models/User.php(72): Illuminate/Database/Eloquent/Model->save()
#10 D:/Backend-game-topup/web/project/vendor/filament/filament/src/Auth/MultiFactor/App/AppAuthentication.php(90): App/Models/User->saveAppAuthenticationSecret('XJ6I4DZJ4AGARZT...')
#11 D:/Backend-game-topup/web/project/vendor/filament/filament/src/Auth/MultiFactor/App/Actions/SetUpAppAuthenticationAction.php(162): Filament/Auth/MultiFactor/App/AppAuthentication->saveSecret(Object(App/Models/User), 'XJ6I4DZJ4AGARZT...')
#12 D:/Backend-game-topup/web/project/vendor/laravel/framework/src/Illuminate/Database/Concerns/ManagesTransactions.php(35): Filament/Auth/MultiFactor/App/Actions/SetUpAppAuthenticationAction::{closure:{closure:Filament/Auth/MultiFactor/App/Actions/SetUpAppAuthenticationAction::make():149}:161}(Object(Illuminate/Database/MySqlConnection))
#13 D:/Backend-game-topup/web/project/vendor/laravel/framework/src/Illuminate/Database/DatabaseManager.php(491): Illuminate/Database/Connection->transaction(Object(Closure))
#14 D:/Backend-game-topup/web/project/vendor/laravel/framework/src/Illuminate/Support/Facades/Facade.php(363): Illuminate/Database/DatabaseManager->__call('transaction', Array)
#15 D:/Backend-game-topup/web/project/vendor/filament/filament/src/Auth/MultiFactor/App/Actions/SetUpAppAuthenticationAction.php(161): Illuminate/Support/Facades/Facade::__callStatic('transaction', Array)
#16 D:/Backend-game-topup/web/project/vendor/filament/support/src/Concerns/EvaluatesClosures.php(36): Filament/Auth/MultiFactor/App/Actions/SetUpAppAuthenticationAction::{closure:Filament/Auth/MultiFactor/App/Actions/SetUpAppAuthenticationAction::make():149}(Array)
#17 D:/Backend-game-topup/web/project/vendor/filament/actions/src/Action.php(545): Filament/Support/Components/Component->evaluate(Object(Closure), Array)
#18 D:/Backend-game-topup/web/project/vendor/filament/actions/src/Concerns/InteractsWithActions.php(257): Filament/Actions/Action->call(Array)
#19 D:/Backend-game-topup/web/project/vendor/laravel/framework/src/Illuminate/Container/BoundMethod.php(36): Filament/Pages/BasePage->callMountedAction(Array)
#20 D:/Backend-game-topup/web/project/vendor/laravel/framework/src/Illuminate/Container/Util.php(43): Illuminate/Container/BoundMethod::{closure:Illuminate/Container/BoundMethod::call():35}()
#21 D:/Backend-game-topup/web/project/vendor/laravel/framework/src/Illuminate/Container/BoundMethod.php(96): Illuminate/Container/Util::unwrapIfClosure(Object(Closure))
#22 D:/Backend-game-topup/web/project/vendor/laravel/framework/src/Illuminate/Container/BoundMethod.php(35): Illuminate/Container/BoundMethod::callBoundMethod(Object(Illuminate/Foundation/Application), Array, Object(Closure))
#23 D:/Backend-game-topup/web/project/vendor/livewire/livewire/src/Wrapped.php(23): Illuminate/Container/BoundMethod::call(Object(Illuminate/Foundation/Application), Array, Array)
#24 D:/Backend-game-topup/web/project/vendor/livewire/livewire/src/Mechanisms/HandleComponents/HandleComponents.php(492): Livewire/Wrapped->__call('callMountedActi...', Array)
#25 D:/Backend-game-topup/web/project/vendor/livewire/livewire/src/Mechanisms/HandleComponents/HandleComponents.php(101): Livewire/Mechanisms/HandleComponents/HandleComponents->callMethods(Object(Filament/Auth/Pages/EditProfile), Array, Object(Livewire/Mechanisms/HandleComponents/ComponentContext))
#26 D:/Backend-game-topup/web/project/vendor/livewire/livewire/src/LivewireManager.php(102): Livewire/Mechanisms/HandleComponents/HandleComponents->update(Array, Array, Array)
#27 D:/Backend-game-topup/web/project/vendor/livewire/livewire/src/Mechanisms/HandleRequests/HandleRequests.php(124): Livewire/LivewireManager->update(Array, Array, Array)
#28 D:/Backend-game-topup/web/project/vendor/laravel/framework/src/Illuminate/Routing/ControllerDispatcher.php(46): Livewire/Mechanisms/HandleRequests/HandleRequests->handleUpdate()
#29 D:/Backend-game-topup/web/project/vendor/laravel/framework/src/Illuminate/Routing/Route.php(265): Illuminate/Routing/ControllerDispatcher->dispatch(Object(Illuminate/Routing/Route), Object(Livewire/Mechanisms/HandleRequests/HandleRequests), 'handleUpdate')
#30 D:/Backend-game-topup/web/project/vendor/laravel/framework/src/Illuminate/Routing/Route.php(211): Illuminate/Routing/Route->runController()
#31 D:/Backend-game-topup/web/project/vendor/laravel/framework/src/Illuminate/Routing/Router.php(822): Illuminate/Routing/Route->run()
#32 D:/Backend-game-topup/web/project/vendor/laravel/framework/src/Illuminate/Pipeline/Pipeline.php(180): Illuminate/Routing/Router->{closure:Illuminate/Routing/Router::runRouteWithinStack():821}(Object(Illuminate/Http/Request))
#33 D:/Backend-game-topup/web/project/app/Http/Middleware/LanguageDetectMiddleware.php(24): Illuminate/Pipeline/Pipeline->{closure:Illuminate/Pipeline/Pipeline::prepareDestination():178}(Object(Illuminate/Http/Request))
#34 D:/Backend-game-topup/web/project/vendor/laravel/framework/src/Illuminate/Pipeline/Pipeline.php(219): App/Http/Middleware/LanguageDetectMiddleware->handle(Object(Illuminate/Http/Request), Object(Closure))
#35 D:/Backend-game-topup/web/project/app/Http/Middleware/TrackVisitors.php(33): Illuminate/Pipeline/Pipeline->{closure:{closure:Illuminate/Pipeline/Pipeline::carry():194}:195}(Object(Illuminate/Http/Request))
#36 D:/Backend-game-topup/web/project/vendor/laravel/framework/src/Illuminate/Pipeline/Pipeline.php(219): App/Http/Middleware/TrackVisitors->handle(Object(Illuminate/Http/Request), Object(Closure))
#37 D:/Backend-game-topup/web/project/app/Http/Middleware/AddExpirationDateToCookie.php(21): Illuminate/Pipeline/Pipeline->{closure:{closure:Illuminate/Pipeline/Pipeline::carry():194}:195}(Object(Illuminate/Http/Request))
#38 D:/Backend-game-topup/web/project/vendor/laravel/framework/src/Illuminate/Pipeline/Pipeline.php(219): App/Http/Middleware/AddExpirationDateToCookie->handle(Object(Illuminate/Http/Request), Object(Closure))
#39 D:/Backend-game-topup/web/project/vendor/laravel/framework/src/Illuminate/Routing/Middleware/SubstituteBindings.php(50): Illuminate/Pipeline/Pipeline->{closure:{closure:Illuminate/Pipeline/Pipeline::carry():194}:195}(Object(Illuminate/Http/Request))
#40 D:/Backend-game-topup/web/project/vendor/laravel/framework/src/Illuminate/Pipeline/Pipeline.php(219): Illuminate/Routing/Middleware/SubstituteBindings->handle(Object(Illuminate/Http/Request), Object(Closure))
#41 D:/Backend-game-topup/web/project/app/Http/Middleware/VerifyCsrfToken.php(31): Illuminate/Pipeline/Pipeline->{closure:{closure:Illuminate/Pipeline/Pipeline::carry():194}:195}(Object(Illuminate/Http/Request))
#42 D:/Backend-game-topup/web/project/vendor/laravel/framework/src/Illuminate/Pipeline/Pipeline.php(219): App/Http/Middleware/VerifyCsrfToken->handle(Object(Illuminate/Http/Request), Object(Closure))
#43 D:/Backend-game-topup/web/project/vendor/laravel/framework/src/Illuminate/View/Middleware/ShareErrorsFromSession.php(48): Illuminate/Pipeline/Pipeline->{closure:{closure:Illuminate/Pipeline/Pipeline::carry():194}:195}(Object(Illuminate/Http/Request))
#44 D:/Backend-game-topup/web/project/vendor/laravel/framework/src/Illuminate/Pipeline/Pipeline.php(219): Illuminate/View/Middleware/ShareErrorsFromSession->handle(Object(Illuminate/Http/Request), Object(Closure))
#45 D:/Backend-game-topup/web/project/vendor/laravel/framework/src/Illuminate/Session/Middleware/StartSession.php(120): Illuminate/Pipeline/Pipeline->{closure:{closure:Illuminate/Pipeline/Pipeline::carry():194}:195}(Object(Illuminate/Http/Request))
#46 D:/Backend-game-topup/web/project/vendor/laravel/framework/src/Illuminate/Session/Middleware/StartSession.php(63): Illuminate/Session/Middleware/StartSession->handleStatefulRequest(Object(Illuminate/Http/Request), Object(Illuminate/Session/EncryptedStore), Object(Closure))
#47 D:/Backend-game-topup/web/project/vendor/laravel/framework/src/Illuminate/Pipeline/Pipeline.php(219): Illuminate/Session/Middleware/StartSession->handle(Object(Illuminate/Http/Request), Object(Closure))
#48 D:/Backend-game-topup/web/project/vendor/laravel/framework/src/Illuminate/Cookie/Middleware/AddQueuedCookiesToResponse.php(36): Illuminate/Pipeline/Pipeline->{closure:{closure:Illuminate/Pipeline/Pipeline::carry():194}:195}(Object(Illuminate/Http/Request))
#49 D:/Backend-game-topup/web/project/vendor/laravel/framework/src/Illuminate/Pipeline/Pipeline.php(219): Illuminate/Cookie/Middleware/AddQueuedCookiesToResponse->handle(Object(Illuminate/Http/Request), Object(Closure))
#50 D:/Backend-game-topup/web/project/vendor/laravel/framework/src/Illuminate/Cookie/Middleware/EncryptCookies.php(74): Illuminate/Pipeline/Pipeline->{closure:{closure:Illuminate/Pipeline/Pipeline::carry():194}:195}(Object(Illuminate/Http/Request))
#51 D:/Backend-game-topup/web/project/vendor/laravel/framework/src/Illuminate/Pipeline/Pipeline.php(219): Illuminate/Cookie/Middleware/EncryptCookies->handle(Object(Illuminate/Http/Request), Object(Closure))
#52 D:/Backend-game-topup/web/project/vendor/laravel/framework/src/Illuminate/Pipeline/Pipeline.php(137): Illuminate/Pipeline/Pipeline->{closure:{closure:Illuminate/Pipeline/Pipeline::carry():194}:195}(Object(Illuminate/Http/Request))
#53 D:/Backend-game-topup/web/project/vendor/laravel/framework/src/Illuminate/Routing/Router.php(821): Illuminate/Pipeline/Pipeline->then(Object(Closure))
#54 D:/Backend-game-topup/web/project/vendor/laravel/framework/src/Illuminate/Routing/Router.php(800): Illuminate/Routing/Router->runRouteWithinStack(Object(Illuminate/Routing/Route), Object(Illuminate/Http/Request))
#55 D:/Backend-game-topup/web/project/vendor/laravel/framework/src/Illuminate/Routing/Router.php(764): Illuminate/Routing/Router->runRoute(Object(Illuminate/Http/Request), Object(Illuminate/Routing/Route))
#56 D:/Backend-game-topup/web/project/vendor/laravel/framework/src/Illuminate/Routing/Router.php(753): Illuminate/Routing/Router->dispatchToRoute(Object(Illuminate/Http/Request))
#57 D:/Backend-game-topup/web/project/vendor/laravel/framework/src/Illuminate/Foundation/Http/Kernel.php(200): Illuminate/Routing/Router->dispatch(Object(Illuminate/Http/Request))
#58 D:/Backend-game-topup/web/project/vendor/laravel/framework/src/Illuminate/Pipeline/Pipeline.php(180): Illuminate/Foundation/Http/Kernel->{closure:Illuminate/Foundation/Http/Kernel::dispatchToRouter():197}(Object(Illuminate/Http/Request))
#59 D:/Backend-game-topup/web/project/vendor/livewire/livewire/src/Features/SupportDisablingBackButtonCache/DisableBackButtonCacheMiddleware.php(19): Illuminate/Pipeline/Pipeline->{closure:Illuminate/Pipeline/Pipeline::prepareDestination():178}(Object(Illuminate/Http/Request))
#60 D:/Backend-game-topup/web/project/vendor/laravel/framework/src/Illuminate/Pipeline/Pipeline.php(219): Livewire/Features/SupportDisablingBackButtonCache/DisableBackButtonCacheMiddleware->handle(Object(Illuminate/Http/Request), Object(Closure))
#61 D:/Backend-game-topup/web/project/vendor/laravel/framework/src/Illuminate/Foundation/Http/Middleware/ConvertEmptyStringsToNull.php(27): Illuminate/Pipeline/Pipeline->{closure:{closure:Illuminate/Pipeline/Pipeline::carry():194}:195}(Object(Illuminate/Http/Request))
#62 D:/Backend-game-topup/web/project/vendor/laravel/framework/src/Illuminate/Pipeline/Pipeline.php(219): Illuminate/Foundation/Http/Middleware/ConvertEmptyStringsToNull->handle(Object(Illuminate/Http/Request), Object(Closure))
#63 D:/Backend-game-topup/web/project/vendor/laravel/framework/src/Illuminate/Foundation/Http/Middleware/TrimStrings.php(47): Illuminate/Pipeline/Pipeline->{closure:{closure:Illuminate/Pipeline/Pipeline::carry():194}:195}(Object(Illuminate/Http/Request))
#64 D:/Backend-game-topup/web/project/vendor/laravel/framework/src/Illuminate/Pipeline/Pipeline.php(219): Illuminate/Foundation/Http/Middleware/TrimStrings->handle(Object(Illuminate/Http/Request), Object(Closure))
#65 D:/Backend-game-topup/web/project/vendor/laravel/framework/src/Illuminate/Http/Middleware/ValidatePostSize.php(27): Illuminate/Pipeline/Pipeline->{closure:{closure:Illuminate/Pipeline/Pipeline::carry():194}:195}(Object(Illuminate/Http/Request))
#66 D:/Backend-game-topup/web/project/vendor/laravel/framework/src/Illuminate/Pipeline/Pipeline.php(219): Illuminate/Http/Middleware/ValidatePostSize->handle(Object(Illuminate/Http/Request), Object(Closure))
#67 D:/Backend-game-topup/web/project/vendor/laravel/framework/src/Illuminate/Foundation/Http/Middleware/PreventRequestsDuringMaintenance.php(109): Illuminate/Pipeline/Pipeline->{closure:{closure:Illuminate/Pipeline/Pipeline::carry():194}:195}(Object(Illuminate/Http/Request))
#68 D:/Backend-game-topup/web/project/vendor/laravel/framework/src/Illuminate/Pipeline/Pipeline.php(219): Illuminate/Foundation/Http/Middleware/PreventRequestsDuringMaintenance->handle(Object(Illuminate/Http/Request), Object(Closure))
#69 D:/Backend-game-topup/web/project/vendor/laravel/framework/src/Illuminate/Http/Middleware/HandleCors.php(61): Illuminate/Pipeline/Pipeline->{closure:{closure:Illuminate/Pipeline/Pipeline::carry():194}:195}(Object(Illuminate/Http/Request))
#70 D:/Backend-game-topup/web/project/vendor/laravel/framework/src/Illuminate/Pipeline/Pipeline.php(219): Illuminate/Http/Middleware/HandleCors->handle(Object(Illuminate/Http/Request), Object(Closure))
#71 D:/Backend-game-topup/web/project/vendor/laravel/framework/src/Illuminate/Http/Middleware/TrustProxies.php(58): Illuminate/Pipeline/Pipeline->{closure:{closure:Illuminate/Pipeline/Pipeline::carry():194}:195}(Object(Illuminate/Http/Request))
#72 D:/Backend-game-topup/web/project/vendor/laravel/framework/src/Illuminate/Pipeline/Pipeline.php(219): Illuminate/Http/Middleware/TrustProxies->handle(Object(Illuminate/Http/Request), Object(Closure))
#73 D:/Backend-game-topup/web/project/vendor/laravel/framework/src/Illuminate/Http/Middleware/TrustHosts.php(78): Illuminate/Pipeline/Pipeline->{closure:{closure:Illuminate/Pipeline/Pipeline::carry():194}:195}(Object(Illuminate/Http/Request))
#74 D:/Backend-game-topup/web/project/vendor/laravel/framework/src/Illuminate/Pipeline/Pipeline.php(219): Illuminate/Http/Middleware/TrustHosts->handle(Object(Illuminate/Http/Request), Object(Closure))
#75 D:/Backend-game-topup/web/project/vendor/laravel/framework/src/Illuminate/Pipeline/Pipeline.php(137): Illuminate/Pipeline/Pipeline->{closure:{closure:Illuminate/Pipeline/Pipeline::carry():194}:195}(Object(Illuminate/Http/Request))
#76 D:/Backend-game-topup/web/project/vendor/laravel/framework/src/Illuminate/Foundation/Http/Kernel.php(175): Illuminate/Pipeline/Pipeline->then(Object(Closure))
#77 D:/Backend-game-topup/web/project/vendor/laravel/framework/src/Illuminate/Foundation/Http/Kernel.php(144): Illuminate/Foundation/Http/Kernel->sendRequestThroughRouter(Object(Illuminate/Http/Request))
#78 D:/Backend-game-topup/web/project/public/index.php(51): Illuminate/Foundation/Http/Kernel->handle(Object(Illuminate/Http/Request))
#79 D:/Backend-game-topup/web/project/server.php(21): require_once('D://Backend-game...')
#80 {main}
"} 
